cell_id,hazard_score_proxy_v07,rank_proxy_v07_hazard_score,hazard_score_umep_veg_v08,rank_umep_veg_v08_hazard_score,rank_change_proxy_minus_umep
TP_0581,0.7072333393399866,20.0,0.5125007770161768,298.0,-278.0
TP_0448,0.6849354000431287,42.0,0.47663378657977,363.0,-321.0
TP_0726,0.6703133608798808,56.0,0.5158370375221303,294.0,-238.0
TP_0633,0.6562540003436025,71.0,0.3188105831434559,596.0,-525.0
TP_0030,0.667086127527749,59.0,0.6999326886780332,33.0,26.0
TP_0662,0.6604122269634284,66.0,0.6218035356974613,147.0,-81.0
TP_0410,0.6566559360608307,70.0,0.3325371980135747,572.0,-502.0
TP_0923,0.6491295858044722,81.0,0.7132669931111668,17.0,64.0
TP_0827,0.642261713682263,92.0,0.2338636714910443,722.0,-630.0
TP_0849,0.6434013889860405,88.0,0.7208228685872438,8.0,80.0
TP_0353,0.6305929210945334,110.0,0.3415162750940941,562.0,-452.0
TP_0732,0.6329736576022619,107.0,0.5828930579430133,203.0,-96.0
TP_0468,0.6296388889072683,112.0,0.1858128411091034,792.0,-680.0
TP_0778,0.6247736047720939,118.0,0.3986662421584589,477.0,-359.0
TP_0638,0.6393890129846036,97.0,0.715620184359219,14.0,83.0
TP_0088,0.7347481119820316,1.0,0.7471534438014392,1.0,0.0
TP_0454,0.6167361511152959,134.0,0.3945186499135936,481.0,-347.0
TP_0171,0.7310598280843189,2.0,0.7042330656991791,26.0,-24.0
TP_0575,0.7304931302204867,3.0,0.7113938494899958,20.0,-17.0
TP_0986,0.6413642334388382,94.0,0.7183850444334857,10.0,84.0
TP_0820,0.6270738267728632,116.0,0.7126581961056525,19.0,97.0
TP_0693,0.6226784665381322,122.0,0.4351871813675976,415.0,-293.0
TP_0796,0.6202905693555946,128.0,0.5270168135682649,278.0,-150.0
TP_0144,0.7288794602415766,4.0,0.6849351007056598,54.0,-50.0
TP_0257,0.623042164307208,121.0,0.1786110205400015,805.0,-684.0
TP_0460,0.7271411774432955,5.0,0.7168590116224683,11.0,-6.0
TP_0588,0.7241746097065888,6.0,0.569833490758376,221.0,-215.0
TP_0577,0.6153081196024212,137.0,0.6853271172052787,52.0,85.0
TP_0439,0.6389982718630942,100.0,0.144560452380883,850.0,-750.0
TP_0985,0.6426213095559533,91.0,0.7204764652845331,9.0,82.0
TP_0348,0.6071411845459962,151.0,0.599026243025491,179.0,-28.0
TP_0574,0.717533999912525,8.0,0.6472860684544969,114.0,-106.0
TP_0922,0.623313988259607,120.0,0.6125299059510937,161.0,-41.0
TP_0589,0.7159464082296952,10.0,0.575372908782291,211.0,-201.0
TP_0586,0.7172123313973059,9.0,0.4964551340693293,329.0,-320.0
TP_0143,0.7195890811492236,7.0,0.5879911693688121,195.0,-188.0
TP_0389,0.603473838070695,156.0,0.5855261195512471,198.0,-42.0
TP_0953,0.6044549029506565,154.0,0.5283057124115652,277.0,-123.0
TP_0606,0.6105007468924584,144.0,0.6845945076127764,55.0,89.0
TP_0489,0.7145046039209324,11.0,0.6473871286000328,113.0,-102.0
TP_0876,0.6079773013570423,150.0,0.7129364355248445,18.0,132.0
TP_0001,0.6094931435097777,145.0,0.6177714595787427,156.0,-11.0
TP_0172,0.712202059244456,13.0,0.5018273874541812,318.0,-305.0
TP_0567,0.7073492393933094,19.0,0.4438418519004889,404.0,-385.0
TP_0200,0.7129246473395433,12.0,0.6749021275007864,71.0,-59.0
TP_0784,0.6207316239731813,126.0,0.2767448299445401,669.0,-543.0
TP_0608,0.5977090378001523,159.0,0.4905792606720444,341.0,-182.0
TP_0170,0.7084089300891955,17.0,0.393515652987204,482.0,-465.0
TP_0169,0.7093008316165258,16.0,0.4880050963984311,344.0,-328.0
TP_0590,0.7040176542876533,22.0,0.5437320615708523,253.0,-231.0
TP_0229,0.7102903973505706,15.0,0.6379429816552692,127.0,-112.0
TP_0665,0.6045417113944042,153.0,0.4086435799886314,456.0,-303.0
TP_0120,0.7032919187320994,23.0,0.698931484135732,34.0,-11.0
TP_0011,0.5901468836357739,173.0,0.6947913640703177,41.0,132.0
TP_0879,0.6221075562546372,124.0,0.693324270137611,43.0,81.0
TP_0585,0.7020720183548338,25.0,0.4893646435868521,342.0,-317.0
TP_0142,0.7103052402865861,14.0,0.6516140127314018,107.0,-93.0
TP_0591,0.6989660091971959,27.0,0.4186723529515537,447.0,-420.0
TP_0419,0.5855429893592038,180.0,0.5926678624459764,189.0,-9.0
TP_0566,0.6999782228295007,26.0,0.504003174288232,314.0,-288.0
TP_0480,0.5872219991545499,176.0,0.3390565474707961,564.0,-388.0
TP_0449,0.5784543931642576,194.0,0.4380140501260393,411.0,-217.0
TP_0476,0.5959346100933067,162.0,0.1926953966620805,785.0,-623.0
TP_0124,0.6933272340318996,33.0,0.2538403728347568,700.0,-667.0
TP_0089,0.7077222738057694,18.0,0.7237155569558886,6.0,12.0
TP_0924,0.5831124343293949,184.0,0.6089794215423507,166.0,18.0
TP_0431,0.702099579089354,24.0,0.6220268772257331,146.0,-122.0
TP_0394,0.6192002413980788,130.0,0.5692124724879836,222.0,-92.0
TP_0877,0.5891139097810999,175.0,0.6388128274401024,125.0,50.0
TP_0592,0.6926169294075316,34.0,0.4817746516926771,361.0,-327.0
TP_0388,0.5934481116069594,167.0,0.5349536394112713,265.0,-98.0
TP_0146,0.6064898829525828,152.0,0.1622564595962221,822.0,-670.0
TP_0903,0.5767901452309899,197.0,0.6545398988677632,100.0,97.0
TP_0984,0.6134356631949205,139.0,0.7162028418269001,12.0,127.0
TP_0846,0.5706590250787292,204.0,0.6315183425419187,135.0,69.0
TP_0587,0.6962314686555334,29.0,0.4281517393644353,427.0,-398.0
TP_0117,0.7040981561656056,21.0,0.6609066098789357,93.0,-72.0
TP_0568,0.6863601593277749,40.0,0.5179228791327937,291.0,-251.0
TP_0734,0.685235062312792,41.0,0.3178208729670365,599.0,-558.0
TP_0255,0.5967176848620404,161.0,0.1844714517407775,797.0,-636.0
TP_0632,0.6875179642439305,37.0,0.4939942363710392,335.0,-298.0
TP_0604,0.6945869133892829,32.0,0.4870999548117888,346.0,-314.0
TP_0396,0.563242707132977,215.0,0.3493914233066187,544.0,-329.0
TP_0664,0.5976363954301234,160.0,0.4201175271128141,442.0,-282.0
TP_0576,0.6873816110845642,38.0,0.5490139005580777,246.0,-208.0
TP_0237,0.5788851537447888,193.0,0.5518296476494144,243.0,-50.0
TP_0977,0.6844238758865228,43.0,0.4566530619254192,388.0,-345.0
TP_0573,0.6947657872170274,31.0,0.5729077703103184,218.0,-187.0
TP_0571,0.6872768086833625,39.0,0.6000420674331508,177.0,-138.0
TP_0414,0.5617400356801487,218.0,0.3166379653256063,600.0,-382.0
TP_0755,0.5987600312773256,158.0,0.5049968484514978,312.0,-154.0
TP_0182,0.6756617485879648,52.0,0.3427353899217581,561.0,-509.0
TP_0760,0.5806736618918481,189.0,0.7019943544850712,29.0,160.0
TP_0138,0.6961088891780558,30.0,0.5612169092694304,228.0,-198.0
TP_0258,0.691785198902784,35.0,0.652329158903589,106.0,-71.0
TP_0385,0.5823514401509879,187.0,0.4124032354775718,453.0,-266.0
TP_0270,0.5542875274777713,232.0,0.1730491638474014,812.0,-580.0
TP_0116,0.6882934254283746,36.0,0.7331545729845858,2.0,34.0
TP_0766,0.6696569032290369,57.0,0.697917230041795,38.0,19.0
TP_0611,0.6806003401750607,47.0,0.6197315265419496,150.0,-103.0
TP_0163,0.5631835715604155,216.0,0.4318928324647358,420.0,-204.0
TP_0047,0.5548168130550782,230.0,0.2789351231896183,660.0,-430.0
TP_0635,0.5767027999437999,198.0,0.5065402934114037,308.0,-110.0
TP_0908,0.5613440295941903,219.0,0.5515814345413618,244.0,-25.0
TP_0283,0.5827411159023533,186.0,0.3497818113061002,542.0,-356.0
TP_0411,0.6797485636593076,49.0,0.3782767649914161,509.0,-460.0
TP_0655,0.5517434561644229,238.0,0.641504515386005,120.0,118.0
TP_0119,0.6773382106085655,51.0,0.5537263783884823,242.0,-191.0
TP_0856,0.5702694941793118,205.0,0.1655344597999171,818.0,-613.0
TP_0607,0.6788330408259546,50.0,0.6697518301776544,75.0,-25.0
TP_0473,0.6634535217820233,63.0,0.6482483710621957,111.0,-48.0
TP_0137,0.6800106809470153,48.0,0.5985025168735675,180.0,-132.0
TP_0667,0.5907834494211928,171.0,0.4969818908742115,327.0,-156.0
TP_0570,0.6723200500105215,54.0,0.5898571703910936,192.0,-138.0
TP_0819,0.5738330717717728,200.0,0.6867759455104174,47.0,153.0
TP_0253,0.57589868360528,199.0,0.2793583612440119,657.0,-458.0
TP_0572,0.6829486397782262,44.0,0.7024892878445922,28.0,16.0
TP_0538,0.6611480092160725,65.0,0.3033042691416414,618.0,-553.0
TP_0188,0.6653592336360745,61.0,0.3440607463206234,555.0,-494.0
TP_0982,0.5769563381731336,196.0,0.6649205578759015,85.0,111.0
TP_0902,0.5802150085519832,190.0,0.701876905005116,31.0,159.0
TP_0873,0.5480121959710286,242.0,0.5944053033130874,186.0,56.0
TP_0698,0.6524352028900244,77.0,0.61787261304985,155.0,-78.0
TP_0788,0.5473026495439137,245.0,0.679657570529504,63.0,182.0
TP_0104,0.5677402258409598,208.0,0.5897459850668642,193.0,15.0
TP_0758,0.5460683631541217,247.0,0.6757024831740089,68.0,179.0
TP_0546,0.6682388341633051,58.0,0.4759227931735604,364.0,-306.0
TP_0661,0.6718126350250035,55.0,0.5617785704268575,226.0,-171.0
TP_0060,0.6818007936075441,45.0,0.729530918584117,5.0,40.0
TP_0423,0.5610262219458605,220.0,0.2047207371433225,762.0,-542.0
TP_0850,0.5790967478818466,191.0,0.6888874165032199,45.0,146.0
TP_0794,0.6487114153557663,82.0,0.6768673853493639,66.0,16.0
TP_0232,0.5457194295164196,249.0,0.3522344097089397,539.0,-290.0
TP_0847,0.5500245304458277,240.0,0.7018966039421165,30.0,210.0
TP_0596,0.654625257625175,74.0,0.3239402294884623,587.0,-513.0
TP_0121,0.6581481614665065,68.0,0.5068582645528583,306.0,-238.0
TP_0345,0.5294368030180993,267.0,0.4838019954113812,354.0,-87.0
TP_0848,0.5685618450217426,207.0,0.7039758316020766,27.0,180.0
TP_0382,0.5514153899954612,239.0,0.3786345224884961,508.0,-269.0
TP_0605,0.5583983530485568,226.0,0.6531004452589938,104.0,122.0
TP_0948,0.6544345698226519,75.0,0.4199026938265846,443.0,-368.0
TP_0927,0.6437415310328392,87.0,0.6224462835203103,145.0,-58.0
TP_0957,0.5330826223441144,262.0,0.6202592670973895,148.0,114.0
TP_0059,0.6817793990827493,46.0,0.730192107045208,4.0,42.0
TP_0125,0.6476308686897198,83.0,0.1858190060833946,791.0,-708.0
TP_0327,0.5387972798068518,254.0,0.3088860492181953,610.0,-356.0
TP_0246,0.658099321884517,69.0,0.5052529541459717,311.0,-242.0
TP_0931,0.5565374436272847,229.0,0.6691986244436822,77.0,152.0
TP_0316,0.5203692785537042,281.0,0.4415908010917247,406.0,-125.0
TP_0610,0.6985149980375535,28.0,0.731807059007626,3.0,25.0
TP_0452,0.5461355417730459,246.0,0.682810042237929,59.0,187.0
TP_0379,0.5534209016763352,236.0,0.2145994198365068,746.0,-510.0
TP_0813,0.6664445495419943,60.0,0.4126324165054064,452.0,-392.0
TP_0569,0.6495108079629289,80.0,0.602504399474718,173.0,-93.0
TP_0123,0.6391874722717416,99.0,0.224880753252291,734.0,-635.0
TP_0002,0.5535301371306369,235.0,0.3496284628567234,543.0,-308.0
TP_0192,0.5290155216873003,269.0,0.4092974157308038,455.0,-186.0
TP_0565,0.6644196424879175,62.0,0.7156407219594539,13.0,49.0
TP_0106,0.6471170541742777,84.0,0.593107275876758,188.0,-104.0
TP_0114,0.6591521427272339,67.0,0.2871627466765114,640.0,-573.0
TP_0027,0.5223412395643547,277.0,0.7153817467720393,15.0,262.0
TP_0003,0.6547548312410219,73.0,0.7145702205039032,16.0,57.0
TP_0909,0.6433701498579654,89.0,0.2776603486263637,667.0,-578.0
TP_0509,0.6401536283246789,96.0,0.3092036235343892,609.0,-513.0
TP_0145,0.649798075001268,79.0,0.6698702350024501,74.0,5.0
TP_0391,0.5183213770357418,287.0,0.3810943997208762,504.0,-217.0
TP_0012,0.5277137859537674,271.0,0.7104770564056284,21.0,250.0
TP_0034,0.5113190339078737,298.0,0.5925337040643067,190.0,108.0
TP_0880,0.6520086756075805,78.0,0.2778315402049696,665.0,-587.0
TP_0373,0.6246105987922191,119.0,0.6729407610450938,73.0,46.0
TP_0168,0.6528182359180377,76.0,0.6396425144046465,123.0,-47.0
TP_0139,0.6742645917187237,53.0,0.4976884250652358,324.0,-271.0
TP_0882,0.6418534638397214,93.0,0.2194378997348941,741.0,-648.0
TP_0617,0.643004154727934,90.0,0.2728661270156579,670.0,-580.0
TP_0731,0.518534996343873,286.0,0.4941332318774375,334.0,-48.0
TP_0282,0.6381619578591627,101.0,0.4606976253892663,380.0,-279.0
TP_0363,0.5037654922458608,318.0,0.3018571791757716,620.0,-302.0
TP_0878,0.5529165878016402,237.0,0.6860451337393648,50.0,187.0
TP_0225,0.5457605271289345,248.0,0.2837092710025972,649.0,-401.0
TP_0952,0.6393025123945315,98.0,0.6089199606538771,167.0,-69.0
TP_0532,0.5155900368066227,293.0,0.4243239947292982,434.0,-141.0
TP_0753,0.5367122698638737,255.0,0.633687306739613,131.0,124.0
TP_0378,0.6467952391720638,85.0,0.6856716245342569,51.0,34.0
TP_0696,0.5598195895832108,223.0,0.6458432281553574,117.0,106.0
TP_0280,0.6204393241942542,127.0,0.46186716770584,379.0,-252.0
TP_0603,0.6297302358753859,111.0,0.2975667793161007,623.0,-512.0
TP_0466,0.5182381444361235,288.0,0.2967788887610047,626.0,-338.0
TP_0140,0.5931623614534203,168.0,0.1232388383585144,881.0,-713.0
TP_0637,0.5491581935665777,241.0,0.6835043426185201,56.0,185.0
TP_0103,0.5357434984475663,259.0,0.5635616493459923,224.0,35.0
TP_0983,0.5598690138986602,222.0,0.7047586357461876,24.0,198.0
TP_0374,0.5057136677274238,309.0,0.4860612781906887,351.0,-42.0
TP_0709,0.5177513375473674,289.0,0.6063930831637139,171.0,118.0
TP_0708,0.6345995300799471,102.0,0.6396449673731498,122.0,-20.0
TP_0450,0.6290693292667332,114.0,0.4560039441528357,389.0,-275.0
TP_0402,0.6317126751222485,109.0,0.3454759254067863,553.0,-444.0
TP_0424,0.5294159948484574,268.0,0.2792036728904697,659.0,-391.0
TP_0653,0.509102632621816,301.0,0.6093296802974899,165.0,136.0
TP_0907,0.5364838682366624,256.0,0.5152572702324398,296.0,-40.0
TP_0808,0.632581700774492,108.0,0.2302839301789773,729.0,-621.0
TP_0930,0.6467637844431063,86.0,0.5814699794249794,204.0,-118.0
TP_0471,0.5078601626509913,304.0,0.5376920344052826,261.0,43.0
TP_0663,0.5477747402205028,243.0,0.467504894158304,372.0,-129.0
TP_0032,0.6339750665860486,103.0,0.4447605307526791,403.0,-300.0
TP_0393,0.6217396867686549,125.0,0.3038647173209872,616.0,-491.0
TP_0564,0.6127704865435277,142.0,0.7211238662880441,7.0,135.0
TP_0724,0.531706267450984,265.0,0.5749036806338536,212.0,53.0
TP_0851,0.633212069857275,106.0,0.2232561952236611,737.0,-631.0
TP_0189,0.6030382222305767,157.0,0.5084279041454585,302.0,-145.0
TP_0311,0.4808305404715968,354.0,0.4194685469394422,444.0,-90.0
TP_0226,0.5164642008207788,291.0,0.5172821794936574,292.0,-1.0
TP_0078,0.5186883210582173,284.0,0.6502476380455128,110.0,174.0
TP_0725,0.5433531314912903,250.0,0.5432768432277586,255.0,-5.0
TP_0761,0.5232013577237465,276.0,0.6273149101642929,141.0,135.0
TP_0335,0.5056321437641877,311.0,0.4035052455902355,467.0,-156.0
TP_0612,0.611800010584936,143.0,0.4926834438458067,339.0,-196.0
TP_0036,0.4894582130866808,343.0,0.6655851827784549,82.0,261.0
TP_0599,0.5033549246894089,319.0,0.2698180447986998,676.0,-357.0
TP_0951,0.6222390957202188,123.0,0.6328404915780955,132.0,-9.0
TP_0010,0.4992728777018564,329.0,0.4234321363999808,435.0,-106.0
TP_0901,0.6337055788526477,105.0,0.4143698130730395,451.0,-346.0
TP_0955,0.5207880734545491,280.0,0.6929690333131605,44.0,236.0
TP_0453,0.5063536380984287,308.0,0.284457608065982,647.0,-339.0
TP_0883,0.6337610616886177,104.0,0.4933966466545578,336.0,-232.0
TP_0113,0.6193431332887326,129.0,0.2152906738403059,745.0,-616.0
TP_0118,0.6560647637641873,72.0,0.2958895226292043,630.0,-558.0
TP_0925,0.6170408495756017,133.0,0.6647694995157651,87.0,46.0
TP_0107,0.6171663077287998,132.0,0.4976789483150137,325.0,-193.0
TP_0609,0.4727270896494104,367.0,0.1109138206099917,896.0,-529.0
TP_0799,0.50265855218862,320.0,0.2727659224393799,671.0,-351.0
TP_0228,0.6132605403531847,140.0,0.1454745174713013,847.0,-707.0
TP_0517,0.6293753193741713,113.0,0.4797985397767993,362.0,-249.0
TP_0692,0.5175525615773084,290.0,0.3827348908701818,501.0,-211.0
TP_0628,0.4868753823361366,347.0,0.3300598781712758,575.0,-228.0
TP_0874,0.4751764700627798,364.0,0.2959460549087403,628.0,-264.0
TP_0324,0.4984807844555525,330.0,0.295904938615517,629.0,-299.0
TP_0275,0.5002475733234637,326.0,0.3584691817620614,526.0,-200.0
TP_0317,0.5019598354085022,323.0,0.5325804997333703,269.0,54.0
TP_0455,0.4732826648028891,366.0,0.3062168593972826,612.0,-246.0
TP_0409,0.6630677282396774,64.0,0.2074105444906316,757.0,-693.0
TP_0593,0.6149676204378233,138.0,0.5423635499920666,256.0,-118.0
TP_0387,0.5837493031169174,183.0,0.4720328411415243,368.0,-185.0
TP_0976,0.5955023194186968,164.0,0.398334064966362,479.0,-315.0
TP_0868,0.5012391641617151,325.0,0.2201283251582326,740.0,-415.0
TP_0360,0.4792051786590413,358.0,0.3435713651618772,556.0,-198.0
TP_0950,0.616483926778673,136.0,0.3323586246564809,573.0,-437.0
TP_0418,0.5195872329172101,283.0,0.5601888775658402,232.0,51.0
TP_0110,0.5283100594904819,270.0,0.1014408543762604,909.0,-639.0
TP_0477,0.5024543019821551,321.0,0.414856118258238,450.0,-129.0
TP_0737,0.5789877918319951,192.0,0.6346633989778879,129.0,63.0
TP_0754,0.5052584454581868,313.0,0.6011382194845541,176.0,137.0
TP_0122,0.5848465560403816,181.0,0.2374762239880476,717.0,-536.0
TP_0949,0.6041036576819928,155.0,0.2055026295394575,760.0,-605.0
TP_0956,0.4928630247602092,340.0,0.6548757237390639,99.0,241.0
TP_0689,0.6086816127063182,147.0,0.5382807991689302,259.0,-112.0
TP_0272,0.4812556097666496,352.0,0.3899818397732885,494.0,-142.0
TP_0854,0.521877380826756,278.0,0.3907866779487504,493.0,-215.0
TP_0690,0.6409451659858282,95.0,0.485976383842043,352.0,-257.0
TP_0470,0.4886168495426234,345.0,0.3274200215391113,578.0,-233.0
TP_0292,0.520932473500133,279.0,0.2817089640952499,652.0,-373.0
TP_0344,0.5691274016722967,206.0,0.6604017180542141,95.0,111.0
TP_0294,0.6129551766081303,141.0,0.576801017100146,208.0,-67.0
TP_0075,0.5130587143451807,295.0,0.5106254962311106,300.0,-5.0
TP_0792,0.478686015414628,361.0,0.2611239633174184,686.0,-325.0
TP_0697,0.6165085236432868,135.0,0.5838036547854666,200.0,-65.0
TP_0636,0.5091394266560147,300.0,0.6000142632925849,178.0,122.0
TP_0695,0.5202965301047954,282.0,0.5079322211518817,304.0,-22.0
TP_0291,0.6085219062987051,148.0,0.4379136467846243,412.0,-264.0
TP_0872,0.5949032822635354,165.0,0.4244124298485582,433.0,-268.0
TP_0247,0.5728657206499728,201.0,0.6138692337172372,160.0,41.0
TP_0403,0.4666088102505598,380.0,0.323922531846721,588.0,-208.0
TP_0822,0.6093919607224939,146.0,0.6242940886396706,144.0,2.0
TP_0284,0.6081579226879766,149.0,0.4944366655691771,333.0,-184.0
TP_0474,0.4586494361075473,394.0,0.4067875128274014,460.0,-66.0
TP_0821,0.4964567381975753,334.0,0.4285975965499601,426.0,-92.0
TP_0087,0.4971491581243629,332.0,0.6189004170074257,152.0,180.0
TP_0071,0.4588937343952015,393.0,0.3097838314153797,608.0,-215.0
TP_0752,0.4791258104411588,359.0,0.6648442323089604,86.0,273.0
TP_0552,0.499480740631681,328.0,0.3185003972313788,597.0,-269.0
TP_0073,0.4977209031118215,331.0,0.2865427103552778,642.0,-311.0
TP_0287,0.5901824896132468,172.0,0.5420201247698337,257.0,-85.0
TP_0355,0.4620758522278331,388.0,0.387332754830591,496.0,-108.0
TP_0838,0.5861169960662894,178.0,0.4228795418307761,436.0,-258.0
TP_0861,0.5860051775547824,179.0,0.5152765840360742,295.0,-116.0
TP_0691,0.5024457497189609,322.0,0.4461109612402066,400.0,-78.0
TP_0654,0.4584784290053547,395.0,0.5606688882014326,230.0,165.0
TP_0980,0.4717528290193681,368.0,0.4837045187384813,355.0,13.0
TP_0132,0.6283035893249314,115.0,0.2034456492608959,766.0,-651.0
TP_0787,0.59142396306853,170.0,0.6987412945333553,36.0,134.0
TP_0707,0.4941929670138192,338.0,0.5663920457139495,223.0,115.0
TP_0718,0.5939200756693881,166.0,0.4062686048606657,462.0,-296.0
TP_0890,0.563865576110223,212.0,0.3493759753163395,545.0,-333.0
TP_0274,0.589631777190826,174.0,0.6456638909892802,118.0,56.0
TP_0954,0.5064365118164427,307.0,0.6862766989958594,49.0,258.0
TP_0126,0.5722081048857313,203.0,0.1825357424219016,801.0,-598.0
TP_0111,0.524161568181017,274.0,0.1032408175818306,905.0,-631.0
TP_0356,0.6180867639834096,131.0,0.458964977522131,385.0,-254.0
TP_0666,0.4899081703528646,342.0,0.4682676529012273,371.0,-29.0
TP_0842,0.591762689659616,169.0,0.5263168691538458,281.0,-112.0
TP_0681,0.4662173348924343,381.0,0.4841349182201673,353.0,28.0
TP_0475,0.4511057037340262,409.0,0.3475968887830888,548.0,-139.0
TP_0386,0.5086668730559958,302.0,0.3815691009794139,503.0,-201.0
TP_0656,0.4415685562332296,420.0,0.5560619675039176,237.0,183.0
TP_0069,0.4562548159609588,403.0,0.3363445299464772,568.0,-165.0
TP_0134,0.5577333528130702,227.0,0.1887752201099111,788.0,-561.0
TP_0727,0.543169744436682,251.0,0.697932168222808,37.0,214.0
TP_0929,0.4862320316647063,349.0,0.2334987115800647,723.0,-374.0
TP_0634,0.4861152004783757,350.0,0.2858407055729065,644.0,-294.0
TP_0031,0.5868312791538975,177.0,0.6614663724794045,91.0,86.0
TP_0894,0.4688936489185964,376.0,0.5608422352108823,229.0,147.0
TP_0077,0.4639131697834979,384.0,0.5832717895784276,202.0,182.0
TP_0701,0.4264267503844133,450.0,0.3213395596174575,593.0,-143.0
TP_0217,0.5360982606194364,257.0,0.3257347303961075,583.0,-326.0
TP_0960,0.5812261693164531,188.0,0.6607563468507834,94.0,94.0
TP_0108,0.475810881004914,363.0,0.4571744082011169,387.0,-24.0
TP_0354,0.4421223333524798,418.0,0.2792253055893128,658.0,-240.0
TP_0365,0.4578921128106238,399.0,0.3561654074323055,532.0,-133.0
TP_0084,0.4251389663240899,454.0,0.2512405176783748,703.0,-249.0
TP_0881,0.5309897123030135,266.0,0.1450565070632505,849.0,-583.0
TP_0456,0.4286189912821848,442.0,0.2574545977151849,694.0,-252.0
TP_0495,0.462273141554897,387.0,0.3269624837035701,579.0,-192.0
TP_0115,0.6266460890641541,117.0,0.5319915426716565,272.0,-155.0
TP_0198,0.5536031601267931,234.0,0.1730707750900645,811.0,-577.0
TP_0798,0.4385307008127748,424.0,0.3624106476782007,522.0,-98.0
TP_0035,0.5423653728177532,252.0,0.4930233765306413,338.0,-86.0
TP_0319,0.4572247832469259,401.0,0.324705652362782,586.0,-185.0
TP_0763,0.4284664740103466,443.0,0.1299775307890084,871.0,-428.0
TP_0789,0.4433565818849044,416.0,0.3690157064545721,517.0,-101.0
TP_0320,0.5609804905118603,221.0,0.2590339274807724,690.0,-469.0
TP_0775,0.5632515852230757,214.0,0.5946379360227767,185.0,29.0
TP_0265,0.5351404619342476,260.0,0.6263783986733961,142.0,118.0
TP_0793,0.5319540072895679,264.0,0.5122164566564988,299.0,-35.0
TP_0884,0.5577279820687421,228.0,0.4007357209993225,472.0,-244.0
TP_0271,0.4237774698355274,459.0,0.25758186088702,693.0,-234.0
TP_0488,0.5662563794756713,209.0,0.638800696714347,126.0,83.0
TP_0921,0.4397186425151674,422.0,0.1180913325340469,886.0,-464.0
TP_0720,0.4643756161203227,383.0,0.6503103431456031,109.0,274.0
TP_0349,0.5586756556024441,225.0,0.6659857866721292,80.0,145.0
TP_0578,0.4307649678266186,438.0,0.3027338061164032,619.0,-181.0
TP_0009,0.4248555113784545,456.0,0.305260588500555,613.0,-157.0
TP_0440,0.478989861045613,360.0,0.1089850850365881,902.0,-542.0
TP_0694,0.4605071116820681,391.0,0.297960216269564,622.0,-231.0
TP_0224,0.4461044978392183,415.0,0.2936105031067382,633.0,-218.0
TP_0400,0.4144364601776639,478.0,0.1406134254489489,856.0,-378.0
TP_0315,0.5186686952029325,285.0,0.7092979724405435,22.0,263.0
TP_0141,0.5239699426730293,275.0,0.0990438223109094,913.0,-638.0
TP_0595,0.5388581731651766,253.0,0.2044685004967562,763.0,-510.0
TP_0875,0.4584179406520546,396.0,0.6687157471731742,78.0,318.0
TP_0749,0.4379213364323341,425.0,0.4933414268356226,337.0,88.0
TP_0795,0.5241679606032006,273.0,0.6274837541666543,140.0,133.0
TP_0558,0.5347147298466058,261.0,0.5264898859936947,279.0,-18.0
TP_0823,0.5056952496146299,310.0,0.1771768557072605,807.0,-497.0
TP_0723,0.4522022281730712,408.0,0.5433533736488037,254.0,154.0
TP_0347,0.578004522335761,195.0,0.2418094586296435,711.0,-516.0
TP_0008,0.4594835014860598,392.0,0.5285767432826209,276.0,116.0
TP_0684,0.4021634990436031,495.0,0.6147249350960323,159.0,336.0
TP_0293,0.5125150254863005,296.0,0.3923554912951782,487.0,-191.0
TP_0676,0.4161911562813317,475.0,0.2779950872449248,664.0,-189.0
TP_0853,0.5054508086266614,312.0,0.1635405771997675,821.0,-509.0
TP_0251,0.3900143417332103,519.0,0.1727819023747781,813.0,-294.0
TP_0735,0.4949608863495284,336.0,0.4983039992921426,323.0,13.0
TP_0038,0.5651099482351293,210.0,0.269984463905345,674.0,-464.0
TP_0719,0.5841410885624285,182.0,0.4502924514119725,392.0,-210.0
TP_0786,0.5050454931411583,314.0,0.6885785711332593,46.0,268.0
TP_0102,0.4696947906819332,374.0,0.4557071362939217,391.0,-17.0
TP_0457,0.3806993897101797,539.0,0.1487582968512595,842.0,-303.0
TP_0131,0.5635846107458493,213.0,0.2812029151268044,653.0,-440.0
TP_0528,0.3962340725593164,506.0,0.2845071173266276,646.0,-140.0
TP_0447,0.5076921367994366,305.0,0.5455905713208841,250.0,55.0
TP_0757,0.494850589748243,337.0,0.6183400959071345,154.0,183.0
TP_0904,0.4366148352064221,427.0,0.6184106930706847,153.0,274.0
TP_0277,0.5081100887721754,303.0,0.158580105484351,827.0,-524.0
TP_0133,0.5723682758419902,202.0,0.3796451254436632,506.0,-304.0
TP_0415,0.4182995384271323,471.0,0.338058295690898,567.0,-96.0
TP_0751,0.4039566511043584,493.0,0.4477603898737914,397.0,96.0
TP_0545,0.5359673433781911,258.0,0.6301476550018986,137.0,121.0
TP_0290,0.4362752113485643,429.0,0.4058369842234346,464.0,-35.0
TP_0090,0.4062964520497107,488.0,0.2345062793066683,720.0,-232.0
TP_0713,0.3849044278216146,533.0,0.571235231047164,219.0,314.0
TP_0826,0.4772741003777758,362.0,0.1202562801746849,885.0,-523.0
TP_0421,0.5160302914021592,292.0,0.3893237865203092,495.0,-203.0
TP_0185,0.4794962951696339,357.0,0.5246809594425117,283.0,74.0
TP_0530,0.4311042685679991,437.0,0.4987979791806509,322.0,115.0
TP_0467,0.4329017939903515,435.0,0.1569599030064519,829.0,-394.0
TP_0839,0.4243939685829561,458.0,0.4866759809043001,349.0,109.0
TP_0736,0.4874731149619135,346.0,0.619342597167232,151.0,195.0
TP_0033,0.5133083151459639,294.0,0.5625227860051345,225.0,69.0
TP_0227,0.3962347232072069,505.0,0.1970543439384899,778.0,-273.0
TP_0187,0.3892878962899377,521.0,0.1844177461746743,798.0,-277.0
TP_0623,0.4202752439802111,468.0,0.6262731919245433,143.0,325.0
TP_0007,0.3940622095453277,511.0,0.3344615301816133,570.0,-59.0
TP_0273,0.5118016450073747,297.0,0.4573298058938261,386.0,-89.0
TP_0501,0.4320724918121656,436.0,0.6322654964643473,134.0,302.0
TP_0190,0.5066674131043265,306.0,0.278530942221443,663.0,-357.0
TP_0042,0.3968985371136886,504.0,0.7084148614847006,23.0,481.0
TP_0926,0.4998512943529153,327.0,0.3871839245815175,497.0,-170.0
TP_0557,0.5545605451556062,231.0,0.3123285802613149,603.0,-372.0
TP_0979,0.4233630290202166,460.0,0.2643537289615896,684.0,-224.0
TP_0804,0.5049050037479839,315.0,0.555656398603925,238.0,77.0
TP_0679,0.4099924377587186,480.0,0.4598768513168056,382.0,98.0
TP_0074,0.42446051781796,457.0,0.2922871348580999,637.0,-180.0
TP_0759,0.401109892031247,498.0,0.5602136126398819,231.0,267.0
TP_0046,0.4365648006784897,428.0,0.5082173315441137,303.0,125.0
TP_0937,0.4191148587239574,470.0,0.459182220710907,384.0,86.0
TP_0240,0.3760821924895079,549.0,0.3501073591518834,541.0,8.0
TP_0472,0.3950604729072023,508.0,0.4601354974919331,381.0,127.0
TP_0791,0.3716264523847891,559.0,0.2382424414576255,715.0,-156.0
TP_0286,0.5037912305790735,317.0,0.4880296443773909,343.0,-26.0
TP_0278,0.3597603405820598,583.0,0.1849457793263905,796.0,-213.0
TP_0136,0.5647011174678608,211.0,0.6692191885490303,76.0,135.0
TP_0028,0.3449116918961775,611.0,0.6977906087940797,39.0,572.0
TP_0295,0.3867042030925603,527.0,0.195895459875477,779.0,-252.0
TP_0503,0.5320675627395459,263.0,0.4738615500786642,366.0,-103.0
TP_0928,0.3340662854551464,628.0,0.5025851038316322,316.0,312.0
TP_0746,0.5012497066197357,324.0,0.6649472634760067,84.0,240.0
TP_0525,0.3778228006215945,544.0,0.1024847278226891,907.0,-363.0
TP_0855,0.4222761639868479,462.0,0.415134385013902,448.0,14.0
TP_0451,0.3947771169139717,510.0,0.373460632763362,512.0,-2.0
TP_0864,0.4579088145636749,398.0,0.1598762056343924,825.0,-427.0
TP_0339,0.3849419412465676,532.0,0.5356965389341971,263.0,269.0
TP_0072,0.392182802030688,515.0,0.2331754185102334,724.0,-209.0
TP_0429,0.448490615017966,413.0,0.1100121373227103,900.0,-487.0
TP_0594,0.3922806334064871,514.0,0.310959129575072,606.0,-92.0
TP_0441,0.3710108626100449,562.0,0.1997886299837512,773.0,-211.0
TP_0254,0.4638076443020194,385.0,0.1359214542009915,863.0,-478.0
TP_0721,0.3935078249996865,513.0,0.3329602393482629,571.0,-58.0
TP_0105,0.4811780682872098,353.0,0.2092190330345174,754.0,-401.0
TP_0832,0.4919162311625845,341.0,0.6163828187369239,158.0,183.0
TP_0770,0.3715811634948853,560.0,0.5612658613371708,227.0,333.0
TP_0444,0.3862097034378438,529.0,0.3264925298940737,582.0,-53.0
TP_0762,0.3714116824756314,561.0,0.2430148915804153,709.0,-148.0
TP_0438,0.5955923970339311,163.0,0.1330357050341059,865.0,-702.0
TP_0516,0.497061313490066,333.0,0.6337751300029879,130.0,203.0
TP_0939,0.4801649523887149,356.0,0.2012189033721597,772.0,-416.0
TP_0184,0.4418107764708744,419.0,0.2934743551895784,634.0,-215.0
TP_0039,0.4504563103415556,411.0,0.4826463643183074,356.0,55.0
TP_0076,0.3949086281380972,509.0,0.3650579247583918,519.0,-10.0
TP_0312,0.4843039176111028,351.0,0.4641581870738931,377.0,-26.0
TP_0742,0.3309376289938892,634.0,0.59794275904625,182.0,452.0
TP_0346,0.4078442349384365,484.0,0.3757045851084146,510.0,-26.0
TP_0840,0.3681630331380199,568.0,0.1949362766230178,781.0,-213.0
TP_0722,0.3833340975841603,537.0,0.1895163532307502,787.0,-250.0
TP_0040,0.3761205065099131,548.0,0.6123622545955675,162.0,386.0
TP_0173,0.5827537949212597,185.0,0.539008403385892,258.0,-73.0
TP_0917,0.4886726654512167,344.0,0.6810528814947432,61.0,283.0
TP_0767,0.4203933629026726,466.0,0.589048178083311,194.0,272.0
TP_0366,0.5473187891307982,244.0,0.6966924134389568,40.0,204.0
TP_0371,0.4341261326933146,433.0,0.2480655945232179,705.0,-272.0
TP_0261,0.3842048639248158,535.0,0.3927855088079328,486.0,49.0
TP_0544,0.4862647941599953,348.0,0.7001767306188182,32.0,316.0
TP_0836,0.468208377041951,379.0,0.1032553891430239,904.0,-525.0
TP_0181,0.311494351203832,676.0,0.1128188432096814,894.0,-218.0
TP_0748,0.5249089558529192,272.0,0.5238033037059294,285.0,-13.0
TP_0812,0.3724689325927801,556.0,0.3128565278231409,602.0,-46.0
TP_0314,0.457814249466263,400.0,0.5145440563358397,297.0,103.0
TP_0682,0.3704849824382429,563.0,0.5813031699106457,205.0,358.0
TP_0845,0.4293602822846618,441.0,0.6287538140465191,138.0,303.0
TP_0824,0.4714279074312983,369.0,0.1304950819873913,869.0,-500.0
TP_0646,0.509211165335093,299.0,0.2390017186053749,714.0,-415.0
TP_0710,0.3496378049171857,598.0,0.3352268652761394,569.0,29.0
TP_0112,0.3951415880260358,507.0,0.1006248242826938,911.0,-404.0
TP_0458,0.4375789412943892,426.0,0.372273670316793,513.0,-87.0
TP_0543,0.4735788608793189,365.0,0.5556041467169989,239.0,126.0
TP_0529,0.3740066631283649,551.0,0.2562517809267881,696.0,-145.0
TP_0309,0.3171984843773119,661.0,0.231934630304577,727.0,-66.0
TP_0243,0.4351130974711932,431.0,0.6852227238943891,53.0,378.0
TP_0639,0.5598006126642086,224.0,0.7047040703690517,25.0,199.0
TP_0041,0.3555238273813205,587.0,0.6596725550994448,96.0,491.0
TP_0790,0.3618377098911474,580.0,0.321901412530911,592.0,-12.0
TP_0974,0.4708399886628733,370.0,0.5358433259767053,262.0,108.0
TP_0888,0.4697261952148376,373.0,0.6796474224364323,64.0,309.0
TP_0092,0.3433200723836606,612.0,0.2342249191997879,721.0,-109.0
TP_0600,0.4301388393838656,439.0,0.4270636139970434,431.0,8.0
TP_0263,0.4299948551942419,440.0,0.3754493604728628,511.0,-71.0
TP_0364,0.3729074975543419,553.0,0.2868654274159232,641.0,-88.0
TP_0531,0.3633317180815319,576.0,0.3037965918199882,617.0,-41.0
TP_0342,0.4059826068038091,489.0,0.1240842809671939,879.0,-390.0
TP_0785,0.4258658032591702,452.0,0.4867038788247257,348.0,104.0
TP_0395,0.5537876344441381,233.0,0.2923556040647554,635.0,-402.0
TP_0756,0.4283905338416617,444.0,0.6988817809230385,35.0,409.0
TP_0298,0.3365410277553955,623.0,0.2587127068022976,692.0,-69.0
TP_0518,0.4689868882914237,375.0,0.2144828203553089,747.0,-372.0
TP_0020,0.3725931184023774,555.0,0.3539182372193729,537.0,18.0
TP_0945,0.458409674618974,397.0,0.686649268387304,48.0,349.0
TP_0186,0.408247349709432,483.0,0.3826907102936819,502.0,-19.0
TP_0535,0.3577163117189758,585.0,0.3433329384165978,557.0,28.0
TP_0533,0.3532727084547216,594.0,0.3449431558342337,554.0,40.0
TP_0024,0.4387860987054469,423.0,0.2971237804050831,625.0,-202.0
TP_0303,0.4801955453557786,355.0,0.4019847882265145,470.0,-115.0
TP_0973,0.4546660169057437,405.0,0.68306565392321,58.0,347.0
TP_0860,0.4542390924505513,406.0,0.6405145454485502,121.0,285.0
TP_0867,0.3467786821438405,605.0,0.2836085402802267,650.0,-45.0
TP_0381,0.4163073441541512,474.0,0.3119250955593683,605.0,-131.0
TP_0815,0.4177393698390969,472.0,0.6582438388981976,97.0,375.0
TP_0561,0.4270606517858358,446.0,0.6646415618403289,89.0,357.0
TP_0234,0.4148139636888379,477.0,0.6760476728663246,67.0,410.0
TP_0091,0.3263257946766659,646.0,0.1162505343270297,890.0,-244.0
TP_0209,0.2972392371345374,707.0,0.1390883446145037,859.0,-152.0
TP_0279,0.2925909857893187,715.0,0.1737552644364836,809.0,-94.0
TP_0728,0.4011257326337321,497.0,0.6323070395534813,133.0,364.0
TP_0276,0.3672810218713535,571.0,0.4303532645078948,422.0,149.0
TP_0244,0.4046879879828995,492.0,0.6107373711177257,163.0,329.0
TP_0498,0.4620132866527698,389.0,0.177425911533208,806.0,-417.0
TP_0212,0.4174536107210761,473.0,0.537897116519463,260.0,213.0
TP_0898,0.3105465490221115,680.0,0.2914189347304725,638.0,42.0
TP_0338,0.3199117830486442,655.0,0.4819434205388652,359.0,296.0
TP_0499,0.3265212314935838,645.0,0.2529927847927141,701.0,-56.0
TP_0281,0.2831143242757346,740.0,0.1519671716992759,837.0,-97.0
TP_0627,0.3719164596350502,558.0,0.5473997538074636,248.0,310.0
TP_0328,0.3990332147875471,501.0,0.5025250716410088,317.0,184.0
TP_0765,0.4010827694548107,499.0,0.4416842081122502,405.0,94.0
TP_0613,0.4054590044767256,490.0,0.2567671091298243,695.0,-205.0
TP_0443,0.3337914252281188,630.0,0.2215504794837285,738.0,-108.0
TP_0534,0.3308722043330794,635.0,0.2551476972345606,697.0,-62.0
TP_0026,0.3357480919921382,624.0,0.58759403916813,196.0,428.0
TP_0959,0.3533242896672647,593.0,0.2069926407748112,759.0,-166.0
TP_0313,0.4267906363704045,447.0,0.1973754182254302,777.0,-330.0
TP_0559,0.4089322699291774,482.0,0.4630327922347219,378.0,104.0
TP_0016,0.389782080244816,520.0,0.6082955912153273,168.0,352.0
TP_0562,0.4036665827121565,494.0,0.5444964851390336,251.0,243.0
TP_0218,0.4063885834608872,487.0,0.3846502005942676,498.0,-11.0
TP_0193,0.3916756405168393,516.0,0.4713238352983023,369.0,147.0
TP_0055,0.303477650480366,698.0,0.2923029779886529,636.0,62.0
TP_0050,0.3278562982294741,642.0,0.2785902153872047,661.0,-19.0
TP_0651,0.3552423123568017,588.0,0.5095838858770031,301.0,287.0
TP_0368,0.2830296752868387,741.0,0.2797513043550866,656.0,85.0
TP_0502,0.3423652017818401,616.0,0.4383938681271213,410.0,206.0
TP_0916,0.4250138179087261,455.0,0.6775101586012527,65.0,390.0
TP_0733,0.4566114099037498,402.0,0.159092774974986,826.0,-424.0
TP_0859,0.4213873795381275,464.0,0.6101182936472679,164.0,300.0
TP_0359,0.3973495400390023,502.0,0.5907200686015076,191.0,311.0
TP_0086,0.4936428352846264,339.0,0.4660660937156072,375.0,-36.0
TP_0624,0.3326295139551221,631.0,0.3985635387002032,478.0,153.0
TP_0782,0.3461274121287312,609.0,0.6805511772110031,62.0,547.0
TP_0515,0.4151724146862189,476.0,0.4272317446567563,430.0,46.0
TP_0019,0.3972927038775319,503.0,0.1485696463813873,843.0,-340.0
TP_0377,0.377338368814066,546.0,0.3931699356665394,484.0,62.0
TP_0962,0.2910940394960239,718.0,0.5870460337429539,197.0,521.0
TP_0479,0.3288254953940128,641.0,0.2550907565590044,698.0,-57.0
TP_0037,0.470607632819026,371.0,0.5599814864463177,233.0,138.0
TP_0668,0.5622003799101092,217.0,0.6475231718481699,112.0,105.0
TP_0816,0.3790125769352637,541.0,0.6832749643513284,57.0,484.0
TP_0332,0.2814284285822657,745.0,0.2083837516237397,755.0,-10.0
TP_0563,0.3763146069262995,547.0,0.3269354256466907,580.0,-33.0
TP_0968,0.3244109406975011,647.0,0.3831160864462808,500.0,147.0
TP_0818,0.2903975453127823,722.0,0.360757010950946,525.0,197.0
TP_0390,0.3204740990689312,654.0,0.3233525992660297,590.0,64.0
TP_0783,0.3160031175311557,663.0,0.3050340057429119,614.0,49.0
TP_0717,0.4089389777617233,481.0,0.6646623003358079,88.0,393.0
TP_0242,0.3703929824095135,564.0,0.6461274048325335,116.0,448.0
TP_0213,0.3844393013012717,534.0,0.5933472841220653,187.0,347.0
TP_0958,0.3700838901834119,565.0,0.07929954671746,934.0,-369.0
TP_0944,0.4074189569448074,486.0,0.6737684871275366,72.0,414.0
TP_0500,0.3324134748620558,632.0,0.5328380424684774,268.0,364.0
TP_0029,0.2873017713053504,735.0,0.519713526467391,289.0,446.0
TP_0677,0.3689942943583919,567.0,0.5288044848218504,274.0,293.0
TP_0068,0.311073788891373,679.0,0.348167113950572,547.0,132.0
TP_0481,0.3680742619674034,569.0,0.6395726552969382,124.0,445.0
TP_0738,0.3675909274007027,570.0,0.437787056928798,413.0,157.0
TP_0747,0.4684815456964406,377.0,0.2785609651452422,662.0,-285.0
TP_0299,0.3068952138676131,691.0,0.2050636069737178,761.0,-70.0
TP_0167,0.3353476263918233,625.0,0.4076818504619807,458.0,167.0
TP_0358,0.3788124321471452,543.0,0.5323023233091224,271.0,272.0
TP_0797,0.3240655882812834,648.0,0.4348294761760702,416.0,232.0
TP_0054,0.3806654655108238,540.0,0.2117637602146216,750.0,-210.0
TP_0196,0.3629330036353099,577.0,0.5731335519121025,215.0,362.0
TP_0871,0.3112573352689372,678.0,0.358041601793952,528.0,150.0
TP_0817,0.3904535258763372,518.0,0.3541435966145043,534.0,-16.0
TP_0425,0.2658687622283621,768.0,0.1221918144475169,884.0,-116.0
TP_0195,0.3617332025532211,581.0,0.4488162039630577,395.0,186.0
TP_0266,0.288363854543499,734.0,0.2032062799391057,767.0,-33.0
TP_0417,0.361382993884289,582.0,0.5040958558771352,313.0,269.0
TP_0048,0.3296613373124716,638.0,0.4558679750325677,390.0,248.0
TP_0022,0.3099627681898982,682.0,0.3195377462258356,594.0,88.0
TP_0910,0.4525180658093664,407.0,0.1756763635829319,808.0,-401.0
TP_0484,0.4699531847112242,372.0,0.50595794786105,310.0,62.0
TP_0176,0.3191204210828746,658.0,0.3383159782862965,566.0,92.0
TP_0626,0.3559710069175044,586.0,0.5479464320991235,247.0,339.0
TP_0330,0.3544061872126732,590.0,0.5161224784523679,293.0,297.0
TP_0383,0.3543725710594713,591.0,0.2597888762383922,689.0,-98.0
TP_0887,0.3915711776919903,517.0,0.6067238712157595,170.0,347.0
TP_0062,0.2901913929949833,723.0,0.2274255360157896,731.0,-8.0
TP_0969,0.382409872143549,538.0,0.0913588412048816,923.0,-385.0
TP_0166,0.3534842791747219,592.0,0.4740843065661628,365.0,227.0
TP_0469,0.321100667206603,653.0,0.1101594669201783,899.0,-246.0
TP_0070,0.2698859514804512,759.0,0.3918098221919544,489.0,270.0
TP_0831,0.3890888580480407,522.0,0.6625849939037424,90.0,432.0
TP_0560,0.3657033829944478,574.0,0.5067962991680176,307.0,267.0
TP_0127,0.3727270695535043,554.0,0.1167677268581279,888.0,-334.0
TP_0285,0.3507674307803414,596.0,0.401627320131366,471.0,125.0
TP_0680,0.3497224805996525,597.0,0.4969481144134358,328.0,269.0
TP_0081,0.3124636196266014,674.0,0.3267624854165504,581.0,93.0
TP_0975,0.3993766087546309,500.0,0.1534681447816292,834.0,-334.0
TP_0972,0.3860958253191958,530.0,0.5574666477145379,235.0,295.0
TP_0652,0.348372404656217,602.0,0.4665957900149152,373.0,229.0
TP_0837,0.3477151601616888,603.0,0.524210486105884,284.0,319.0
TP_0329,0.3464058047495778,608.0,0.4343699731792297,418.0,190.0
TP_0803,0.3790047280776628,542.0,0.6530363097822016,105.0,437.0
TP_0015,0.3430246012917494,615.0,0.6468968392398935,115.0,500.0
TP_0052,0.2779520617811743,748.0,0.2659593029486368,680.0,68.0
TP_0650,0.4491666434110394,412.0,0.5761918115734087,210.0,202.0
TP_0135,0.4425336179287454,417.0,0.3992347528621467,476.0,-59.0
TP_0963,0.2899266304550421,726.0,0.3541021175948136,536.0,190.0
TP_0616,0.3394731606303233,619.0,0.0816484625570577,930.0,-311.0
TP_0597,0.3054353514937141,694.0,0.427279495725509,429.0,265.0
TP_0412,0.3098679905388612,683.0,0.4025062125033222,469.0,214.0
TP_0204,0.3382210509957157,621.0,0.4071866796754275,459.0,162.0
TP_0828,0.3375208422903638,622.0,0.0802735578597286,932.0,-310.0
TP_0191,0.3226910344618244,650.0,0.1032164893395926,906.0,-256.0
TP_0049,0.3346029486003347,627.0,0.4990558309945977,321.0,306.0
TP_0843,0.2993239742658081,703.0,0.1864205149455215,789.0,-86.0
TP_0023,0.2527835755527213,792.0,0.1907399353722451,786.0,6.0
TP_0781,0.2904818876355207,720.0,0.5444311690020853,252.0,468.0
TP_0219,0.3465198081846459,607.0,0.4663641311043526,374.0,233.0
TP_0834,0.2507967105012436,795.0,0.0943576312102529,919.0,-124.0
TP_0496,0.2773742557503757,750.0,0.1519692943269198,836.0,-86.0
TP_0384,0.3306778127494282,636.0,0.5217932565789217,288.0,348.0
TP_0508,0.36717504954553,572.0,0.5335749501194956,267.0,305.0
TP_0678,0.329189942310403,639.0,0.5747965042104708,213.0,426.0
TP_0021,0.3291161942615083,640.0,0.3836383315149858,499.0,141.0
TP_0083,0.3488514310264085,600.0,0.2777248322194044,666.0,-66.0
TP_0211,0.347326410001446,604.0,0.138579518695554,860.0,-256.0
TP_0082,0.2646131644075867,769.0,0.2018630897829842,769.0,0.0
TP_0306,0.3491283964465603,599.0,0.1162965513841141,889.0,-290.0
TP_0905,0.4646740526865369,382.0,0.6753179713914604,69.0,313.0
TP_0422,0.272674732323654,756.0,0.1981762888073284,776.0,-20.0
TP_0043,0.4276378068293353,445.0,0.6310466649843602,136.0,309.0
TP_0670,0.3937500498033813,512.0,0.3319582415428426,574.0,-62.0
TP_0549,0.2676756268094119,763.0,0.131232990092518,868.0,-105.0
TP_0485,0.3338849185804297,629.0,0.58341692513105,201.0,428.0
TP_0215,0.3216210559414302,652.0,0.4299136686057172,423.0,229.0
TP_0750,0.2551651790814458,783.0,0.4501265826596716,393.0,390.0
TP_0337,0.4232921516051277,461.0,0.2611130916337098,687.0,-226.0
TP_0463,0.5046259768641796,316.0,0.1234018920597137,880.0,-564.0
TP_0288,0.4482671617936979,414.0,0.5493292597662108,245.0,169.0
TP_0966,0.2340417547182208,821.0,0.1408600523079841,855.0,-34.0
TP_0241,0.3223779707992055,651.0,0.4188651378921122,445.0,206.0
TP_0494,0.285186564437472,737.0,0.2321863998082315,726.0,11.0
TP_0510,0.3175449376378557,660.0,0.5580547295969577,234.0,426.0
TP_0660,0.4262958856059157,451.0,0.4253815037500154,432.0,19.0
TP_0164,0.3149619749927234,664.0,0.420480728150468,441.0,223.0
TP_0045,0.3146517754939203,665.0,0.1376658183476145,861.0,-196.0
TP_0205,0.3144525941527896,666.0,0.4297061168005696,425.0,241.0
TP_0097,0.4221095115503269,463.0,0.2549951922261484,699.0,-236.0
TP_0814,0.3139152736058014,667.0,0.4086386925394163,457.0,210.0
TP_0066,0.4012538019210045,496.0,0.4305575556235995,421.0,75.0
TP_0331,0.2550381228002581,784.0,0.209845593721587,752.0,32.0
TP_0622,0.4354706162508397,430.0,0.6284482846453151,139.0,291.0
TP_0841,0.2746879124884836,752.0,0.3300248112146642,576.0,176.0
TP_0702,0.4076329192838091,485.0,0.439655663359621,409.0,76.0
TP_0230,0.4953218400507396,335.0,0.6658622135774229,81.0,254.0
TP_0162,0.4627467713885715,386.0,0.4992101638750072,320.0,66.0
TP_0109,0.2616097157305357,775.0,0.1093942040907264,901.0,-126.0
TP_0598,0.3086870995541804,685.0,0.4875624013564338,345.0,340.0
TP_0304,0.2718907482918027,757.0,0.4482053561534801,396.0,361.0
TP_0889,0.341869190517132,617.0,0.4276867651161999,428.0,189.0
TP_0013,0.2546095383871986,787.0,0.4975555764324127,326.0,461.0
TP_0201,0.4555422285257289,404.0,0.5969090601931365,183.0,221.0
TP_0336,0.3069795846436851,690.0,0.4035542574483489,466.0,224.0
TP_0446,0.3064487980927722,692.0,0.4455888746085101,401.0,291.0
TP_0149,0.3060355300882275,693.0,0.3709480514116476,514.0,179.0
TP_0705,0.3312573766299968,633.0,0.0864523970980409,924.0,-291.0
TP_0004,0.250795430892449,796.0,0.5287285027043075,275.0,521.0
TP_0197,0.2616182175979222,774.0,0.5729901212536399,217.0,557.0
TP_0223,0.3027323280973486,700.0,0.3463669232696162,551.0,149.0
TP_0885,0.2661869039988097,767.0,0.1268140103337417,874.0,-107.0
TP_0392,0.2733975163728165,753.0,0.4187437159532101,446.0,307.0
TP_0542,0.2283372367724992,832.0,0.0946445974018297,918.0,-86.0
TP_0965,0.3239073646661716,649.0,0.2513920909211044,702.0,-53.0
TP_0486,0.3138163625171171,668.0,0.4362012036826327,414.0,254.0
TP_0343,0.3136595949874256,669.0,0.41489306023805,449.0,220.0
TP_0407,0.42651565778366,449.0,0.31882308678085,595.0,-146.0
TP_0844,0.259673987644291,777.0,0.2134685726158181,749.0,28.0
TP_0811,0.2676967396785364,762.0,0.4473218872848609,398.0,364.0
TP_0222,0.2488428152814226,800.0,0.1947622008757952,782.0,18.0
TP_0806,0.2361167283530656,817.0,0.0777197680534104,939.0,-122.0
TP_0183,0.3194073670283416,657.0,0.1814829324481997,802.0,-145.0
TP_0362,0.2490088127677465,799.0,0.3514101252831729,540.0,259.0
TP_0300,0.2938603134842351,709.0,0.3976524475511278,480.0,229.0
TP_0307,0.2933687192780643,712.0,0.4209759719247583,439.0,273.0
TP_0938,0.2919484494877096,716.0,0.3529854867924474,538.0,178.0
TP_0671,0.3755765163006979,550.0,0.4822247715956889,358.0,192.0
TP_0825,0.2910745029556994,719.0,0.0689219912037821,945.0,-226.0
TP_0647,0.2344721210184265,818.0,0.1533057581153968,835.0,-17.0
TP_0014,0.2421929549220152,807.0,0.3994376343905653,475.0,332.0
TP_0323,0.2566211293117333,780.0,0.0779352329115942,938.0,-158.0
TP_0416,0.2904465158616772,721.0,0.369669153199414,516.0,205.0
TP_0629,0.2900462707801326,725.0,0.2093258786020246,753.0,-28.0
TP_0194,0.2896177032834008,727.0,0.4062389675538174,463.0,264.0
TP_0175,0.2892448026474796,728.0,0.2689670949592033,677.0,51.0
TP_0264,0.2884219980838901,732.0,0.2699948804425885,673.0,59.0
TP_0511,0.2883741921577742,733.0,0.3934938294842742,483.0,250.0
TP_0426,0.2333236038148319,823.0,0.1853130869203548,795.0,28.0
TP_0896,0.2430253956004501,805.0,0.2840511029740845,648.0,157.0
TP_0017,0.3136205507573323,670.0,0.2804667153746165,654.0,16.0
TP_0061,0.2447596127283612,803.0,0.2678524897463022,678.0,125.0
TP_0161,0.4683674995874293,378.0,0.1562918350047356,831.0,-453.0
TP_0413,0.2807893178458986,746.0,0.3645848611565824,520.0,226.0
TP_0865,0.2917698888029728,717.0,0.4730558007749417,367.0,350.0
TP_0079,0.3467604307373986,606.0,0.1802338317138654,804.0,-198.0
TP_0056,0.3625892203392947,579.0,0.4398936232924721,408.0,171.0
TP_0372,0.2937700794084915,710.0,0.391368028260637,491.0,219.0
TP_0245,0.2792893899737372,747.0,0.6016770012346982,174.0,573.0
TP_0221,0.1445039328206236,952.0,0.0926340936327475,920.0,32.0
TP_0098,0.3734048264882962,552.0,0.3541148009457563,535.0,17.0
TP_0893,0.2890546313274748,729.0,0.2078839707127819,756.0,-27.0
TP_0895,0.3012338300711455,701.0,0.1495109189344458,840.0,-139.0
TP_0203,0.4265739200070678,448.0,0.5764857920894502,209.0,239.0
TP_0729,0.2778208656591698,749.0,0.5469225690991111,249.0,500.0
TP_0180,0.1962893291494059,890.0,0.0916307457157422,922.0,-32.0
TP_0512,0.2762256202154843,751.0,0.3675741141923043,518.0,233.0
TP_0259,0.4611598442452155,390.0,0.6612437335193311,92.0,298.0
TP_0774,0.3127581009254572,672.0,0.4223694399637246,438.0,234.0
TP_0805,0.4203821202964747,467.0,0.554142325557709,240.0,227.0
TP_0100,0.2299867979701303,828.0,0.3929681520145612,485.0,343.0
TP_0178,0.272730610214749,755.0,0.3808656796958154,505.0,250.0
TP_0936,0.3578419337873248,584.0,0.2908641519561474,639.0,-55.0
TP_0179,0.2184781922724994,849.0,0.1604882153455254,824.0,25.0
TP_0437,0.3862968015897067,528.0,0.1102602776422796,898.0,-370.0
TP_0334,0.2194023774885993,847.0,0.1805178166987935,803.0,44.0
TP_0214,0.2828149948355127,742.0,0.363367557056852,521.0,221.0
TP_0340,0.1892549129126048,899.0,0.2497615774590497,704.0,195.0
TP_0361,0.2681916044570169,760.0,0.486777365362639,347.0,413.0
TP_0523,0.2680687975602602,761.0,0.1704626995662597,815.0,-54.0
TP_0869,0.2676532027746561,764.0,0.3789104629569103,507.0,257.0
TP_0870,0.2673530238624086,765.0,0.2603119953896058,688.0,77.0
TP_0236,0.4212030372198901,465.0,0.6653692162275503,83.0,382.0
TP_0099,0.1903250126119787,898.0,0.2289860436009062,730.0,168.0
TP_0202,0.4505954596469479,410.0,0.293832991699808,632.0,-222.0
TP_0297,0.2643892588392526,770.0,0.4400450133271436,407.0,363.0
TP_0478,0.2627085183420212,771.0,0.2170800273201421,742.0,29.0
TP_0946,0.3002806148389975,702.0,0.3431395151399388,558.0,144.0
TP_0706,0.2317168655450175,825.0,0.2111758686908148,751.0,74.0
TP_0147,0.3874986800334412,526.0,0.1129353192712069,893.0,-367.0
TP_0208,0.3773548036426022,545.0,0.4822904799713617,357.0,188.0
TP_0810,0.2580207032504326,779.0,0.4945045489042177,331.0,448.0
TP_0057,0.210417066230772,865.0,0.5027230314625474,315.0,550.0
TP_0239,0.254704966962525,786.0,0.3475388716972525,549.0,237.0
TP_0527,0.4401489160747528,421.0,0.6945770504848768,42.0,379.0
TP_0648,0.2543640364893852,789.0,0.3570498534827696,530.0,259.0
TP_0700,0.1981595403164311,885.0,0.22080798765242,739.0,146.0
TP_0148,0.2533185968671657,791.0,0.1731497543525413,810.0,-19.0
TP_0310,0.2523935404138899,793.0,0.5710356855113125,220.0,573.0
TP_0101,0.2494413805232299,798.0,0.361708102269816,524.0,274.0
TP_0160,0.4347403939263065,432.0,0.1652827150269712,819.0,-387.0
TP_0554,0.1809052256789658,909.0,0.0780267379013782,937.0,-28.0
TP_0207,0.4339887681761688,434.0,0.6534235418781037,103.0,331.0
TP_0430,0.2616789860288591,773.0,0.1985070455652677,775.0,-2.0
TP_0250,0.2167486302359993,852.0,0.2380707002414737,716.0,136.0
TP_0683,0.2461918317993911,802.0,0.491211492967581,340.0,462.0
TP_0915,0.281796247203789,744.0,0.4298142915604059,424.0,320.0
TP_0301,0.242990246756246,806.0,0.329730483396034,577.0,229.0
TP_0777,0.3549822360129591,589.0,0.2670104130033839,679.0,-90.0
TP_0625,0.2409617028191031,808.0,0.3237161794358973,589.0,219.0
TP_0130,0.2672774728217234,766.0,0.1254227464789284,877.0,-111.0
TP_0462,0.4255513058182056,453.0,0.1571535727718783,828.0,-375.0
TP_0852,0.2441931293659374,804.0,0.0636910932145451,952.0,-148.0
TP_0067,0.3486270441136644,601.0,0.192878447123115,784.0,-183.0
TP_0152,0.1888169484571977,900.0,0.14532678258659,848.0,52.0
TP_0547,0.3671341388881349,573.0,0.0740509486378239,940.0,-367.0
TP_0504,0.2097103978059993,866.0,0.2458452201067684,706.0,160.0
TP_0238,0.2373548466680656,813.0,0.3085775306580751,611.0,202.0
TP_0063,0.1720362888199854,927.0,0.1827565042259171,800.0,127.0
TP_0174,0.4200542208442698,469.0,0.6827634745515521,60.0,409.0
TP_0857,0.2343910695810619,819.0,0.0653662492474133,949.0,-130.0
TP_0044,0.2369511922601374,814.0,0.3462586287809941,552.0,262.0
TP_0326,0.2336339599228161,822.0,0.2628930352476436,685.0,137.0
TP_0524,0.2329103300298761,824.0,0.1492114160198983,841.0,-17.0
TP_0085,0.187624058211432,901.0,0.1149336550623821,891.0,10.0
TP_0657,0.1863481802687401,904.0,0.2945642099232552,631.0,273.0
TP_0920,0.1973631096304139,888.0,0.0548824855479449,963.0,-75.0
TP_0150,0.229489780387312,829.0,0.201745536639065,771.0,58.0
TP_0712,0.2285916656568404,830.0,0.5233998919995205,286.0,544.0
TP_0380,0.1953929437481329,891.0,0.057840659065636,959.0,-68.0
TP_0321,0.2284895647385388,831.0,0.0665667756933462,947.0,-116.0
TP_0405,0.227855063620661,834.0,0.1556100913630372,832.0,2.0
TP_0325,0.2276418574828298,836.0,0.2138332133043025,748.0,88.0
TP_0703,0.4125249556537473,479.0,0.5981741220923569,181.0,298.0
TP_0769,0.2264336409654277,839.0,0.4225743160505668,437.0,402.0
TP_0302,0.2243949997905441,841.0,0.325107981532849,585.0,256.0
TP_0268,0.2240264839568018,842.0,0.2658463127648173,681.0,161.0
TP_0053,0.1784868716371047,915.0,0.2820835605461909,651.0,264.0
TP_0967,0.1913041817724758,896.0,0.1517400248905333,838.0,58.0
TP_0248,0.2301192506463323,827.0,0.4057898590734116,465.0,362.0
TP_0158,0.3642767018765855,575.0,0.5323658103648016,270.0,305.0
TP_0807,0.1751373399960001,920.0,0.0710331736606064,942.0,-22.0
TP_0260,0.4050826823968296,491.0,0.556597974584214,236.0,255.0
TP_0442,0.2194133761246199,846.0,0.2244186400467713,735.0,111.0
TP_0375,0.2170418564718965,851.0,0.236741770003895,718.0,133.0
TP_0427,0.2161456482473562,854.0,0.1858795735542254,790.0,64.0
TP_0685,0.2159939530530543,855.0,0.5730373666670059,216.0,639.0
TP_0252,0.2158850651866843,856.0,0.1949687350454946,780.0,76.0
TP_0506,0.2155011738533019,858.0,0.3384356003483832,565.0,293.0
TP_0711,0.2137749108469066,860.0,0.6079512501505354,169.0,691.0
TP_0369,0.2137661254009288,861.0,0.3555832105239415,533.0,328.0
TP_0891,0.1665225348839456,937.0,0.0518060419059996,965.0,-28.0
TP_0829,0.213117722832345,862.0,0.0690424511081466,944.0,-82.0
TP_0432,0.3083221458246154,686.0,0.226040443893323,733.0,-47.0
TP_0445,0.2118141653549262,864.0,0.3221875953740362,591.0,273.0
TP_0699,0.2211989187126277,844.0,0.6452866844538877,119.0,725.0
TP_0981,0.2399687904802182,811.0,0.1255945502590801,875.0,-64.0
TP_0095,0.3044882403600064,697.0,0.1177551423596525,887.0,-190.0
TP_0580,0.101685490621595,975.0,0.0407442173754275,975.0,0.0
TP_0210,0.1712346902778371,929.0,0.2169182433065644,743.0,186.0
TP_0256,0.2065455812826205,872.0,0.0658822880159569,948.0,-76.0
TP_0863,0.226833129932599,838.0,0.0635552475624699,953.0,-115.0
TP_0897,0.2341722303413205,820.0,0.0834665144953649,927.0,-107.0
TP_0809,0.2043719031255673,874.0,0.284848862582273,645.0,229.0
TP_0640,0.3890612363042686,523.0,0.5855000660856886,199.0,324.0
TP_0556,0.3889436307728263,524.0,0.576994493063034,207.0,317.0
TP_0308,0.2033055826305353,876.0,0.2407305473074949,713.0,163.0
TP_0764,0.2080217142191812,869.0,0.1141800254560683,892.0,-23.0
TP_0919,0.2029021079096911,877.0,0.1470675692718638,845.0,32.0
TP_0159,0.3881476970926455,525.0,0.342971948396377,559.0,-34.0
TP_0370,0.2023322366182876,878.0,0.2767916106094183,668.0,210.0
TP_0551,0.1067109431762493,973.0,0.0398371820598083,976.0,-3.0
TP_0064,0.1575399335808006,945.0,0.2030589367011502,768.0,177.0
TP_0669,0.3298314590873179,637.0,0.1543161423299313,833.0,-196.0
TP_0536,0.385960941959736,531.0,0.5734095364134751,214.0,317.0
TP_0741,0.1994816552807236,883.0,0.4948669629427228,330.0,553.0
TP_0505,0.1990756860879836,884.0,0.1641698080943863,820.0,64.0
TP_0235,0.3841778576645322,536.0,0.4817811689968049,360.0,176.0
TP_0399,0.1979529924712683,886.0,0.2042391282390143,764.0,122.0
TP_0397,0.1974815564300265,887.0,0.2657471769751663,682.0,205.0
TP_0513,0.2280784078977607,833.0,0.0997589472639113,912.0,-79.0
TP_0539,0.1662017966712298,938.0,0.0980825172750046,914.0,24.0
TP_0715,0.1941526236603694,892.0,0.3397745660519435,563.0,329.0
TP_0541,0.1927224608364938,894.0,0.1691036652166257,816.0,78.0
TP_0768,0.1904558081255131,897.0,0.2800519112785957,655.0,242.0
TP_0199,0.2176116526619079,850.0,0.0626572654144008,954.0,-104.0
TP_0357,0.3724184712207614,557.0,0.531786774348932,273.0,284.0
TP_0296,0.1862209601726183,905.0,0.1039941732172081,903.0,2.0
TP_0497,0.2981488670985973,705.0,0.0973735419942761,916.0,-211.0
TP_0096,0.3113777180036521,677.0,0.1402477158650558,857.0,-180.0
TP_0350,0.1845173143930774,906.0,0.062521446245912,955.0,-49.0
TP_0978,0.1226802839348032,965.0,0.052014230304994,964.0,1.0
TP_0482,0.3690585196012531,566.0,0.4001150608597588,474.0,92.0
TP_0129,0.2097015159582517,867.0,0.1372959885306161,862.0,5.0
TP_0714,0.1824864870517531,908.0,0.5799572740332856,206.0,702.0
TP_0018,0.214871779217559,859.0,0.2588092466744214,691.0,168.0
TP_0005,0.142793291595705,953.0,0.1568318615587174,830.0,123.0
TP_0177,0.1802200262122185,911.0,0.110732077350036,897.0,14.0
TP_0740,0.1794219589098082,913.0,0.3121884777141082,604.0,309.0
TP_0540,0.178881846151945,914.0,0.1392208469054494,858.0,56.0
TP_0620,0.2156039889275527,857.0,0.1988431941630528,774.0,83.0
TP_0333,0.177865955286621,916.0,0.2720977467623338,672.0,244.0
TP_0216,0.1774773102679971,917.0,0.2456608767271721,707.0,210.0
TP_0483,0.3626431300008466,578.0,0.526271836779152,282.0,296.0
TP_0428,0.176840029851584,918.0,0.1437051710956618,851.0,67.0
TP_0964,0.1752654332089552,919.0,0.299260793848625,621.0,298.0
TP_0548,0.2973300364086527,706.0,0.0923304768801029,921.0,-215.0
TP_0151,0.1735614793815037,922.0,0.2035560655925989,765.0,157.0
TP_0398,0.1734910766803936,923.0,0.1683235630257439,817.0,106.0
TP_0351,0.1733166929450741,924.0,0.056280838656068,960.0,-36.0
TP_0522,0.1010805061344904,976.0,0.037900612007001,979.0,-3.0
TP_0093,0.1712262220075598,930.0,0.2408362571916022,712.0,218.0
TP_0686,0.1707344631027808,931.0,0.3047285758357536,615.0,316.0
TP_0619,0.1706384623355273,932.0,0.1320405080720093,867.0,65.0
TP_0739,0.1701984355424216,934.0,0.1291056335353579,872.0,62.0
TP_0932,0.31350291074892,671.0,0.666552120004152,79.0,592.0
TP_0621,0.3196958458346767,656.0,0.6201951122704462,149.0,507.0
TP_0900,0.1973109339780399,889.0,0.0784977659698271,936.0,-47.0
TP_0233,0.3522294223533652,595.0,0.3160610221163372,601.0,-6.0
TP_0341,0.1650015447875154,940.0,0.1427863280064746,852.0,88.0
TP_0493,0.0967448829706714,978.0,0.0395705228678014,977.0,1.0
TP_0579,0.1132751310209203,971.0,0.0670463498250373,946.0,25.0
TP_0776,0.3118627526715318,675.0,0.4450728053965385,402.0,273.0
TP_0941,0.3461006793544215,610.0,0.5078891331919425,305.0,305.0
TP_0220,0.129509423205854,961.0,0.0597351519592757,957.0,4.0
TP_0465,0.3031530137173014,699.0,0.4207881966494491,440.0,259.0
TP_0779,0.283326680062741,739.0,0.4711257363478832,370.0,369.0
TP_0490,0.3432965747137046,613.0,0.1285711357021262,873.0,-260.0
TP_0231,0.3432303657139867,614.0,0.3915017348886263,490.0,124.0
TP_0157,0.2969288006872,708.0,0.5184294762050026,290.0,418.0
TP_0526,0.3094314216785715,684.0,0.5540217317572025,241.0,443.0
TP_0899,0.155503870559569,946.0,0.3465647491851386,550.0,396.0
TP_0835,0.1168650492253624,968.0,0.0474976112736127,970.0,-2.0
TP_0318,0.3397199557950195,618.0,0.242338194190213,710.0,-92.0
TP_0401,0.1682006653002085,936.0,0.0704464748494026,943.0,-7.0
TP_0555,0.3391214944871024,620.0,0.6580617779346668,98.0,522.0
TP_0352,0.1529382704528638,948.0,0.1352559695766013,864.0,84.0
TP_0601,0.3349284075391207,626.0,0.601258538250386,175.0,451.0
TP_0675,0.2885275355291557,730.0,0.3621540908364298,523.0,207.0
TP_0408,0.2900984130721507,724.0,0.1126842561862118,895.0,-171.0
TP_0156,0.179877834877665,912.0,0.0640129061206,950.0,-38.0
TP_0743,0.1447033147815925,951.0,0.3573286854629109,529.0,422.0
TP_0582,0.0959076191749336,980.0,0.0370718423235246,980.0,0.0
TP_0866,0.1497890484338666,950.0,0.1021014035947023,908.0,42.0
TP_0262,0.3269200136604853,643.0,0.1010694089846432,910.0,-267.0
TP_0487,0.3265536441328943,644.0,0.2272354014513167,732.0,-88.0
TP_0051,0.2167383793993576,853.0,0.0836087239897771,926.0,-73.0
TP_0267,0.1361250258829461,955.0,0.0816876811747336,929.0,26.0
TP_0833,0.252308003149646,794.0,0.2239921896772599,736.0,58.0
TP_0744,0.1354629781787072,956.0,0.1715740130515251,814.0,142.0
TP_0249,0.134447144874665,958.0,0.1461733047307583,846.0,112.0
TP_0128,0.1597132580924163,943.0,0.1300044369212988,870.0,73.0
TP_0420,0.3176300186498312,659.0,0.5347797752207802,266.0,393.0
TP_0674,0.3164903434833532,662.0,0.651320030372795,108.0,554.0
TP_0771,0.2562700956694264,781.0,0.4472045940265328,399.0,382.0
TP_0911,0.3125770717084726,673.0,0.2154062173289726,744.0,-71.0
TP_0602,0.3101417436596623,681.0,0.3178614448647366,598.0,83.0
TP_0906,0.2705610728367192,758.0,0.3698906002209614,515.0,243.0
TP_0459,0.3078338077811788,687.0,0.310041577791096,607.0,80.0
TP_0537,0.3078139932559636,688.0,0.406408035020253,461.0,227.0
TP_0165,0.3072559460992493,689.0,0.3427576709754371,560.0,129.0
TP_0550,0.0895859684581657,984.0,0.032746107485409,985.0,-1.0
TP_0615,0.304825030991928,695.0,0.1939135384433701,783.0,-88.0
TP_0745,0.3047723891535472,696.0,0.3490662488498831,546.0,150.0
TP_0862,0.1499425728275137,949.0,0.0549238137545404,962.0,-13.0
TP_0153,0.134906648820364,957.0,0.0442706346218661,972.0,-15.0
TP_0553,0.113842129003959,970.0,0.049538724269315,968.0,2.0
TP_0912,0.2987877847701854,704.0,0.4344585706385943,417.0,287.0
TP_0645,0.2934775236089285,711.0,0.41238140877321,454.0,257.0
TP_0947,0.1329828668712963,960.0,0.0603171065020398,956.0,4.0
TP_0943,0.2930342268891831,713.0,0.4338312240348415,419.0,294.0
TP_0970,0.2927639391208362,714.0,0.1857314498220944,794.0,-80.0
TP_0918,0.1370553655567493,954.0,0.08551987514844,925.0,29.0
TP_0641,0.2884922873881348,731.0,0.675242477753777,70.0,661.0
TP_0704,0.2866384441722425,736.0,0.5352740071903168,264.0,472.0
TP_0507,0.2835005821870078,738.0,0.3909020643505678,492.0,246.0
TP_0644,0.2820834339831067,743.0,0.4944760685556658,332.0,411.0
TP_0773,0.1337790199333174,959.0,0.0819270787657178,928.0,31.0
TP_0730,0.1291058911020166,962.0,0.0562128702603931,961.0,1.0
TP_0521,0.0906448308113755,982.0,0.034238238360486,983.0,-1.0
TP_0322,0.0897381166369041,983.0,0.0386923074245841,978.0,5.0
TP_0584,0.1875035358659308,902.0,0.2434951918349855,708.0,194.0
TP_0434,0.2728511686107489,754.0,0.1829015423361796,799.0,-45.0
TP_0892,0.0868229527602273,985.0,0.033515240393778,984.0,1.0
TP_0933,0.2363600105860012,816.0,0.6175103293260291,157.0,659.0
TP_0305,0.1158038382109231,969.0,0.0785389467714865,935.0,34.0
TP_0618,0.110672266315961,972.0,0.050307652143732,966.0,6.0
TP_0643,0.2618212332196392,772.0,0.6048250130255439,172.0,600.0
TP_0830,0.2606875516229662,776.0,0.4006638857709473,473.0,303.0
TP_0058,0.2188291866380589,848.0,0.4500873966421394,394.0,454.0
TP_0065,0.1808299477223584,910.0,0.2073921563704621,758.0,152.0
TP_0376,0.258035421178628,778.0,0.1481015893426804,844.0,-66.0
TP_0406,0.2557101621072567,782.0,0.1620861889245239,823.0,-41.0
TP_0435,0.2549689313772638,785.0,0.1858031023164266,793.0,-8.0
TP_0716,0.2544727427198077,788.0,0.2699240934065484,675.0,113.0
TP_0649,0.2541694840688359,790.0,0.3255670013325362,584.0,206.0
TP_0461,0.2010014467675923,880.0,0.0948803353631469,917.0,-37.0
TP_0367,0.2023079582730995,879.0,0.2959874015115761,627.0,252.0
TP_0971,0.2502323684691702,797.0,0.2358106210491132,719.0,78.0
TP_0961,0.2466597756623788,801.0,0.5263972740286653,280.0,521.0
TP_0006,0.2125103415192971,863.0,0.4596374344698258,383.0,480.0
TP_0155,0.095930644458966,979.0,0.0369966368246641,981.0,-2.0
TP_0269,0.2072427347503627,871.0,0.2331058966019557,725.0,146.0
TP_0025,0.2079592319192489,870.0,0.2974913526748622,624.0,246.0
TP_0491,0.2408553211071647,809.0,0.0636965365880493,951.0,-142.0
TP_0514,0.2399817527650086,810.0,0.286493508715463,643.0,167.0
TP_0631,0.2399112266467041,812.0,0.3561949501325517,531.0,281.0
TP_0673,0.2364620890258918,815.0,0.6536263617372834,102.0,713.0
TP_0154,0.0831437059055259,986.0,0.0314760126353744,986.0,0.0
TP_0289,0.2305724775733597,826.0,0.1227913025252126,882.0,-56.0
TP_0802,0.2277234580154843,835.0,0.402569315563772,468.0,367.0
TP_0630,0.2272963005996344,837.0,0.4863622409699051,350.0,487.0
TP_0436,0.1864316065304538,903.0,0.0801527958784375,933.0,-30.0
TP_0659,0.2248601014626933,840.0,0.6376775201383316,128.0,712.0
TP_0688,0.2224490877992472,843.0,0.5224529774404655,287.0,556.0
TP_0672,0.2207229499313133,845.0,0.6541079199872157,101.0,744.0
TP_0940,0.2083535451250082,868.0,0.1329694401617626,866.0,2.0
TP_0206,0.2045284085649892,873.0,0.1255200554805872,876.0,-3.0
TP_0934,0.2038021810652396,875.0,0.5059686290181342,309.0,566.0
TP_0642,0.2006362878757037,881.0,0.5967924714432364,184.0,697.0
TP_0935,0.2000035359007436,882.0,0.5013676022323954,319.0,563.0
TP_0404,0.193820643780088,893.0,0.1412215248470119,854.0,39.0
TP_0800,0.1923088947565311,895.0,0.3582377348415643,527.0,368.0
TP_0780,0.1840784673740435,907.0,0.3921703038833455,488.0,419.0
TP_0942,0.1737549258535398,921.0,0.2017956649799971,770.0,151.0
TP_0658,0.1732818006423359,925.0,0.2652706141720765,683.0,242.0
TP_0520,0.1726918646119876,926.0,0.0496196970134604,967.0,-41.0
TP_0886,0.1718020992802856,928.0,0.0979806174938993,915.0,13.0
TP_0914,0.1703626795118263,933.0,0.1427475456033348,853.0,80.0
TP_0858,0.1696171937967049,935.0,0.1244869746206722,878.0,57.0
TP_0614,0.1281799027380434,964.0,0.0803921613102311,931.0,33.0
TP_0080,0.1192101518826397,966.0,0.0588736629747868,958.0,8.0
TP_0094,0.1651512506438588,939.0,0.0725907266975685,941.0,-2.0
TP_0687,0.1640081275967644,941.0,0.1505743733481492,839.0,102.0
TP_0913,0.1618781128746222,942.0,0.1223336188389713,883.0,59.0
TP_0772,0.1584415259562532,944.0,0.4653330706904906,376.0,568.0
TP_0801,0.1552723267795329,947.0,0.231187662285488,728.0,219.0
TP_0583,0.0906680124132486,981.0,0.0435526871865013,973.0,8.0
TP_0492,0.1286417142429759,963.0,0.0453347535254076,971.0,-8.0
TP_0464,0.1172416192493855,967.0,0.0479827383328182,969.0,-2.0
TP_0433,0.1033720355062912,974.0,0.0432408961569894,974.0,0.0
TP_0519,0.1010039435578691,977.0,0.0364229553145023,982.0,-5.0
