cell_id,cell_area_m2,centroid_x_svy21,centroid_y_svy21,lon,lat
TP_0001,10000.0,28750.0,34250.0,103.84005773633349,1.3260193455325362
TP_0002,10000.0,28850.0,34250.0,103.84095629063009,1.3260193429122338
TP_0003,10000.0,28950.0,34250.0,103.8418548449248,1.3260193399637201
TP_0004,10000.0,29050.0,34250.0,103.84275339921739,1.326019336686995
TP_0005,10000.0,29150.0,34250.0,103.84365195350763,1.3260193330820584
TP_0006,10000.0,29250.0,34250.0,103.84455050779535,1.3260193291489106
TP_0007,10000.0,29350.0,34250.0,103.84544906208026,1.326019324887551
TP_0008,10000.0,29450.0,34250.0,103.84634761636218,1.3260193202979802
TP_0009,10000.0,29550.0,34250.0,103.84724617064089,1.3260193153801978
TP_0010,10000.0,29650.0,34250.0,103.84814472491612,1.3260193101342048
TP_0011,10000.0,29750.0,34250.0,103.84904327918771,1.3260193045599993
TP_0012,10000.0,29850.0,34250.0,103.8499418334554,1.326019298657583
TP_0013,10000.0,29950.0,34250.0,103.85084038771897,1.3260192924269556
TP_0014,10000.0,30050.0,34250.0,103.85173894197821,1.3260192858681163
TP_0015,10000.0,30150.0,34250.0,103.85263749623289,1.326019278981066
TP_0016,10000.0,30250.0,34250.0,103.85353605048279,1.3260192717658044
TP_0017,10000.0,30350.0,34250.0,103.85443460472769,1.326019264222331
TP_0018,10000.0,30450.0,34250.0,103.85533315896734,1.3260192563506468
TP_0019,10000.0,30550.0,34250.0,103.85623171320155,1.326019248150751
TP_0020,10000.0,30650.0,34250.0,103.8571302674301,1.3260192396226438
TP_0021,10000.0,30750.0,34250.0,103.85802882165274,1.3260192307663254
TP_0022,10000.0,30850.0,34250.0,103.85892737586926,1.3260192215817954
TP_0023,10000.0,30950.0,34250.0,103.85982593007945,1.3260192120690546
TP_0024,10000.0,31050.0,34250.0,103.86072448428308,1.3260192022281028
TP_0025,10000.0,31150.0,34250.0,103.8616230384799,1.326019192058939
TP_0026,10000.0,31250.0,34250.0,103.86252159266975,1.3260191815615645
TP_0027,10000.0,31350.0,34250.0,103.86342014685235,1.3260191707359785
TP_0028,10000.0,31450.0,34250.0,103.86431870102749,1.326019159582181
TP_0029,10000.0,31550.0,34250.0,103.86521725519495,1.3260191481001729
TP_0030,10000.0,28750.0,34350.0,103.84005773877473,1.3269237101367777
TP_0031,10000.0,28850.0,34350.0,103.84095629339755,1.3269237075146878
TP_0032,10000.0,28950.0,34350.0,103.84185484801847,1.3269237045641626
TP_0033,10000.0,29050.0,34350.0,103.84275340263727,1.326923701285202
TP_0034,10000.0,29150.0,34350.0,103.84365195725374,1.3269236976778058
TP_0035,10000.0,29250.0,34350.0,103.84455051186767,1.3269236937419744
TP_0036,10000.0,29350.0,34350.0,103.84544906647879,1.3269236894777077
TP_0037,10000.0,29450.0,34350.0,103.84634762108692,1.326923684885006
TP_0038,10000.0,29550.0,34350.0,103.84724617569184,1.3269236799638684
TP_0039,10000.0,29650.0,34350.0,103.84814473029331,1.3269236747142956
TP_0040,10000.0,29750.0,34350.0,103.8490432848911,1.3269236691362878
TP_0041,10000.0,29850.0,34350.0,103.849941839485,1.3269236632298445
TP_0042,10000.0,29950.0,34350.0,103.8508403940748,1.326923656994966
TP_0043,10000.0,30050.0,34350.0,103.85173894866024,1.3269236504316522
TP_0044,10000.0,30150.0,34350.0,103.85263750324114,1.326923643539903
TP_0045,10000.0,30250.0,34350.0,103.85353605781725,1.3269236363197188
TP_0046,10000.0,30350.0,34350.0,103.85443461238836,1.326923628771099
TP_0047,10000.0,30450.0,34350.0,103.85533316695424,1.326923620894044
TP_0048,10000.0,30550.0,34350.0,103.85623172151466,1.3269236126885542
TP_0049,10000.0,30650.0,34350.0,103.85713027606941,1.3269236041546286
TP_0050,10000.0,30750.0,34350.0,103.85802883061827,1.326923595292268
TP_0051,10000.0,30850.0,34350.0,103.85892738516101,1.326923586101472
TP_0052,10000.0,30950.0,34350.0,103.85982593969742,1.3269235765822414
TP_0053,10000.0,31050.0,34350.0,103.86072449422724,1.326923566734575
TP_0054,10000.0,31150.0,34350.0,103.8616230487503,1.3269235565584738
TP_0055,10000.0,31250.0,34350.0,103.86252160326633,1.326923546053937
TP_0056,10000.0,31350.0,34350.0,103.86342015777515,1.3269235352209652
TP_0057,10000.0,31450.0,34350.0,103.86431871227651,1.3269235240595587
TP_0058,10000.0,31550.0,34350.0,103.86521726677019,1.3269235125697163
TP_0059,10000.0,28750.0,34450.0,103.84005774121766,1.3278280747343825
TP_0060,10000.0,28850.0,34450.0,103.8409562961669,1.327828072110505
TP_0061,10000.0,28950.0,34450.0,103.84185485111425,1.3278280691579678
TP_0062,10000.0,29050.0,34450.0,103.8427534060595,1.3278280658767718
TP_0063,10000.0,29150.0,34450.0,103.84365196100241,1.3278280622669165
TP_0064,10000.0,29250.0,34450.0,103.84455051594276,1.3278280583284015
TP_0065,10000.0,29350.0,34450.0,103.84544907088032,1.3278280540612273
TP_0066,10000.0,29450.0,34450.0,103.84634762581491,1.3278280494653945
TP_0067,10000.0,29550.0,34450.0,103.84724618074624,1.327828044540902
TP_0068,10000.0,29650.0,34450.0,103.84814473567415,1.3278280392877502
TP_0069,10000.0,29750.0,34450.0,103.84904329059839,1.3278280337059392
TP_0070,10000.0,29850.0,34450.0,103.84994184551871,1.327828027795469
TP_0071,10000.0,29950.0,34450.0,103.85084040043495,1.3278280215563396
TP_0072,10000.0,30050.0,34450.0,103.85173895534685,1.3278280149885509
TP_0073,10000.0,30150.0,34450.0,103.85263751025416,1.327828008092103
TP_0074,10000.0,30250.0,34450.0,103.8535360651567,1.327828000866996
TP_0075,10000.0,30350.0,34450.0,103.85443462005425,1.32782799331323
TP_0076,10000.0,30450.0,34450.0,103.85533317494657,1.3278279854308046
TP_0077,10000.0,30550.0,34450.0,103.85623172983344,1.3278279772197203
TP_0078,10000.0,30650.0,34450.0,103.85713028471461,1.3278279686799765
TP_0079,10000.0,30750.0,34450.0,103.85802883958992,1.3278279598115736
TP_0080,10000.0,30850.0,34450.0,103.85892739445909,1.3278279506145119
TP_0081,10000.0,30950.0,34450.0,103.85982594932193,1.3278279410887908
TP_0082,10000.0,31050.0,34450.0,103.8607245041782,1.3278279312344103
TP_0083,10000.0,31150.0,34450.0,103.86162305902769,1.327827921051371
TP_0084,10000.0,31250.0,34450.0,103.86252161387017,1.3278279105396729
TP_0085,10000.0,31350.0,34450.0,103.86342016870542,1.3278278996993154
TP_0086,10000.0,31450.0,34450.0,103.86431872353322,1.3278278885302985
TP_0087,10000.0,31550.0,34450.0,103.86521727835334,1.3278278770326233
TP_0088,10000.0,28750.0,34550.0,103.84005774366223,1.328732439325346
TP_0089,10000.0,28850.0,34550.0,103.84095629893814,1.3287324366996809
TP_0090,10000.0,28950.0,34550.0,103.84185485421214,1.3287324337451323
TP_0091,10000.0,29050.0,34550.0,103.84275340948405,1.3287324304617003
TP_0092,10000.0,29150.0,34550.0,103.84365196475362,1.3287324268493854
TP_0093,10000.0,29250.0,34550.0,103.84455052002063,1.3287324229081876
TP_0094,10000.0,29350.0,34550.0,103.84544907528486,1.3287324186381062
TP_0095,10000.0,29450.0,34550.0,103.84634763054609,1.3287324140391417
TP_0096,10000.0,29550.0,34550.0,103.8472461858041,1.328732409111294
TP_0097,10000.0,29650.0,34550.0,103.84814474105866,1.3287324038545631
TP_0098,10000.0,29750.0,34550.0,103.84904329630956,1.328732398268949
TP_0099,10000.0,29850.0,34550.0,103.84994185155655,1.328732392354452
TP_0100,10000.0,29950.0,34550.0,103.85084040679943,1.3287323861110718
TP_0101,10000.0,30050.0,34550.0,103.85173896203798,1.3287323795388086
TP_0102,10000.0,30150.0,34550.0,103.85263751727197,1.328732372637662
TP_0103,10000.0,30250.0,34550.0,103.85353607250119,1.3287323654076324
TP_0104,10000.0,30350.0,34550.0,103.85443462772538,1.3287323578487196
TP_0105,10000.0,30450.0,34550.0,103.85533318294436,1.3287323499609238
TP_0106,10000.0,30550.0,34550.0,103.85623173815787,1.328732341744245
TP_0107,10000.0,30650.0,34550.0,103.85713029336573,1.328732333198683
TP_0108,10000.0,30750.0,34550.0,103.85802884856768,1.3287323243242377
TP_0109,10000.0,30850.0,34550.0,103.85892740376352,1.3287323151209098
TP_0110,10000.0,30950.0,34550.0,103.85982595895301,1.3287323055886986
TP_0111,10000.0,31050.0,34550.0,103.86072451413594,1.3287322957276044
TP_0112,10000.0,31150.0,34550.0,103.86162306931209,1.3287322855376271
TP_0113,10000.0,31250.0,34550.0,103.86252162448123,1.3287322750187673
TP_0114,10000.0,31350.0,34550.0,103.86342017964314,1.328732264171024
TP_0115,10000.0,31450.0,34550.0,103.86431873479759,1.3287322529943981
TP_0116,10000.0,31550.0,34550.0,103.86521728994437,1.3287322414888887
TP_0117,10000.0,28750.0,34650.0,103.84005774610849,1.3296368039096638
TP_0118,10000.0,28850.0,34650.0,103.84095630171126,1.3296368012822104
TP_0119,10000.0,28950.0,34650.0,103.84185485731216,1.32963679832565
TP_0120,10000.0,29050.0,34650.0,103.84275341291094,1.3296367950399828
TP_0121,10000.0,29150.0,34650.0,103.8436519685074,1.3296367914252083
TP_0122,10000.0,29250.0,34650.0,103.84455052410128,1.329636787481327
TP_0123,10000.0,29350.0,34650.0,103.84544907969241,1.3296367832083382
TP_0124,10000.0,29450.0,34650.0,103.84634763528052,1.3296367786062426
TP_0125,10000.0,29550.0,34650.0,103.8472461908654,1.3296367736750396
TP_0126,10000.0,29650.0,34650.0,103.84814474644685,1.3296367684147303
TP_0127,10000.0,29750.0,34650.0,103.84904330202461,1.329636762825313
TP_0128,10000.0,29850.0,34650.0,103.84994185759851,1.329636756906789
TP_0129,10000.0,29950.0,34650.0,103.85084041316827,1.3296367506591582
TP_0130,10000.0,30050.0,34650.0,103.8517389687337,1.3296367440824202
TP_0131,10000.0,30150.0,34650.0,103.85263752429456,1.3296367371765745
TP_0132,10000.0,30250.0,34650.0,103.85353607985066,1.3296367299416225
TP_0133,10000.0,30350.0,34650.0,103.85443463540174,1.3296367223775631
TP_0134,10000.0,30450.0,34650.0,103.85533319094759,1.3296367144843968
TP_0135,10000.0,30550.0,34650.0,103.856231746488,1.3296367062621237
TP_0136,10000.0,30650.0,34650.0,103.85713030202272,1.3296366977107434
TP_0137,10000.0,30750.0,34650.0,103.85802885755156,1.3296366888302562
TP_0138,10000.0,30850.0,34650.0,103.85892741307428,1.3296366796206618
TP_0139,10000.0,30950.0,34650.0,103.85982596859067,1.3296366700819606
TP_0140,10000.0,31050.0,34650.0,103.86072452410046,1.3296366602141527
TP_0141,10000.0,31150.0,34650.0,103.8616230796035,1.3296366500172372
TP_0142,10000.0,31250.0,34650.0,103.86252163509951,1.3296366394912154
TP_0143,10000.0,31350.0,34650.0,103.86342019058831,1.3296366286360863
TP_0144,10000.0,31450.0,34650.0,103.86431874606964,1.3296366174518506
TP_0145,10000.0,31550.0,34650.0,103.86521730154331,1.3296366059385079
TP_0146,10000.0,28750.0,34750.0,103.84005774855639,1.3305411684873305
TP_0147,10000.0,28850.0,34750.0,103.84095630448628,1.3305411658580895
TP_0148,10000.0,28950.0,34750.0,103.84185486041429,1.3305411628995176
TP_0149,10000.0,29050.0,34750.0,103.84275341634017,1.3305411596116148
TP_0150,10000.0,29150.0,34750.0,103.84365197226373,1.3305411559943805
TP_0151,10000.0,29250.0,34750.0,103.84455052818473,1.3305411520478159
TP_0152,10000.0,29350.0,34750.0,103.84544908410295,1.3305411477719202
TP_0153,10000.0,29450.0,34750.0,103.84634764001815,1.3305411431666931
TP_0154,10000.0,29550.0,34750.0,103.84724619593015,1.330541138232135
TP_0155,10000.0,29650.0,34750.0,103.8481447518387,1.3305411329682462
TP_0156,10000.0,29750.0,34750.0,103.84904330774357,1.3305411273750263
TP_0157,10000.0,29850.0,34750.0,103.84994186364456,1.3305411214524756
TP_0158,10000.0,29950.0,34750.0,103.85084041954144,1.3305411152005935
TP_0159,10000.0,30050.0,34750.0,103.85173897543396,1.3305411086193806
TP_0160,10000.0,30150.0,34750.0,103.85263753132193,1.3305411017088364
TP_0161,10000.0,30250.0,34750.0,103.85353608720514,1.3305410944689617
TP_0162,10000.0,30350.0,34750.0,103.85443464308331,1.330541086899756
TP_0163,10000.0,30450.0,34750.0,103.85533319895627,1.3305410790012193
TP_0164,10000.0,30550.0,34750.0,103.8562317548238,1.3305410707733514
TP_0165,10000.0,30650.0,34750.0,103.85713031068563,1.3305410622161529
TP_0166,10000.0,30750.0,34750.0,103.85802886654157,1.3305410533296236
TP_0167,10000.0,30850.0,34750.0,103.85892742239139,1.330541044113763
TP_0168,10000.0,30950.0,34750.0,103.85982597823487,1.3305410345685715
TP_0169,10000.0,31050.0,34750.0,103.86072453407179,1.3305410246940497
TP_0170,10000.0,31150.0,34750.0,103.86162308990193,1.3305410144901968
TP_0171,10000.0,31250.0,34750.0,103.86252164572505,1.3305410039570127
TP_0172,10000.0,31350.0,34750.0,103.86342020154093,1.3305409930944978
TP_0173,10000.0,31450.0,34750.0,103.86431875734938,1.3305409819026526
TP_0174,10000.0,31550.0,34750.0,103.86521731315014,1.3305409703814761
TP_0175,10000.0,28750.0,34850.0,103.84005775100599,1.3314455330583423
TP_0176,10000.0,28850.0,34850.0,103.84095630726318,1.3314455304273138
TP_0177,10000.0,28950.0,34850.0,103.84185486351852,1.3314455274667303
TP_0178,10000.0,29050.0,34850.0,103.84275341977173,1.3314455241765921
TP_0179,10000.0,29150.0,34850.0,103.84365197602261,1.3314455205568987
TP_0180,10000.0,29250.0,34850.0,103.84455053227093,1.3314455166076504
TP_0181,10000.0,29350.0,34850.0,103.84544908851649,1.3314455123288471
TP_0182,10000.0,29450.0,34850.0,103.84634764475904,1.331445507720489
TP_0183,10000.0,29550.0,34850.0,103.84724620099836,1.3314455027825758
TP_0184,10000.0,29650.0,34850.0,103.84814475723422,1.3314454975151075
TP_0185,10000.0,29750.0,34850.0,103.84904331346642,1.3314454919180847
TP_0186,10000.0,29850.0,34850.0,103.84994186969473,1.331445485991507
TP_0187,10000.0,29950.0,34850.0,103.85084042591893,1.3314454797353743
TP_0188,10000.0,30050.0,34850.0,103.8517389821388,1.3314454731496863
TP_0189,10000.0,30150.0,34850.0,103.85263753835409,1.3314454662344437
TP_0190,10000.0,30250.0,34850.0,103.85353609456462,1.3314454589896465
TP_0191,10000.0,30350.0,34850.0,103.85443465077013,1.3314454514152942
TP_0192,10000.0,30450.0,34850.0,103.85533320697041,1.331445443511387
TP_0193,10000.0,30550.0,34850.0,103.85623176316525,1.331445435277925
TP_0194,10000.0,30650.0,34850.0,103.85713031935441,1.331445426714908
TP_0195,10000.0,30750.0,34850.0,103.85802887553768,1.3314454178223363
TP_0196,10000.0,30850.0,34850.0,103.85892743171483,1.3314454086002097
TP_0197,10000.0,30950.0,34850.0,103.85982598788564,1.3314453990485282
TP_0198,10000.0,31050.0,34850.0,103.86072454404989,1.331445389167292
TP_0199,10000.0,31150.0,34850.0,103.86162310020735,1.3314453789565013
TP_0200,10000.0,31250.0,34850.0,103.8625216563578,1.3314453684161554
TP_0201,10000.0,31350.0,34850.0,103.86342021250101,1.3314453575462548
TP_0202,10000.0,31450.0,34850.0,103.86431876863679,1.3314453463468
TP_0203,10000.0,31550.0,34850.0,103.86521732476488,1.3314453348177897
TP_0204,10000.0,28750.0,34950.0,103.84005775345722,1.3323498976226944
TP_0205,10000.0,28850.0,34950.0,103.84095631004199,1.3323498949898784
TP_0206,10000.0,28950.0,34950.0,103.84185486662486,1.3323498920272836
TP_0207,10000.0,29050.0,34950.0,103.84275342320562,1.3323498887349094
TP_0208,10000.0,29150.0,34950.0,103.84365197978406,1.3323498851127566
TP_0209,10000.0,29250.0,34950.0,103.84455053635993,1.3323498811608252
TP_0210,10000.0,29350.0,34950.0,103.84544909293304,1.3323498768791147
TP_0211,10000.0,29450.0,34950.0,103.84634764950312,1.332349872267625
TP_0212,10000.0,29550.0,34950.0,103.84724620606998,1.3323498673263565
TP_0213,10000.0,29650.0,34950.0,103.84814476263342,1.3323498620553096
TP_0214,10000.0,29750.0,34950.0,103.84904331919316,1.3323498564544836
TP_0215,10000.0,29850.0,34950.0,103.84994187574902,1.332349850523879
TP_0216,10000.0,29950.0,34950.0,103.85084043230079,1.3323498442634953
TP_0217,10000.0,30050.0,34950.0,103.85173898884818,1.3323498376733325
TP_0218,10000.0,30150.0,34950.0,103.85263754539105,1.3323498307533912
TP_0219,10000.0,30250.0,34950.0,103.85353610192911,1.3323498235036713
TP_0220,10000.0,30350.0,34950.0,103.85443465846217,1.3323498159241725
TP_0221,10000.0,30450.0,34950.0,103.85533321499001,1.3323498080148946
TP_0222,10000.0,30550.0,34950.0,103.85623177151238,1.3323497997758382
TP_0223,10000.0,30650.0,34950.0,103.8571303280291,1.3323497912070033
TP_0224,10000.0,30750.0,34950.0,103.85802888453992,1.3323497823083892
TP_0225,10000.0,30850.0,34950.0,103.85892744104461,1.3323497730799965
TP_0226,10000.0,30950.0,34950.0,103.85982599754297,1.332349763521825
TP_0227,10000.0,31050.0,34950.0,103.86072455403477,1.332349753633875
TP_0228,10000.0,31150.0,34950.0,103.86162311051977,1.3323497434161462
TP_0229,10000.0,31250.0,34950.0,103.86252166699778,1.3323497328686384
TP_0230,10000.0,31350.0,34950.0,103.86342022346855,1.332349721991352
TP_0231,10000.0,31450.0,34950.0,103.86431877993186,1.3323497107842874
TP_0232,10000.0,31550.0,34950.0,103.8652173363875,1.3323496992474437
TP_0233,10000.0,28750.0,35050.0,103.84005775591012,1.3332542621803831
TP_0234,10000.0,28850.0,35050.0,103.84095631282267,1.3332542595457793
TP_0235,10000.0,28950.0,35050.0,103.84185486973333,1.3332542565811725
TP_0236,10000.0,29050.0,35050.0,103.84275342664185,1.3332542532865632
TP_0237,10000.0,29150.0,35050.0,103.84365198354806,1.3332542496619508
TP_0238,10000.0,29250.0,35050.0,103.8445505404517,1.3332542457073358
TP_0239,10000.0,29350.0,35050.0,103.84544909735257,1.3332542414227178
TP_0240,10000.0,29450.0,35050.0,103.84634765425044,1.333254236808097
TP_0241,10000.0,29550.0,35050.0,103.84724621114508,1.3332542318634735
TP_0242,10000.0,29650.0,35050.0,103.84814476803628,1.3332542265888474
TP_0243,10000.0,29750.0,35050.0,103.8490433249238,1.3332542209842184
TP_0244,10000.0,29850.0,35050.0,103.84994188180744,1.3332542150495867
TP_0245,10000.0,29950.0,35050.0,103.85084043868696,1.3332542087849522
TP_0246,10000.0,30050.0,35050.0,103.85173899556214,1.3332542021903149
TP_0247,10000.0,30150.0,35050.0,103.85263755243275,1.333254195265675
TP_0248,10000.0,30250.0,35050.0,103.8535361092986,1.3332541880110325
TP_0249,10000.0,30350.0,35050.0,103.85443466615943,1.3332541804263869
TP_0250,10000.0,30450.0,35050.0,103.85533322301505,1.3332541725117386
TP_0251,10000.0,30550.0,35050.0,103.8562317798652,1.333254164267088
TP_0252,10000.0,30650.0,35050.0,103.85713033670969,1.3332541556924344
TP_0253,10000.0,30750.0,35050.0,103.85802889354828,1.3332541467877783
TP_0254,10000.0,30850.0,35050.0,103.85892745038075,1.3332541375531193
TP_0255,10000.0,30950.0,35050.0,103.85982600720688,1.3332541279884578
TP_0256,10000.0,31050.0,35050.0,103.86072456402644,1.3332541180937936
TP_0257,10000.0,31150.0,35050.0,103.86162312083923,1.3332541078691267
TP_0258,10000.0,31250.0,35050.0,103.86252167764499,1.3332540973144575
TP_0259,10000.0,31350.0,35050.0,103.86342023444354,1.3332540864297855
TP_0260,10000.0,31450.0,35050.0,103.86431879123464,1.3332540752151107
TP_0261,10000.0,31550.0,35050.0,103.86521734801805,1.3332540636704333
TP_0262,10000.0,28750.0,35150.0,103.84005775836471,1.3341586267314032
TP_0263,10000.0,28850.0,35150.0,103.84095631560524,1.3341586240950114
TP_0264,10000.0,28950.0,35150.0,103.84185487284388,1.334158621128393
TP_0265,10000.0,29050.0,35150.0,103.84275343008042,1.334158617831548
TP_0266,10000.0,29150.0,35150.0,103.84365198731462,1.3341586142044761
TP_0267,10000.0,29250.0,35150.0,103.84455054454625,1.3341586102471776
TP_0268,10000.0,29350.0,35150.0,103.84544910177512,1.3341586059596524
TP_0269,10000.0,29450.0,35150.0,103.84634765900098,1.3341586013419005
TP_0270,10000.0,29550.0,35150.0,103.84724621622361,1.334158596393922
TP_0271,10000.0,29650.0,35150.0,103.8481447734428,1.3341585911157168
TP_0272,10000.0,29750.0,35150.0,103.84904333065832,1.3341585855072846
TP_0273,10000.0,29850.0,35150.0,103.84994188786996,1.334158579568626
TP_0274,10000.0,29950.0,35150.0,103.85084044507748,1.3341585732997407
TP_0275,10000.0,30050.0,35150.0,103.85173900228064,1.3341585667006284
TP_0276,10000.0,30150.0,35150.0,103.85263755947926,1.33415855977129
TP_0277,10000.0,30250.0,35150.0,103.8535361166731,1.3341585525117248
TP_0278,10000.0,30350.0,35150.0,103.85443467386192,1.3341585449219329
TP_0279,10000.0,30450.0,35150.0,103.85533323104552,1.3341585370019138
TP_0280,10000.0,30550.0,35150.0,103.85623178822368,1.3341585287516688
TP_0281,10000.0,30650.0,35150.0,103.85713034539617,1.3341585201711972
TP_0282,10000.0,30750.0,35150.0,103.85802890256275,1.3341585112604986
TP_0283,10000.0,30850.0,35150.0,103.8589274597232,1.3341585020195734
TP_0284,10000.0,30950.0,35150.0,103.85982601687734,1.334158492448422
TP_0285,10000.0,31050.0,35150.0,103.8607245740249,1.3341584825470438
TP_0286,10000.0,31150.0,35150.0,103.86162313116567,1.334158472315439
TP_0287,10000.0,31250.0,35150.0,103.86252168829945,1.3341584617536075
TP_0288,10000.0,31350.0,35150.0,103.86342024542597,1.3341584508615498
TP_0289,10000.0,31450.0,35150.0,103.86431880254507,1.3341584396392654
TP_0290,10000.0,31550.0,35150.0,103.86521735965647,1.3341584280867549
TP_0291,10000.0,28750.0,35250.0,103.84005776082094,1.3350629912757497
TP_0292,10000.0,28850.0,35250.0,103.8409563183897,1.3350629886375704
TP_0293,10000.0,28950.0,35250.0,103.84185487595656,1.3350629856689402
TP_0294,10000.0,29050.0,35250.0,103.84275343352131,1.3350629823698599
TP_0295,10000.0,29150.0,35250.0,103.84365199108373,1.3350629787403285
TP_0296,10000.0,29250.0,35250.0,103.84455054864358,1.3350629747803466
TP_0297,10000.0,29350.0,35250.0,103.84544910620066,1.335062970489914
TP_0298,10000.0,29450.0,35250.0,103.84634766375474,1.335062965869031
TP_0299,10000.0,29550.0,35250.0,103.8472462213056,1.3350629609176972
TP_0300,10000.0,29650.0,35250.0,103.848144778853,1.3350629556359124
TP_0301,10000.0,29750.0,35250.0,103.84904333639675,1.3350629500236777
TP_0302,10000.0,29850.0,35250.0,103.8499418939366,1.3350629440809922
TP_0303,10000.0,29950.0,35250.0,103.85084045147232,1.3350629378078558
TP_0304,10000.0,30050.0,35250.0,103.85173900900371,1.3350629312042692
TP_0305,10000.0,30150.0,35250.0,103.85263756653055,1.3350629242702319
TP_0306,10000.0,30250.0,35250.0,103.8535361240526,1.3350629170057438
TP_0307,10000.0,30350.0,35250.0,103.85443468156966,1.335062909410805
TP_0308,10000.0,30450.0,35250.0,103.85533323908146,1.335062901485416
TP_0309,10000.0,30550.0,35250.0,103.85623179658785,1.3350628932295767
TP_0310,10000.0,30650.0,35250.0,103.85713035408854,1.3350628846432862
TP_0311,10000.0,30750.0,35250.0,103.85802891158333,1.335062875726546
TP_0312,10000.0,30850.0,35250.0,103.85892746907201,1.3350628664793545
TP_0313,10000.0,30950.0,35250.0,103.85982602655436,1.3350628569017127
TP_0314,10000.0,31050.0,35250.0,103.86072458403015,1.3350628469936208
TP_0315,10000.0,31150.0,35250.0,103.86162314149914,1.3350628367550779
TP_0316,10000.0,31250.0,35250.0,103.86252169896112,1.3350628261860846
TP_0317,10000.0,31350.0,35250.0,103.86342025641588,1.335062815286641
TP_0318,10000.0,31450.0,35250.0,103.86431881386318,1.335062804056747
TP_0319,10000.0,31550.0,35250.0,103.86521737130279,1.3350627924964027
TP_0320,10000.0,28750.0,35350.0,103.84005776327885,1.3359673558134189
TP_0321,10000.0,28850.0,35350.0,103.84095632117604,1.335967353173452
TP_0322,10000.0,28950.0,35350.0,103.84185487907133,1.3359673502028104
TP_0323,10000.0,29050.0,35350.0,103.84275343696454,1.335967346901494
TP_0324,10000.0,29150.0,35350.0,103.84365199485539,1.3359673432695034
TP_0325,10000.0,29250.0,35350.0,103.8445505527437,1.3359673393068379
TP_0326,10000.0,29350.0,35350.0,103.8454491106292,1.3359673350134982
TP_0327,10000.0,29450.0,35350.0,103.84634766851173,1.335967330389484
TP_0328,10000.0,29550.0,35350.0,103.84724622639102,1.3359673254347948
TP_0329,10000.0,29650.0,35350.0,103.84814478426688,1.3359673201494313
TP_0330,10000.0,29750.0,35350.0,103.84904334213904,1.3359673145333935
TP_0331,10000.0,29850.0,35350.0,103.84994190000734,1.3359673085866808
TP_0332,10000.0,29950.0,35350.0,103.85084045787151,1.3359673023092935
TP_0333,10000.0,30050.0,35350.0,103.85173901573135,1.335967295701232
TP_0334,10000.0,30150.0,35350.0,103.85263757358662,1.3359672887624958
TP_0335,10000.0,30250.0,35350.0,103.85353613143711,1.3359672814930852
TP_0336,10000.0,30350.0,35350.0,103.8544346892826,1.3359672738930002
TP_0337,10000.0,30450.0,35350.0,103.85533324712286,1.3359672659622408
TP_0338,10000.0,30550.0,35350.0,103.85623180495767,1.3359672577008064
TP_0339,10000.0,30650.0,35350.0,103.8571303627868,1.3359672491086982
TP_0340,10000.0,30750.0,35350.0,103.85802892061004,1.335967240185915
TP_0341,10000.0,30850.0,35350.0,103.85892747842718,1.3359672309324577
TP_0342,10000.0,30950.0,35350.0,103.85982603623796,1.3359672213483258
TP_0343,10000.0,31050.0,35350.0,103.86072459404218,1.3359672114335197
TP_0344,10000.0,31150.0,35350.0,103.86162315183961,1.3359672011880388
TP_0345,10000.0,31250.0,35350.0,103.86252170963003,1.335967190611884
TP_0346,10000.0,31350.0,35350.0,103.86342026741323,1.335967179705055
TP_0347,10000.0,31450.0,35350.0,103.86431882518896,1.335967168467551
TP_0348,10000.0,31550.0,35350.0,103.86521738295704,1.3359671568993727
TP_0349,10000.0,28750.0,35450.0,103.84005776573842,1.3368717203444058
TP_0350,10000.0,28850.0,35450.0,103.84095632396428,1.3368717177026515
TP_0351,10000.0,28950.0,35450.0,103.84185488218824,1.336871714729998
TP_0352,10000.0,29050.0,35450.0,103.84275344041009,1.3368717114264463
TP_0353,10000.0,29150.0,35450.0,103.84365199862962,1.336871707791996
TP_0354,10000.0,29250.0,35450.0,103.84455055684658,1.336871703826647
TP_0355,10000.0,29350.0,35450.0,103.84544911506076,1.3368716995304004
TP_0356,10000.0,29450.0,35450.0,103.84634767327194,1.3368716949032546
TP_0357,10000.0,29550.0,35450.0,103.8472462314799,1.3368716899452104
TP_0358,10000.0,29650.0,35450.0,103.84814478968441,1.3368716846562678
TP_0359,10000.0,29750.0,35450.0,103.84904334788526,1.3368716790364268
TP_0360,10000.0,29850.0,35450.0,103.84994190608221,1.336871673085687
TP_0361,10000.0,29950.0,35450.0,103.85084046427504,1.3368716668040492
TP_0362,10000.0,30050.0,35450.0,103.85173902246353,1.3368716601915127
TP_0363,10000.0,30150.0,35450.0,103.85263758064747,1.336871653248078
TP_0364,10000.0,30250.0,35450.0,103.85353613882663,1.3368716459737446
TP_0365,10000.0,30350.0,35450.0,103.85443469700078,1.336871638368513
TP_0366,10000.0,30450.0,35450.0,103.8553332551697,1.3368716304323829
TP_0367,10000.0,30550.0,35450.0,103.85623181333317,1.3368716221653545
TP_0368,10000.0,30650.0,35450.0,103.85713037149098,1.3368716135674277
TP_0369,10000.0,30750.0,35450.0,103.85802892964288,1.3368716046386027
TP_0370,10000.0,30850.0,35450.0,103.85892748778866,1.3368715953788788
TP_0371,10000.0,30950.0,35450.0,103.8598260459281,1.3368715857882567
TP_0372,10000.0,31050.0,35450.0,103.86072460406099,1.3368715758667364
TP_0373,10000.0,31150.0,35450.0,103.86162316218709,1.3368715656143182
TP_0374,10000.0,31250.0,35450.0,103.86252172030616,1.336871555031001
TP_0375,10000.0,31350.0,35450.0,103.86342027841802,1.3368715441167858
TP_0376,10000.0,31450.0,35450.0,103.86431883652243,1.3368715328716723
TP_0377,10000.0,31550.0,35450.0,103.86521739461917,1.3368715212956606
TP_0378,10000.0,28750.0,35550.0,103.84005776819967,1.3377760848687068
TP_0379,10000.0,28850.0,35550.0,103.84095632675441,1.337776082225164
TP_0380,10000.0,28950.0,35550.0,103.84185488530726,1.3377760792504996
TP_0381,10000.0,29050.0,35550.0,103.842753443858,1.3377760759447117
TP_0382,10000.0,29150.0,35550.0,103.8436520024064,1.3377760723078023
TP_0383,10000.0,29250.0,35550.0,103.84455056095224,1.3377760683397701
TP_0384,10000.0,29350.0,35550.0,103.84544911949531,1.3377760640406158
TP_0385,10000.0,29450.0,35550.0,103.84634767803537,1.3377760594103387
TP_0386,10000.0,29550.0,35550.0,103.84724623657222,1.3377760544489394
TP_0387,10000.0,29650.0,35550.0,103.84814479510563,1.3377760491564177
TP_0388,10000.0,29750.0,35550.0,103.84904335363535,1.3377760435327735
TP_0389,10000.0,29850.0,35550.0,103.84994191216117,1.3377760375780072
TP_0390,10000.0,29950.0,35550.0,103.8508404706829,1.3377760312921183
TP_0391,10000.0,30050.0,35550.0,103.85173902920029,1.3377760246751071
TP_0392,10000.0,30150.0,35550.0,103.8526375877131,1.3377760177269737
TP_0393,10000.0,30250.0,35550.0,103.85353614622115,1.3377760104477177
TP_0394,10000.0,30350.0,35550.0,103.85443470472418,1.3377760028373396
TP_0395,10000.0,30450.0,35550.0,103.855333263222,1.3377759948958385
TP_0396,10000.0,30550.0,35550.0,103.85623182171435,1.3377759866232157
TP_0397,10000.0,30650.0,35550.0,103.85713038020103,1.337775978019471
TP_0398,10000.0,30750.0,35550.0,103.85802893868183,1.3377759690846036
TP_0399,10000.0,30850.0,35550.0,103.8589274971565,1.3377759598186139
TP_0400,10000.0,30950.0,35550.0,103.85982605562482,1.3377759502215016
TP_0401,10000.0,31050.0,35550.0,103.86072461408659,1.3377759402932672
TP_0402,10000.0,31150.0,35550.0,103.86162317254157,1.3377759300339107
TP_0403,10000.0,31250.0,35550.0,103.86252173098954,1.3377759194434322
TP_0404,10000.0,31350.0,35550.0,103.86342028943028,1.337775908521831
TP_0405,10000.0,31450.0,35550.0,103.86431884786357,1.3377758972691076
TP_0406,10000.0,31550.0,35550.0,103.86521740628919,1.3377758856852624
TP_0407,10000.0,28750.0,35650.0,103.84005777066257,1.338680449386316
TP_0408,10000.0,28850.0,35650.0,103.84095632954643,1.3386804467409859
TP_0409,10000.0,28950.0,35650.0,103.84185488842837,1.3386804437643094
TP_0410,10000.0,29050.0,35650.0,103.84275344730823,1.3386804404562862
TP_0411,10000.0,29150.0,35650.0,103.84365200618574,1.3386804368169172
TP_0412,10000.0,29250.0,35650.0,103.8445505650607,1.3386804328462016
TP_0413,10000.0,29350.0,35650.0,103.84544912393287,1.3386804285441398
TP_0414,10000.0,29450.0,35650.0,103.84634768280203,1.3386804239107315
TP_0415,10000.0,29550.0,35650.0,103.84724624166799,1.338680418945977
TP_0416,10000.0,29650.0,35650.0,103.84814480053049,1.3386804136498762
TP_0417,10000.0,29750.0,35650.0,103.84904335938933,1.3386804080224293
TP_0418,10000.0,29850.0,35650.0,103.84994191824428,1.3386804020636358
TP_0419,10000.0,29950.0,35650.0,103.8508404770951,1.3386803957734958
TP_0420,10000.0,30050.0,35650.0,103.85173903594159,1.33868038915201
TP_0421,10000.0,30150.0,35650.0,103.85263759478352,1.3386803821991777
TP_0422,10000.0,30250.0,35650.0,103.85353615362067,1.3386803749149994
TP_0423,10000.0,30350.0,35650.0,103.85443471245281,1.3386803672994745
TP_0424,10000.0,30450.0,35650.0,103.85533327127973,1.3386803593526035
TP_0425,10000.0,30550.0,35650.0,103.8562318301012,1.3386803510743859
TP_0426,10000.0,30650.0,35650.0,103.85713038891699,1.3386803424648228
TP_0427,10000.0,30750.0,35650.0,103.85802894772688,1.3386803335239128
TP_0428,10000.0,30850.0,35650.0,103.85892750653068,1.338680324251657
TP_0429,10000.0,30950.0,35650.0,103.8598260653281,1.3386803146480546
TP_0430,10000.0,31050.0,35650.0,103.86072462411897,1.3386803047131066
TP_0431,10000.0,31150.0,35650.0,103.86162318290306,1.338680294446812
TP_0432,10000.0,31250.0,35650.0,103.86252174168014,1.3386802838491711
TP_0433,10000.0,31350.0,35650.0,103.86342030044999,1.3386802729201845
TP_0434,10000.0,31450.0,35650.0,103.86431885921239,1.3386802616598514
TP_0435,10000.0,31550.0,35650.0,103.8652174179671,1.3386802500681723
TP_0436,10000.0,28750.0,35750.0,103.84005777312714,1.3395848138972295
TP_0437,10000.0,28850.0,35750.0,103.84095633234033,1.3395848112501114
TP_0438,10000.0,28950.0,35750.0,103.8418548915516,1.3395848082714235
TP_0439,10000.0,29050.0,35750.0,103.8427534507608,1.3395848049611647
TP_0440,10000.0,29150.0,35750.0,103.84365200996763,1.339584801319336
TP_0441,10000.0,29250.0,35750.0,103.84455056917191,1.3395847973459374
TP_0442,10000.0,29350.0,35750.0,103.84544912837342,1.3395847930409681
TP_0443,10000.0,29450.0,35750.0,103.84634768757194,1.3395847884044283
TP_0444,10000.0,29550.0,35750.0,103.84724624676721,1.339584783436319
TP_0445,10000.0,29650.0,35750.0,103.84814480595904,1.339584778136639
TP_0446,10000.0,29750.0,35750.0,103.84904336514721,1.339584772505389
TP_0447,10000.0,29850.0,35750.0,103.84994192433147,1.3395847665425684
TP_0448,10000.0,29950.0,35750.0,103.85084048351165,1.3395847602481779
TP_0449,10000.0,30050.0,35750.0,103.85173904268746,1.339584753622217
TP_0450,10000.0,30150.0,35750.0,103.85263760185873,1.3395847466646862
TP_0451,10000.0,30250.0,35750.0,103.8535361610252,1.3395847393755849
TP_0452,10000.0,30350.0,35750.0,103.85443472018667,1.3395847317549134
TP_0453,10000.0,30450.0,35750.0,103.85533327934293,1.3395847238026721
TP_0454,10000.0,30550.0,35750.0,103.85623183849371,1.3395847155188603
TP_0455,10000.0,30650.0,35750.0,103.85713039763884,1.3395847069034783
TP_0456,10000.0,30750.0,35750.0,103.85802895677806,1.3395846979565265
TP_0457,10000.0,30850.0,35750.0,103.85892751591118,1.3395846886780043
TP_0458,10000.0,30950.0,35750.0,103.85982607503794,1.3395846790679122
TP_0459,10000.0,31050.0,35750.0,103.86072463415816,1.3395846691262496
TP_0460,10000.0,31150.0,35750.0,103.86162319327157,1.3395846588530174
TP_0461,10000.0,31250.0,35750.0,103.86252175237797,1.3395846482482145
TP_0462,10000.0,31350.0,35750.0,103.86342031147716,1.339584637311842
TP_0463,10000.0,31450.0,35750.0,103.86431887056888,1.3395846260438993
TP_0464,10000.0,31550.0,35750.0,103.86521742965293,1.3395846144443868
TP_0465,10000.0,28750.0,35850.0,103.84005777559338,1.340489178401443
TP_0466,10000.0,28850.0,35850.0,103.84095633513611,1.3404891757525375
TP_0467,10000.0,28950.0,35850.0,103.84185489467694,1.3404891727718375
TP_0468,10000.0,29050.0,35850.0,103.84275345421568,1.3404891694593435
TP_0469,10000.0,29150.0,35850.0,103.84365201375208,1.3404891658150553
TP_0470,10000.0,29250.0,35850.0,103.84455057328591,1.340489161838973
TP_0471,10000.0,29350.0,35850.0,103.84544913281697,1.3404891575310962
TP_0472,10000.0,29450.0,35850.0,103.84634769234503,1.3404891528914256
TP_0473,10000.0,29550.0,35850.0,103.84724625186988,1.3404891479199608
TP_0474,10000.0,29650.0,35850.0,103.84814481139126,1.340489142616702
TP_0475,10000.0,29750.0,35850.0,103.84904337090899,1.340489136981649
TP_0476,10000.0,29850.0,35850.0,103.8499419304228,1.3404891310148015
TP_0477,10000.0,29950.0,35850.0,103.85084048993252,1.34048912471616
TP_0478,10000.0,30050.0,35850.0,103.8517390494379,1.3404891180857241
TP_0479,10000.0,30150.0,35850.0,103.8526376089387,1.3404891111234947
TP_0480,10000.0,30250.0,35850.0,103.85353616843473,1.3404891038294708
TP_0481,10000.0,30350.0,35850.0,103.85443472792575,1.3404890962036529
TP_0482,10000.0,30450.0,35850.0,103.85533328741155,1.3404890882460407
TP_0483,10000.0,30550.0,35850.0,103.8562318468919,1.3404890799566347
TP_0484,10000.0,30650.0,35850.0,103.8571304063666,1.3404890713354343
TP_0485,10000.0,30750.0,35850.0,103.85802896583537,1.3404890623824404
TP_0486,10000.0,30850.0,35850.0,103.85892752529803,1.3404890530976519
TP_0487,10000.0,30950.0,35850.0,103.85982608475436,1.3404890434810695
TP_0488,10000.0,31050.0,35850.0,103.8607246442041,1.3404890335326929
TP_0489,10000.0,31150.0,35850.0,103.86162320364708,1.3404890232525222
TP_0490,10000.0,31250.0,35850.0,103.86252176308304,1.340489012640558
TP_0491,10000.0,31350.0,35850.0,103.86342032251177,1.3404890016967996
TP_0492,10000.0,31450.0,35850.0,103.86431888193306,1.3404889904212471
TP_0493,10000.0,31550.0,35850.0,103.86521744134666,1.3404889788139007
TP_0494,10000.0,28750.0,35950.0,103.8400577780613,1.3413935428989516
TP_0495,10000.0,28850.0,35950.0,103.84095633793379,1.3413935402482584
TP_0496,10000.0,28950.0,35950.0,103.84185489780441,1.341393537265547
TP_0497,10000.0,29050.0,35950.0,103.84275345767291,1.3413935339508176
TP_0498,10000.0,29150.0,35950.0,103.84365201753909,1.3413935303040696
TP_0499,10000.0,29250.0,35950.0,103.8445505774027,1.3413935263253038
TP_0500,10000.0,29350.0,35950.0,103.84544913726354,1.3413935220145201
TP_0501,10000.0,29450.0,35950.0,103.84634769712136,1.3413935173717182
TP_0502,10000.0,29550.0,35950.0,103.84724625697599,1.341393512396898
TP_0503,10000.0,29650.0,35950.0,103.84814481682714,1.3413935070900598
TP_0504,10000.0,29750.0,35950.0,103.84904337667464,1.3413935014512035
TP_0505,10000.0,29850.0,35950.0,103.84994193651825,1.3413934954803293
TP_0506,10000.0,29950.0,35950.0,103.85084049635772,1.3413934891774368
TP_0507,10000.0,30050.0,35950.0,103.85173905619288,1.3413934825425264
TP_0508,10000.0,30150.0,35950.0,103.85263761602347,1.341393475575598
TP_0509,10000.0,30250.0,35950.0,103.85353617584927,1.3413934682766515
TP_0510,10000.0,30350.0,35950.0,103.85443473567007,1.341393460645687
TP_0511,10000.0,30450.0,35950.0,103.85533329548565,1.3413934526827043
TP_0512,10000.0,30550.0,35950.0,103.85623185529577,1.341393444387704
TP_0513,10000.0,30650.0,35950.0,103.85713041510023,1.3413934357606854
TP_0514,10000.0,30750.0,35950.0,103.85802897489877,1.3413934268016487
TP_0515,10000.0,30850.0,35950.0,103.85892753469122,1.3413934175105944
TP_0516,10000.0,30950.0,35950.0,103.85982609447733,1.3413934078875218
TP_0517,10000.0,31050.0,35950.0,103.86072465425686,1.3413933979324313
TP_0518,10000.0,31150.0,35950.0,103.86162321402959,1.3413933876453228
TP_0519,10000.0,31250.0,35950.0,103.86252177379534,1.3413933770261963
TP_0520,10000.0,31350.0,35950.0,103.86342033355385,1.3413933660750523
TP_0521,10000.0,31450.0,35950.0,103.8643188933049,1.3413933547918901
TP_0522,10000.0,31550.0,35950.0,103.86521745304827,1.34139334317671
TP_0523,10000.0,28750.0,36050.0,103.84005778053086,1.3422979073897512
TP_0524,10000.0,28850.0,36050.0,103.84095634073336,1.34229790473727
TP_0525,10000.0,28950.0,36050.0,103.84185490093398,1.3422979017525467
TP_0526,10000.0,29050.0,36050.0,103.84275346113247,1.342297898435582
TP_0527,10000.0,29150.0,36050.0,103.84365202132865,1.3422978947863746
TP_0528,10000.0,29250.0,36050.0,103.84455058152226,1.3422978908049257
TP_0529,10000.0,29350.0,36050.0,103.8454491417131,1.3422978864912345
TP_0530,10000.0,29450.0,36050.0,103.84634770190092,1.3422978818453013
TP_0531,10000.0,29550.0,36050.0,103.84724626208553,1.3422978768671259
TP_0532,10000.0,29650.0,36050.0,103.84814482226669,1.3422978715567087
TP_0533,10000.0,29750.0,36050.0,103.8490433824442,1.3422978659140492
TP_0534,10000.0,29850.0,36050.0,103.8499419426178,1.3422978599391482
TP_0535,10000.0,29950.0,36050.0,103.85084050278728,1.342297853632005
TP_0536,10000.0,30050.0,36050.0,103.85173906295242,1.3422978469926197
TP_0537,10000.0,30150.0,36050.0,103.85263762311301,1.3422978400209924
TP_0538,10000.0,30250.0,36050.0,103.85353618326882,1.3422978327171233
TP_0539,10000.0,30350.0,36050.0,103.85443474341962,1.342297825081012
TP_0540,10000.0,30450.0,36050.0,103.85533330356519,1.3422978171126594
TP_0541,10000.0,30550.0,36050.0,103.85623186370532,1.3422978088120643
TP_0542,10000.0,30650.0,36050.0,103.85713042383976,1.3422978001792272
TP_0543,10000.0,30750.0,36050.0,103.85802898396832,1.3422977912141483
TP_0544,10000.0,30850.0,36050.0,103.85892754409076,1.3422977819168274
TP_0545,10000.0,30950.0,36050.0,103.85982610420686,1.3422977722872649
TP_0546,10000.0,31050.0,36050.0,103.86072466431638,1.3422977623254606
TP_0547,10000.0,31150.0,36050.0,103.86162322441913,1.3422977520314139
TP_0548,10000.0,31250.0,36050.0,103.86252178451487,1.3422977414051258
TP_0549,10000.0,31350.0,36050.0,103.86342034460337,1.3422977304465957
TP_0550,10000.0,31450.0,36050.0,103.86431890468444,1.3422977191558236
TP_0551,10000.0,31550.0,36050.0,103.86521746475779,1.34229770753281
TP_0552,10000.0,28750.0,36150.0,103.8400577830021,1.343202271873837
TP_0553,10000.0,28850.0,36150.0,103.84095634353483,1.3432022692195684
TP_0554,10000.0,28950.0,36150.0,103.84185490406566,1.3432022662328336
TP_0555,10000.0,29050.0,36150.0,103.84275346459437,1.3432022629136326
TP_0556,10000.0,29150.0,36150.0,103.84365202512076,1.3432022592619661
TP_0557,10000.0,29250.0,36150.0,103.8445505856446,1.3432022552778333
TP_0558,10000.0,29350.0,36150.0,103.84544914616566,1.3432022509612351
TP_0559,10000.0,29450.0,36150.0,103.84634770668372,1.3432022463121707
TP_0560,10000.0,29550.0,36150.0,103.84724626719854,1.3432022413306404
TP_0561,10000.0,29650.0,36150.0,103.84814482770992,1.3432022360166438
TP_0562,10000.0,29750.0,36150.0,103.84904338821764,1.3432022303701814
TP_0563,10000.0,29850.0,36150.0,103.84994194872147,1.3432022243912531
TP_0564,10000.0,29950.0,36150.0,103.85084050922116,1.343202218079859
TP_0565,10000.0,30050.0,36150.0,103.85173906971653,1.3432022114359992
TP_0566,10000.0,30150.0,36150.0,103.85263763020734,1.3432022044596732
TP_0567,10000.0,30250.0,36150.0,103.85353619069336,1.3432021971508812
TP_0568,10000.0,30350.0,36150.0,103.8544347511744,1.3432021895096236
TP_0569,10000.0,30450.0,36150.0,103.85533331165018,1.3432021815358999
TP_0570,10000.0,30550.0,36150.0,103.85623187212053,1.3432021732297108
TP_0571,10000.0,30650.0,36150.0,103.8571304325852,1.3432021645910552
TP_0572,10000.0,30750.0,36150.0,103.85802899304397,1.3432021556199343
TP_0573,10000.0,30850.0,36150.0,103.85892755349664,1.3432021463163475
TP_0574,10000.0,30950.0,36150.0,103.85982611394296,1.3432021366802944
TP_0575,10000.0,31050.0,36150.0,103.86072467438271,1.3432021267117757
TP_0576,10000.0,31150.0,36150.0,103.86162323481567,1.3432021164107915
TP_0577,10000.0,31250.0,36150.0,103.86252179524163,1.3432021057773411
TP_0578,10000.0,31350.0,36150.0,103.86342035566035,1.3432020948114254
TP_0579,10000.0,31450.0,36150.0,103.86431891607162,1.3432020835130436
TP_0580,10000.0,31550.0,36150.0,103.86521747647522,1.3432020718821962
TP_0581,10000.0,28750.0,36250.0,103.84005778547498,1.3441066363512042
TP_0582,10000.0,28850.0,36250.0,103.84095634633816,1.344106633695148
TP_0583,10000.0,28950.0,36250.0,103.84185490719943,1.3441066307064016
TP_0584,10000.0,29050.0,36250.0,103.8427534680586,1.3441066273849656
TP_0585,10000.0,29150.0,36250.0,103.84365202891544,1.3441066237308394
TP_0586,10000.0,29250.0,36250.0,103.84455058976972,1.3441066197440232
TP_0587,10000.0,29350.0,36250.0,103.84544915062122,1.3441066154245174
TP_0588,10000.0,29450.0,36250.0,103.84634771146972,1.3441066107723216
TP_0589,10000.0,29550.0,36250.0,103.84724627231499,1.3441066057874358
TP_0590,10000.0,29650.0,36250.0,103.84814483315681,1.3441066004698603
TP_0591,10000.0,29750.0,36250.0,103.84904339399498,1.3441065948195952
TP_0592,10000.0,29850.0,36250.0,103.84994195482923,1.34410658883664
TP_0593,10000.0,29950.0,36250.0,103.85084051565939,1.3441065825209948
TP_0594,10000.0,30050.0,36250.0,103.8517390764852,1.34410657587266
TP_0595,10000.0,30150.0,36250.0,103.85263763730646,1.3441065688916354
TP_0596,10000.0,30250.0,36250.0,103.85353619812292,1.3441065615779206
TP_0597,10000.0,30350.0,36250.0,103.85443475893439,1.3441065539315167
TP_0598,10000.0,30450.0,36250.0,103.85533331974062,1.3441065459524222
TP_0599,10000.0,30550.0,36250.0,103.85623188054142,1.3441065376406385
TP_0600,10000.0,30650.0,36250.0,103.85713044133654,1.344106528996165
TP_0601,10000.0,30750.0,36250.0,103.85802900212575,1.3441065200190014
TP_0602,10000.0,30850.0,36250.0,103.85892756290885,1.344106510709148
TP_0603,10000.0,30950.0,36250.0,103.85982612368561,1.3441065010666051
TP_0604,10000.0,31050.0,36250.0,103.8607246844558,1.3441064910913727
TP_0605,10000.0,31150.0,36250.0,103.8616232452192,1.3441064807834504
TP_0606,10000.0,31250.0,36250.0,103.86252180597562,1.3441064701428382
TP_0607,10000.0,31350.0,36250.0,103.86342036672478,1.3441064591695369
TP_0608,10000.0,31450.0,36250.0,103.8643189274665,1.3441064478635452
TP_0609,10000.0,31550.0,36250.0,103.86521748820054,1.344106436224864
TP_0610,10000.0,28750.0,36350.0,103.84005778794956,1.3450110008218492
TP_0611,10000.0,28850.0,36350.0,103.8409563491434,1.3450109981640046
TP_0612,10000.0,28950.0,36350.0,103.84185491033534,1.3450109951732467
TP_0613,10000.0,29050.0,36350.0,103.84275347152517,1.345010991849575
TP_0614,10000.0,29150.0,36350.0,103.84365203271267,1.3450109881929893
TP_0615,10000.0,29250.0,36350.0,103.84455059389761,1.3450109842034896
TP_0616,10000.0,29350.0,36350.0,103.84544915507979,1.3450109798810768
TP_0617,10000.0,29450.0,36350.0,103.84634771625895,1.3450109752257495
TP_0618,10000.0,29550.0,36350.0,103.84724627743489,1.3450109702375088
TP_0619,10000.0,29650.0,36350.0,103.84814483860738,1.345010964916354
TP_0620,10000.0,29750.0,36350.0,103.8490433997762,1.3450109592622856
TP_0621,10000.0,29850.0,36350.0,103.84994196094114,1.3450109532753034
TP_0622,10000.0,29950.0,36350.0,103.85084052210195,1.3450109469554072
TP_0623,10000.0,30050.0,36350.0,103.85173908325844,1.345010940302598
TP_0624,10000.0,30150.0,36350.0,103.85263764441035,1.3450109333168745
TP_0625,10000.0,30250.0,36350.0,103.85353620555749,1.3450109259982375
TP_0626,10000.0,30350.0,36350.0,103.85443476669961,1.3450109183466867
TP_0627,10000.0,30450.0,36350.0,103.85533332783652,1.3450109103622216
TP_0628,10000.0,30550.0,36350.0,103.85623188896797,1.3450109020448435
TP_0629,10000.0,30650.0,36350.0,103.85713045009376,1.3450108933945515
TP_0630,10000.0,30750.0,36350.0,103.85802901121365,1.3450108844113458
TP_0631,10000.0,30850.0,36350.0,103.8589275723274,1.3450108750952263
TP_0632,10000.0,30950.0,36350.0,103.85982613343484,1.3450108654461934
TP_0633,10000.0,31050.0,36350.0,103.86072469453569,1.3450108554642468
TP_0634,10000.0,31150.0,36350.0,103.86162325562977,1.345010845149386
TP_0635,10000.0,31250.0,36350.0,103.86252181671684,1.345010834501612
TP_0636,10000.0,31350.0,36350.0,103.86342037779667,1.3450108235209248
TP_0637,10000.0,31450.0,36350.0,103.86431893886906,1.3450108122073234
TP_0638,10000.0,31550.0,36350.0,103.86521749993376,1.3450108005608086
TP_0639,10000.0,28750.0,36450.0,103.84005779042579,1.3459153652857663
TP_0640,10000.0,28850.0,36450.0,103.84095635195052,1.3459153626261346
TP_0641,10000.0,28950.0,36450.0,103.84185491347336,1.3459153596333648
TP_0642,10000.0,29050.0,36450.0,103.84275347499407,1.3459153563074573
TP_0643,10000.0,29150.0,36450.0,103.84365203651247,1.3459153526484122
TP_0644,10000.0,29250.0,36450.0,103.84455059802829,1.3459153486562296
TP_0645,10000.0,29350.0,36450.0,103.84544915954136,1.3459153443309093
TP_0646,10000.0,29450.0,36450.0,103.8463477210514,1.3459153396724506
TP_0647,10000.0,29550.0,36450.0,103.84724628255823,1.3459153346808548
TP_0648,10000.0,29650.0,36450.0,103.84814484406161,1.345915329356121
TP_0649,10000.0,29750.0,36450.0,103.84904340556133,1.3459153236982495
TP_0650,10000.0,29850.0,36450.0,103.84994196705713,1.3459153177072403
TP_0651,10000.0,29950.0,36450.0,103.85084052854884,1.3459153113830933
TP_0652,10000.0,30050.0,36450.0,103.85173909003622,1.3459153047258088
TP_0653,10000.0,30150.0,36450.0,103.85263765151902,1.3459152977353868
TP_0654,10000.0,30250.0,36450.0,103.85353621299704,1.345915290411827
TP_0655,10000.0,30350.0,36450.0,103.85443477447006,1.3459152827551295
TP_0656,10000.0,30450.0,36450.0,103.85533333593787,1.345915274765294
TP_0657,10000.0,30550.0,36450.0,103.8562318974002,1.3459152664423215
TP_0658,10000.0,30650.0,36450.0,103.85713045885687,1.3459152577862112
TP_0659,10000.0,30750.0,36450.0,103.85802902030764,1.3459152487969632
TP_0660,10000.0,30850.0,36450.0,103.8589275817523,1.3459152394745775
TP_0661,10000.0,30950.0,36450.0,103.8598261431906,1.345915229819054
TP_0662,10000.0,31050.0,36450.0,103.86072470462237,1.3459152198303932
TP_0663,10000.0,31150.0,36450.0,103.86162326604733,1.345915209508595
TP_0664,10000.0,31250.0,36450.0,103.86252182746529,1.345915198853659
TP_0665,10000.0,31350.0,36450.0,103.86342038887602,1.345915187865586
TP_0666,10000.0,31450.0,36450.0,103.86431895027928,1.3459151765443749
TP_0667,10000.0,31550.0,36450.0,103.86521751167487,1.345915164890026
TP_0668,10000.0,28750.0,36550.0,103.84005779290369,1.3468197297429518
TP_0669,10000.0,28850.0,36550.0,103.84095635475953,1.346819727081532
TP_0670,10000.0,28950.0,36550.0,103.84185491661347,1.3468197240867512
TP_0671,10000.0,29050.0,36550.0,103.84275347846531,1.3468197207586081
TP_0672,10000.0,29150.0,36550.0,103.84365204031481,1.3468197170971032
TP_0673,10000.0,29250.0,36550.0,103.84455060216175,1.346819713102237
TP_0674,10000.0,29350.0,36550.0,103.84544916400593,1.346819708774009
TP_0675,10000.0,29450.0,36550.0,103.84634772584708,1.3468197041124197
TP_0676,10000.0,29550.0,36550.0,103.84724628768501,1.3468196991174683
TP_0677,10000.0,29650.0,36550.0,103.84814484951951,1.3468196937891554
TP_0678,10000.0,29750.0,36550.0,103.84904341135034,1.346819688127481
TP_0679,10000.0,29850.0,36550.0,103.84994197317727,1.346819682132445
TP_0680,10000.0,29950.0,36550.0,103.85084053500009,1.3468196758040474
TP_0681,10000.0,30050.0,36550.0,103.85173909681856,1.3468196691422878
TP_0682,10000.0,30150.0,36550.0,103.85263765863247,1.3468196621471669
TP_0683,10000.0,30250.0,36550.0,103.85353622044161,1.3468196548186846
TP_0684,10000.0,30350.0,36550.0,103.85443478224575,1.3468196471568403
TP_0685,10000.0,30450.0,36550.0,103.85533334404465,1.3468196391616347
TP_0686,10000.0,30550.0,36550.0,103.8562319058381,1.3468196308330673
TP_0687,10000.0,30650.0,36550.0,103.8571304676259,1.3468196221711386
TP_0688,10000.0,30750.0,36550.0,103.85802902940777,1.3468196131758483
TP_0689,10000.0,30850.0,36550.0,103.85892759118353,1.346819603847196
TP_0690,10000.0,30950.0,36550.0,103.85982615295296,1.3468195941851828
TP_0691,10000.0,31050.0,36550.0,103.86072471471583,1.346819584189808
TP_0692,10000.0,31150.0,36550.0,103.8616232764719,1.3468195738610718
TP_0693,10000.0,31250.0,36550.0,103.86252183822097,1.346819563198974
TP_0694,10000.0,31350.0,36550.0,103.8634203999628,1.3468195522035147
TP_0695,10000.0,31450.0,36550.0,103.86431896169718,1.3468195408746937
TP_0696,10000.0,31550.0,36550.0,103.8652175234239,1.3468195292125118
TP_0697,10000.0,28750.0,36650.0,103.84005779538326,1.3477240941934012
TP_0698,10000.0,28850.0,36650.0,103.84095635757043,1.347724091530194
TP_0699,10000.0,28950.0,36650.0,103.8418549197557,1.347724088533401
TP_0700,10000.0,29050.0,36650.0,103.84275348193887,1.3477240852030221
TP_0701,10000.0,29150.0,36650.0,103.84365204411971,1.3477240815390583
TP_0702,10000.0,29250.0,36650.0,103.84455060629799,1.3477240775415085
TP_0703,10000.0,29350.0,36650.0,103.84544916847348,1.3477240732103732
TP_0704,10000.0,29450.0,36650.0,103.84634773064599,1.3477240685456522
TP_0705,10000.0,29550.0,36650.0,103.84724629281526,1.347724063547346
TP_0706,10000.0,29650.0,36650.0,103.84814485498107,1.347724058215454
TP_0707,10000.0,29750.0,36650.0,103.84904341714324,1.3477240525499763
TP_0708,10000.0,29850.0,36650.0,103.84994197930152,1.3477240465509133
TP_0709,10000.0,29950.0,36650.0,103.85084054145567,1.3477240402182646
TP_0710,10000.0,30050.0,36650.0,103.85173910360547,1.3477240335520304
TP_0711,10000.0,30150.0,36650.0,103.85263766575072,1.3477240265522108
TP_0712,10000.0,30250.0,36650.0,103.8535362278912,1.3477240192188054
TP_0713,10000.0,30350.0,36650.0,103.85443479002666,1.3477240115518148
TP_0714,10000.0,30450.0,36650.0,103.8553333521569,1.3477240035512386
TP_0715,10000.0,30550.0,36650.0,103.8562319142817,1.347723995217077
TP_0716,10000.0,30650.0,36650.0,103.8571304764008,1.3477239865493298
TP_0717,10000.0,30750.0,36650.0,103.85802903851402,1.3477239775479972
TP_0718,10000.0,30850.0,36650.0,103.85892760062112,1.3477239682130788
TP_0719,10000.0,30950.0,36650.0,103.85982616272187,1.3477239585445753
TP_0720,10000.0,31050.0,36650.0,103.86072472481608,1.3477239485424863
TP_0721,10000.0,31150.0,36650.0,103.86162328690348,1.3477239382068118
TP_0722,10000.0,31250.0,36650.0,103.86252184898387,1.3477239275375525
TP_0723,10000.0,31350.0,36650.0,103.86342041105705,1.3477239165347072
TP_0724,10000.0,31450.0,36650.0,103.86431897312276,1.3477239051982766
TP_0725,10000.0,31550.0,36650.0,103.86521753518082,1.3477238935282605
TP_0726,10000.0,28750.0,36750.0,103.84005779786449,1.3486284586371093
TP_0727,10000.0,28850.0,36750.0,103.84095636038322,1.3486284559721144
TP_0728,10000.0,28950.0,36750.0,103.84185492290004,1.3486284529733097
TP_0729,10000.0,29050.0,36750.0,103.84275348541478,1.348628449640696
TP_0730,10000.0,29150.0,36750.0,103.84365204792716,1.3486284459742721
TP_0731,10000.0,29250.0,36750.0,103.844550610437,1.3486284419740389
TP_0732,10000.0,29350.0,36750.0,103.84544917294406,1.3486284376399962
TP_0733,10000.0,29450.0,36750.0,103.84634773544812,1.3486284329721439
TP_0734,10000.0,29550.0,36750.0,103.84724629794894,1.3486284279704825
TP_0735,10000.0,29650.0,36750.0,103.84814486044633,1.3486284226350111
TP_0736,10000.0,29750.0,36750.0,103.84904342294004,1.3486284169657305
TP_0737,10000.0,29850.0,36750.0,103.84994198542985,1.3486284109626403
TP_0738,10000.0,29950.0,36750.0,103.85084054791557,1.348628404625741
TP_0739,10000.0,30050.0,36750.0,103.85173911039693,1.348628397955032
TP_0740,10000.0,30150.0,36750.0,103.85263767287374,1.3486283909505137
TP_0741,10000.0,30250.0,36750.0,103.85353623534577,1.348628383612186
TP_0742,10000.0,30350.0,36750.0,103.8544347978128,1.3486283759400484
TP_0743,10000.0,30450.0,36750.0,103.8553333602746,1.3486283679341016
TP_0744,10000.0,30550.0,36750.0,103.85623192273093,1.3486283595943453
TP_0745,10000.0,30650.0,36750.0,103.85713048518161,1.34862835092078
TP_0746,10000.0,30750.0,36750.0,103.85802904762639,1.348628341913405
TP_0747,10000.0,30850.0,36750.0,103.85892761006504,1.3486283325722206
TP_0748,10000.0,30950.0,36750.0,103.85982617249736,1.348628322897227
TP_0749,10000.0,31050.0,36750.0,103.8607247349231,1.348628312888424
TP_0750,10000.0,31150.0,36750.0,103.86162329734208,1.3486283025458117
TP_0751,10000.0,31250.0,36750.0,103.86252185975403,1.3486282918693897
TP_0752,10000.0,31350.0,36750.0,103.86342042215875,1.348628280859159
TP_0753,10000.0,31450.0,36750.0,103.86431898455604,1.3486282695151184
TP_0754,10000.0,31550.0,36750.0,103.86521754694562,1.3486282578372686
TP_0755,10000.0,28750.0,36850.0,103.8400578003474,1.3495328230740724
TP_0756,10000.0,28850.0,36850.0,103.84095636319789,1.3495328204072894
TP_0757,10000.0,28950.0,36850.0,103.84185492604651,1.3495328174064731
TP_0758,10000.0,29050.0,36850.0,103.84275348889301,1.3495328140716238
TP_0759,10000.0,29150.0,36850.0,103.84365205173718,1.3495328104027402
TP_0760,10000.0,29250.0,36850.0,103.8445506145788,1.3495328063998238
TP_0761,10000.0,29350.0,36850.0,103.84544917741763,1.3495328020628738
TP_0762,10000.0,29450.0,36850.0,103.84634774025346,1.3495327973918905
TP_0763,10000.0,29550.0,36850.0,103.84724630308608,1.3495327923868736
TP_0764,10000.0,29650.0,36850.0,103.84814486591524,1.349532787047823
TP_0765,10000.0,29750.0,36850.0,103.84904342874073,1.3495327813747393
TP_0766,10000.0,29850.0,36850.0,103.84994199156233,1.3495327753676225
TP_0767,10000.0,29950.0,36850.0,103.85084055437981,1.3495327690264722
TP_0768,10000.0,30050.0,36850.0,103.85173911719296,1.3495327623512883
TP_0769,10000.0,30150.0,36850.0,103.85263768000156,1.3495327553420708
TP_0770,10000.0,30250.0,36850.0,103.85353624280535,1.3495327479988206
TP_0771,10000.0,30350.0,36850.0,103.85443480560416,1.3495327403215365
TP_0772,10000.0,30450.0,36850.0,103.85533336839772,1.3495327323102195
TP_0773,10000.0,30550.0,36850.0,103.85623193118585,1.3495327239648687
TP_0774,10000.0,30650.0,36850.0,103.85713049396831,1.3495327152854844
TP_0775,10000.0,30750.0,36850.0,103.85802905674485,1.3495327062720675
TP_0776,10000.0,30850.0,36850.0,103.8589276195153,1.3495326969246169
TP_0777,10000.0,30950.0,36850.0,103.85982618227939,1.349532687243133
TP_0778,10000.0,31050.0,36850.0,103.86072474503692,1.3495326772276157
TP_0779,10000.0,31150.0,36850.0,103.86162330778767,1.3495326668780654
TP_0780,10000.0,31250.0,36850.0,103.86252187053141,1.3495326561944818
TP_0781,10000.0,31350.0,36850.0,103.8634204332679,1.3495326451768648
TP_0782,10000.0,31450.0,36850.0,103.86431899599697,1.3495326338252145
TP_0783,10000.0,31550.0,36850.0,103.86521755871834,1.3495326221395312
TP_0784,10000.0,28750.0,36950.0,103.84005780283195,1.3504371875042853
TP_0785,10000.0,28850.0,36950.0,103.84095636601445,1.3504371848357146
TP_0786,10000.0,28950.0,36950.0,103.84185492919508,1.3504371818328869
TP_0787,10000.0,29050.0,36950.0,103.84275349237357,1.3504371784958016
TP_0788,10000.0,29150.0,36950.0,103.84365205554975,1.350437174824459
TP_0789,10000.0,29250.0,36950.0,103.84455061872337,1.3504371708188587
TP_0790,10000.0,29350.0,36950.0,103.8454491818942,1.3504371664790016
TP_0791,10000.0,29450.0,36950.0,103.84634774506205,1.350437161804887
TP_0792,10000.0,29550.0,36950.0,103.84724630822666,1.350437156796515
TP_0793,10000.0,29650.0,36950.0,103.84814487138782,1.350437151453885
TP_0794,10000.0,29750.0,36950.0,103.84904343454531,1.3504371457769986
TP_0795,10000.0,29850.0,36950.0,103.8499419976989,1.3504371397658546
TP_0796,10000.0,29950.0,36950.0,103.85084056084841,1.3504371334204532
TP_0797,10000.0,30050.0,36950.0,103.85173912399355,1.3504371267407946
TP_0798,10000.0,30150.0,36950.0,103.85263768713415,1.3504371197268785
TP_0799,10000.0,30250.0,36950.0,103.85353625026995,1.3504371123787051
TP_0800,10000.0,30350.0,36950.0,103.85443481340076,1.3504371046962744
TP_0801,10000.0,30450.0,36950.0,103.85533337652632,1.3504370966795871
TP_0802,10000.0,30550.0,36950.0,103.85623193964646,1.3504370883286416
TP_0803,10000.0,30650.0,36950.0,103.85713050276091,1.3504370796434393
TP_0804,10000.0,30750.0,36950.0,103.85802906586946,1.3504370706239794
TP_0805,10000.0,30850.0,36950.0,103.8589276289719,1.3504370612702632
TP_0806,10000.0,30950.0,36950.0,103.859826192068,1.350437051582289
TP_0807,10000.0,31050.0,36950.0,103.86072475515753,1.3504370415600577
TP_0808,10000.0,31150.0,36950.0,103.86162331824028,1.3504370312035692
TP_0809,10000.0,31250.0,36950.0,103.86252188131601,1.3504370205128235
TP_0810,10000.0,31350.0,36950.0,103.86342044438452,1.350437009487821
TP_0811,10000.0,31450.0,36950.0,103.86431900744557,1.350436998128561
TP_0812,10000.0,31550.0,36950.0,103.86521757049896,1.3504369864350436
TP_0813,10000.0,28750.0,37050.0,103.84005780531818,1.3513415519277436
TP_0814,10000.0,28850.0,37050.0,103.8409563688329,1.3513415492573855
TP_0815,10000.0,28950.0,37050.0,103.84185493234574,1.351341546252546
TP_0816,10000.0,29050.0,37050.0,103.84275349585647,1.3513415429132252
TP_0817,10000.0,29150.0,37050.0,103.84365205936489,1.351341539239423
TP_0818,10000.0,29250.0,37050.0,103.84455062287071,1.3513415352311393
TP_0819,10000.0,29350.0,37050.0,103.84544918637378,1.351341530888375
TP_0820,10000.0,29450.0,37050.0,103.84634774987384,1.3513415262111286
TP_0821,10000.0,29550.0,37050.0,103.84724631337068,1.3513415211994015
TP_0822,10000.0,29650.0,37050.0,103.84814487686405,1.3513415158531927
TP_0823,10000.0,29750.0,37050.0,103.84904344035378,1.351341510172503
TP_0824,10000.0,29850.0,37050.0,103.8499420038396,1.351341504157332
TP_0825,10000.0,29950.0,37050.0,103.85084056732131,1.3513414978076799
TP_0826,10000.0,30050.0,37050.0,103.8517391307987,1.3513414911235462
TP_0827,10000.0,30150.0,37050.0,103.85263769427151,1.3513414841049318
TP_0828,10000.0,30250.0,37050.0,103.85353625773955,1.3513414767518357
TP_0829,10000.0,30350.0,37050.0,103.85443482120257,1.3513414690642587
TP_0830,10000.0,30450.0,37050.0,103.85533338466037,1.3513414610421999
TP_0831,10000.0,30550.0,37050.0,103.85623194811272,1.3513414526856606
TP_0832,10000.0,30650.0,37050.0,103.8571305115594,1.3513414439946398
TP_0833,10000.0,30750.0,37050.0,103.85802907500019,1.3513414349691377
TP_0834,10000.0,30850.0,37050.0,103.85892763843484,1.3513414256091547
TP_0835,10000.0,30950.0,37050.0,103.85982620186317,1.3513414159146908
TP_0836,10000.0,31050.0,37050.0,103.86072476528491,1.3513414058857451
TP_0837,10000.0,31150.0,37050.0,103.86162332869989,1.3513413955223188
TP_0838,10000.0,31250.0,37050.0,103.86252189210785,1.351341384824411
TP_0839,10000.0,31350.0,37050.0,103.86342045550859,1.3513413737920228
TP_0840,10000.0,31450.0,37050.0,103.86431901890187,1.351341362425153
TP_0841,10000.0,31550.0,37050.0,103.86521758228746,1.351341350723802
TP_0842,10000.0,28750.0,37150.0,103.84005780780608,1.3522459163444438
TP_0843,10000.0,28850.0,37150.0,103.84095637165325,1.3522459136722977
TP_0844,10000.0,28950.0,37150.0,103.84185493549855,1.3522459106654463
TP_0845,10000.0,29050.0,37150.0,103.84275349934171,1.35224590732389
TP_0846,10000.0,29150.0,37150.0,103.84365206318256,1.3522459036476284
TP_0847,10000.0,29250.0,37150.0,103.84455062702085,1.3522458996366615
TP_0848,10000.0,29350.0,37150.0,103.84544919085636,1.3522458952909895
TP_0849,10000.0,29450.0,37150.0,103.84634775468886,1.352245890610612
TP_0850,10000.0,29550.0,37150.0,103.84724631851815,1.3522458855955295
TP_0851,10000.0,29650.0,37150.0,103.84814488234399,1.3522458802457418
TP_0852,10000.0,29750.0,37150.0,103.84904344616615,1.3522458745612487
TP_0853,10000.0,29850.0,37150.0,103.84994200998443,1.3522458685420509
TP_0854,10000.0,29950.0,37150.0,103.85084057379858,1.3522458621881477
TP_0855,10000.0,30050.0,37150.0,103.8517391376084,1.3522458554995391
TP_0856,10000.0,30150.0,37150.0,103.85263770141367,1.3522458484762259
TP_0857,10000.0,30250.0,37150.0,103.85353626521415,1.3522458411182072
TP_0858,10000.0,30350.0,37150.0,103.85443482900962,1.3522458334254834
TP_0859,10000.0,30450.0,37150.0,103.85533339279988,1.3522458253980547
TP_0860,10000.0,30550.0,37150.0,103.85623195658466,1.3522458170359206
TP_0861,10000.0,30650.0,37150.0,103.85713052036378,1.3522458083390811
TP_0862,10000.0,30750.0,37150.0,103.85802908413702,1.3522457993075367
TP_0863,10000.0,30850.0,37150.0,103.85892764790412,1.3522457899412876
TP_0864,10000.0,30950.0,37150.0,103.8598262116649,1.3522457802403334
TP_0865,10000.0,31050.0,37150.0,103.8607247754191,1.352245770204674
TP_0866,10000.0,31150.0,37150.0,103.86162333916653,1.3522457598343092
TP_0867,10000.0,31250.0,37150.0,103.86252190290693,1.3522457491292397
TP_0868,10000.0,31350.0,37150.0,103.86342046664011,1.3522457380894652
TP_0869,10000.0,31450.0,37150.0,103.86431903036583,1.3522457267149854
TP_0870,10000.0,31550.0,37150.0,103.86521759408389,1.3522457150058014
TP_0871,10000.0,28750.0,37250.0,103.84005781029563,1.3531502807543798
TP_0872,10000.0,28850.0,37250.0,103.84095637447548,1.353150278080446
TP_0873,10000.0,28950.0,37250.0,103.84185493865343,1.3531502750715831
TP_0874,10000.0,29050.0,37250.0,103.84275350282928,1.353150271727791
TP_0875,10000.0,29150.0,37250.0,103.84365206700281,1.35315026804907
TP_0876,10000.0,29250.0,37250.0,103.84455063117376,1.3531502640354198
TP_0877,10000.0,29350.0,37250.0,103.84544919534193,1.3531502596868403
TP_0878,10000.0,29450.0,37250.0,103.84634775950713,1.3531502550033316
TP_0879,10000.0,29550.0,37250.0,103.84724632366907,1.3531502499848937
TP_0880,10000.0,29650.0,37250.0,103.84814488782757,1.353150244631527
TP_0881,10000.0,29750.0,37250.0,103.8490434519824,1.3531502389432313
TP_0882,10000.0,29850.0,37250.0,103.84994201613335,1.3531502329200058
TP_0883,10000.0,29950.0,37250.0,103.85084058028018,1.3531502265618522
TP_0884,10000.0,30050.0,37250.0,103.85173914442268,1.3531502198687686
TP_0885,10000.0,30150.0,37250.0,103.8526377085606,1.3531502128407566
TP_0886,10000.0,30250.0,37250.0,103.85353627269374,1.3531502054778148
TP_0887,10000.0,30350.0,37250.0,103.8544348368219,1.3531501977799443
TP_0888,10000.0,30450.0,37250.0,103.85533340094482,1.3531501897471452
TP_0889,10000.0,30550.0,37250.0,103.85623196506228,1.3531501813794167
TP_0890,10000.0,30650.0,37250.0,103.85713052917407,1.353150172676759
TP_0891,10000.0,30750.0,37250.0,103.85802909327997,1.3531501636391727
TP_0892,10000.0,30850.0,37250.0,103.85892765737975,1.3531501542666569
TP_0893,10000.0,30950.0,37250.0,103.85982622147318,1.3531501445592125
TP_0894,10000.0,31050.0,37250.0,103.86072478556007,1.3531501345168384
TP_0895,10000.0,31150.0,37250.0,103.86162334964015,1.3531501241395363
TP_0896,10000.0,31250.0,37250.0,103.86252191371324,1.3531501134273047
TP_0897,10000.0,31350.0,37250.0,103.86342047777907,1.353150102380144
TP_0898,10000.0,31450.0,37250.0,103.86431904183746,1.3531500909980547
TP_0899,10000.0,31550.0,37250.0,103.86521760588819,1.353150079281037
TP_0900,10000.0,28750.0,37350.0,103.84005781278685,1.3540546451575481
TP_0901,10000.0,28850.0,37350.0,103.8409563772996,1.3540546424818263
TP_0902,10000.0,28950.0,37350.0,103.84185494181045,1.3540546394709518
TP_0903,10000.0,29050.0,37350.0,103.84275350631918,1.3540546361249242
TP_0904,10000.0,29150.0,37350.0,103.8436520708256,1.3540546324437435
TP_0905,10000.0,29250.0,37350.0,103.84455063532944,1.3540546284274095
TP_0906,10000.0,29350.0,37350.0,103.84544919983053,1.3540546240759228
TP_0907,10000.0,29450.0,37350.0,103.84634776432858,1.354054619389283
TP_0908,10000.0,29550.0,37350.0,103.84724632882343,1.3540546143674899
TP_0909,10000.0,29650.0,37350.0,103.84814489331482,1.354054609010544
TP_0910,10000.0,29750.0,37350.0,103.84904345780257,1.354054603318445
TP_0911,10000.0,29850.0,37350.0,103.84994202228638,1.354054597291193
TP_0912,10000.0,29950.0,37350.0,103.85084058676611,1.354054590928788
TP_0913,10000.0,30050.0,37350.0,103.8517391512415,1.3540545842312297
TP_0914,10000.0,30150.0,37350.0,103.85263771571233,1.3540545771985186
TP_0915,10000.0,30250.0,37350.0,103.85353628017836,1.3540545698306545
TP_0916,10000.0,30350.0,37350.0,103.8544348446394,1.3540545621276374
TP_0917,10000.0,30450.0,37350.0,103.85533340909522,1.3540545540894677
TP_0918,10000.0,30550.0,37350.0,103.85623197354558,1.3540545457161446
TP_0919,10000.0,30650.0,37350.0,103.85713053799026,1.3540545370076689
TP_0920,10000.0,30750.0,37350.0,103.85802910242904,1.3540545279640397
TP_0921,10000.0,30850.0,37350.0,103.85892766686172,1.3540545185852577
TP_0922,10000.0,30950.0,37350.0,103.85982623128804,1.354054508871323
TP_0923,10000.0,31050.0,37350.0,103.86072479570781,1.3540544988222354
TP_0924,10000.0,31150.0,37350.0,103.86162336012079,1.3540544884379948
TP_0925,10000.0,31250.0,37350.0,103.86252192452676,1.3540544777186014
TP_0926,10000.0,31350.0,37350.0,103.8634204889255,1.354054466664055
TP_0927,10000.0,31450.0,37350.0,103.86431905331679,1.3540544552743556
TP_0928,10000.0,31550.0,37350.0,103.86521761770041,1.3540544435495037
TP_0929,10000.0,28750.0,37450.0,103.84005781527975,1.3549590095539439
TP_0930,10000.0,28850.0,37450.0,103.8409563801256,1.3549590068764346
TP_0931,10000.0,28950.0,37450.0,103.84185494496957,1.3549590038635482
TP_0932,10000.0,29050.0,37450.0,103.84275350981143,1.3549590005152852
TP_0933,10000.0,29150.0,37450.0,103.84365207465096,1.354958996831645
TP_0934,10000.0,29250.0,37450.0,103.84455063948792,1.3549589928126275
TP_0935,10000.0,29350.0,37450.0,103.8454492043221,1.3549589884582334
TP_0936,10000.0,29450.0,37450.0,103.84634776915328,1.3549589837684624
TP_0937,10000.0,29550.0,37450.0,103.84724633398125,1.354958978743314
TP_0938,10000.0,29650.0,37450.0,103.84814489880576,1.3549589733827887
TP_0939,10000.0,29750.0,37450.0,103.8490434636266,1.354958967686887
TP_0940,10000.0,29850.0,37450.0,103.84994202844355,1.3549589616556077
TP_0941,10000.0,29950.0,37450.0,103.8508405932564,1.3549589552889518
TP_0942,10000.0,30050.0,37450.0,103.85173915806489,1.354958948586919
TP_0943,10000.0,30150.0,37450.0,103.85263772286882,1.354958941549509
TP_0944,10000.0,30250.0,37450.0,103.85353628766798,1.354958934176722
TP_0945,10000.0,30350.0,37450.0,103.85443485246213,1.3549589264685586
TP_0946,10000.0,30450.0,37450.0,103.85533341725106,1.3549589184250177
TP_0947,10000.0,30550.0,37450.0,103.85623198203453,1.3549589100461006
TP_0948,10000.0,30650.0,37450.0,103.85713054681233,1.354958901331806
TP_0949,10000.0,30750.0,37450.0,103.85802911158423,1.354958892282135
TP_0950,10000.0,30850.0,37450.0,103.85892767635002,1.3549588828970869
TP_0951,10000.0,30950.0,37450.0,103.85982624110947,1.3549588731766617
TP_0952,10000.0,31050.0,37450.0,103.86072480586235,1.3549588631208596
TP_0953,10000.0,31150.0,37450.0,103.86162337060844,1.3549588527296812
TP_0954,10000.0,31250.0,37450.0,103.86252193534753,1.3549588420031258
TP_0955,10000.0,31350.0,37450.0,103.86342050007937,1.3549588309411935
TP_0956,10000.0,31450.0,37450.0,103.86431906480378,1.3549588195438844
TP_0957,10000.0,31550.0,37450.0,103.8652176295205,1.3549588078111987
TP_0958,10000.0,28750.0,37550.0,103.84005781777431,1.3558633739435624
TP_0959,10000.0,28850.0,37550.0,103.84095638295351,1.3558633712642654
TP_0960,10000.0,28950.0,37550.0,103.84185494813082,1.3558633682493673
TP_0961,10000.0,29050.0,37550.0,103.84275351330601,1.3558633648988687
TP_0962,10000.0,29150.0,37550.0,103.84365207847885,1.3558633612127688
TP_0963,10000.0,29250.0,37550.0,103.84455064364916,1.355863357191068
TP_0964,10000.0,29350.0,37550.0,103.84544920881669,1.3558633528337665
TP_0965,10000.0,29450.0,37550.0,103.8463477739812,1.3558633481408642
TP_0966,10000.0,29550.0,37550.0,103.8472463391425,1.3558633431123608
TP_0967,10000.0,29650.0,37550.0,103.84814490430036,1.3558633377482565
TP_0968,10000.0,29750.0,37550.0,103.84904346945454,1.3558633320485511
TP_0969,10000.0,29850.0,37550.0,103.84994203460482,1.355863326013245
TP_0970,10000.0,29950.0,37550.0,103.850840599751,1.3558633196423382
TP_0971,10000.0,30050.0,37550.0,103.85173916489283,1.3558633129358306
TP_0972,10000.0,30150.0,37550.0,103.85263773003011,1.3558633058937217
TP_0973,10000.0,30250.0,37550.0,103.8535362951626,1.3558632985160126
TP_0974,10000.0,30350.0,37550.0,103.8544348602901,1.355863290802702
TP_0975,10000.0,30450.0,37550.0,103.85533342541235,1.355863282753791
TP_0976,10000.0,30550.0,37550.0,103.85623199052917,1.355863274369279
TP_0977,10000.0,30650.0,37550.0,103.8571305556403,1.3558632656491663
TP_0978,10000.0,30750.0,37550.0,103.85802912074554,1.3558632565934525
TP_0979,10000.0,30850.0,37550.0,103.85892768584466,1.3558632472021384
TP_0980,10000.0,30950.0,37550.0,103.85982625093745,1.355863237475223
TP_0981,10000.0,31050.0,37550.0,103.86072481602368,1.3558632274127072
TP_0982,10000.0,31150.0,37550.0,103.8616233811031,1.3558632170145901
TP_0983,10000.0,31250.0,37550.0,103.86252194617552,1.3558632062808729
TP_0984,10000.0,31350.0,37550.0,103.86342051124072,1.3558631952115547
TP_0985,10000.0,31450.0,37550.0,103.86431907629846,1.355863183806636
TP_0986,10000.0,31550.0,37550.0,103.86521764134852,1.3558631720661163
