cell_id,old_valid_pixel_count,old_building_pixel_count,old_building_area_m2,old_building_density,old_open_pixel_fraction,old_dsm_mean_all_m,old_dsm_max_all_m,old_building_height_mean_m,old_building_height_max_m,old_building_height_p50_m,old_building_height_p90_m,v10_valid_pixel_count,v10_building_pixel_count,v10_building_area_m2,v10_building_density,v10_open_pixel_fraction,v10_dsm_mean_all_m,v10_dsm_max_all_m,v10_building_height_mean_m,v10_building_height_max_m,v10_building_height_p50_m,v10_building_height_p90_m,cell_area_m2,delta_building_area_m2,delta_building_density,delta_open_pixel_fraction,delta_building_height_mean_m,delta_building_height_max_m,delta_building_height_p50_m,delta_building_height_p90_m,lat,lon,land_use_hint,road_fraction,gvi_percent,tree_canopy_fraction,ndvi_mean,shade_fraction,svf,building_density,mean_building_height_m,max_building_height_m,hazard_rank_true_v08,hazard_score,max_utci_c,max_wbgt_proxy_c,risk_rank_v08_conditioned,risk_priority_score_v08_conditioned,risk_rank_v08_social_conditioned,risk_priority_score_v08_social_conditioned,risk_rank_v08_candidate_policy,risk_priority_score_v08_candidate_policy,vulnerability_score_v071,outdoor_exposure_score_v071,old_vs_osm_completeness,reviewed_vs_osm_completeness,coverage_gain_vs_osm,old_dsm_area_m2,reviewed_dsm_area_m2,osm_area_m2,reviewed_minus_old_dsm_area_m2,old_hazard_top20,old_hazard_top50,old_hazard_topN,low_old_completeness,zero_old_completeness,high_coverage_gain,large_building_area_gain,large_building_density_gain,v10_building_density_nontrivial,possible_old_dsm_gap_false_positive,audit_flags
TP_0116,2500,0,0.0,0.0,1.0,0.0,0.0,0.0,0.0,0.0,0.0,2500,439,1756.0,0.1756000000015459,0.8244,2.682,18.0,15.273348519362187,18.0,15.0,15.599999999999966,9999.99999991196,1756.0,0.1756000000015459,-0.1755999999999999,15.273348519362187,18.0,15.0,15.599999999999966,1.328732241488889,103.86521728994435,transport,0.592522737312445,2.12892836581508,0.0,0.1673095192403351,0.0,0.9846855401992798,0.0,15.94110122537922,6.6,2,0.7331545729845858,42.31462867817163,29.308314798192487,13,0.6162321067618073,27,0.5275532823455361,13,0.6569525173009821,0.4504552897238778,0.2295310471424727,0.0,0.9957084167654602,0.9957084167654602,0.0,1756.0,1763.5685010119053,1756.0,True,True,True,True,True,True,True,True,True,True,old_top20_hazard;zero_old_completeness;high_coverage_gain;large_building_density_gain;possible_old_dsm_gap_false_positive
TP_0564,2500,0,0.0,0.0,1.0,0.0,0.0,0.0,0.0,0.0,0.0,2500,812,3248.0,0.3247999999995982,0.6752,5.0272,21.0,15.47783251231527,21.0,12.0,21.0,10000.00000001237,3248.0,0.3247999999995982,-0.3248,15.47783251231527,21.0,12.0,21.0,1.343202218079859,103.85084050922116,commercial,0.2474620111541663,1.9136072073293235,0.0,0.1625246046073183,0.0,0.9539527297019958,0.0,19.10489347152413,19.8,7,0.7211238662880441,41.94775963785132,29.12395805042064,5,0.6397295009701338,7,0.5782075260759387,4,0.7172292868313002,0.6149567231783224,0.4488494597742948,0.0,0.99761506016097,0.99761506016097,0.0,3248.0,3255.764803185629,3248.0,True,True,True,True,True,True,True,True,True,True,old_top20_hazard;zero_old_completeness;high_coverage_gain;large_building_density_gain;possible_old_dsm_gap_false_positive
TP_0849,2500,0,0.0,0.0,1.0,0.0,0.0,0.0,0.0,0.0,0.0,2500,674,2696.0,0.2696000000021969,0.7303999999999999,4.044,15.0,15.0,15.0,15.0,15.0,9999.99999991851,2696.0,0.2696000000021969,-0.2696,15.0,15.0,15.0,15.0,1.352245890610612,103.84634775468886,residential,0.3847999187900626,6.6277018616970205,0.0,0.2672822635932671,0.0,0.9928810596466064,0.0,9.424703702118228,13.2,8,0.7208228685872438,42.07783033202658,29.068488961867686,39,0.5887176413586787,93,0.4706654150276769,47,0.5387744192984388,0.0381434888225381,0.6100844878824091,0.0,0.9947210999790784,0.9947210999790784,0.0,2696.0,2710.3074420123426,2696.0,True,True,True,True,True,True,True,True,True,True,old_top20_hazard;zero_old_completeness;high_coverage_gain;large_building_density_gain;possible_old_dsm_gap_false_positive
TP_0985,2500,0,0.0,0.0,1.0,0.0,0.0,0.0,0.0,0.0,0.0,2500,1062,4248.0,0.4247999999970946,0.5751999999999999,3.3408,15.0,7.864406779661017,15.0,6.0,15.0,10000.000000068394,4248.0,0.4247999999970946,-0.4248,7.864406779661017,15.0,6.0,15.0,1.355863183806636,103.86431907629846,residential,0.2705103010907568,1.9101922981276087,0.0,0.1624487177361691,0.0,0.993943452835083,0.0,9.247491065174897,13.2,9,0.7204764652845331,42.10885412845366,29.056645178415263,16,0.6127201378602115,21,0.5360709832884635,14,0.6560224134309662,0.5785938526926602,0.1364833037179531,0.0,1.0000117213819064,1.0000117213819064,0.0,4248.0,4247.950208153291,4248.0,True,True,True,True,True,True,True,True,True,True,old_top20_hazard;zero_old_completeness;high_coverage_gain;large_building_density_gain;possible_old_dsm_gap_false_positive
TP_0986,2500,0,0.0,0.0,1.0,0.0,0.0,0.0,0.0,0.0,0.0,2500,1069,4276.0,0.4276000000050945,0.5724,2.5656,6.0,6.0,6.0,6.0,6.0,9999.999999880856,4276.0,0.4276000000050945,-0.4276,6.0,6.0,6.0,6.0,1.3558631720661165,103.86521764134852,residential,0.2884105562475178,1.02127559987727,0.0,0.142695013330606,0.0,0.9904047846794128,0.0,8.89820550418288,13.2,10,0.7183850444334857,42.07269237742725,29.03476081246861,17,0.6120931021149413,20,0.5362271061058073,15,0.65314246847675,0.5783129576372024,0.1529348628518791,0.0,0.999823100313238,0.999823100313238,0.0,4276.0,4276.756556895272,4276.0,True,True,True,True,True,True,True,True,True,True,old_top20_hazard;zero_old_completeness;high_coverage_gain;large_building_density_gain;possible_old_dsm_gap_false_positive
TP_0984,2500,0,0.0,0.0,1.0,0.0,0.0,0.0,0.0,0.0,0.0,2500,1012,4048.0,0.4048000000009793,0.5952,3.7032,15.0,9.148221343873518,15.0,6.0,15.0,9999.999999975807,4048.0,0.4048000000009793,-0.4048,9.148221343873518,15.0,6.0,15.0,1.3558631952115547,103.86342051124072,residential,0.2334303181151444,2.6153463625155986,0.0,0.1781188080559022,0.0,0.9977872967720032,0.0,9.897013358712124,13.2,12,0.7162028418269001,42.08098366270157,29.01359387604966,20,0.6080696443931315,25,0.531159243846367,16,0.6426840862747217,0.574723798049356,0.1281018431214089,0.0,0.9981397882394436,0.9981397882394436,0.0,4048.0,4055.54417096228,4048.0,True,True,True,True,True,True,True,True,True,True,old_top20_hazard;zero_old_completeness;high_coverage_gain;large_building_density_gain;possible_old_dsm_gap_false_positive
TP_0565,2500,0,0.0,0.0,1.0,0.0,0.0,0.0,0.0,0.0,0.0,2500,830,3320.0,0.3320000000035268,0.6679999999999999,3.4288,12.0,10.327710843373492,12.0,10.0,12.0,9999.999999893773,3320.0,0.3320000000035268,-0.3320000000000001,10.327710843373492,12.0,10.0,12.0,1.3432022114359992,103.85173906971652,transport,0.4077691311094221,4.277568096432297,0.0,0.2150570688096066,0.0162405725568532,0.926755666732788,0.0,17.16266675164459,6.6,13,0.7156407219594539,41.66475042485784,29.173570449779408,9,0.6276106692999194,15,0.5627021256441764,7,0.6877322660942695,0.6107261332889978,0.3538235515585562,0.0,1.0002787866202194,1.0002787866202194,0.0,3320.0,3319.0746863859267,3320.0,True,True,True,True,True,True,True,True,True,True,old_top20_hazard;zero_old_completeness;high_coverage_gain;large_building_density_gain;possible_old_dsm_gap_false_positive
TP_0638,2500,0,0.0,0.0,1.0,0.0,0.0,0.0,0.0,0.0,0.0,2500,795,3180.0,0.3179999999993406,0.6819999999999999,4.8316,18.0,15.1937106918239,18.0,15.0,18.0,10000.000000020736,3180.0,0.3179999999993406,-0.318,15.1937106918239,18.0,15.0,18.0,1.3450108005608086,103.86521749993376,residential,0.3193198365573104,4.3749924253018975,0.0,0.2172220538955977,0.006152571644634,0.9691259860992432,0.0,11.097286492732374,13.2,14,0.715620184359219,41.885182878422285,29.058092580845745,107,0.5426645805582954,193,0.4043944040203903,101,0.4377000506705616,0.0350118536912752,0.0306190903746918,0.0,1.0006332368465898,1.0006332368465898,0.0,3180.0,3177.987581165601,3180.0,True,True,True,True,True,True,True,True,True,True,old_top20_hazard;zero_old_completeness;high_coverage_gain;large_building_density_gain;possible_old_dsm_gap_false_positive
TP_0027,2500,0,0.0,0.0,1.0,0.0,0.0,0.0,0.0,0.0,0.0,2500,1026,4104.0,0.4104000000057183,0.5896,3.8048,48.0,9.270955165692008,48.0,6.0,10.0,9999.999999860664,4104.0,0.4104000000057183,-0.4104,9.270955165692008,48.0,6.0,10.0,1.3260191707359783,103.86342014685236,residential,0.3329306553551248,2.7734624963156165,0.0,0.1816324999181248,0.0,0.982888162136078,0.0,23.726462808753464,13.2,15,0.7153817467720393,42.001873110838325,29.021741771135726,27,0.597750984823784,38,0.5122446896137799,24,0.6114250535514776,0.5025329370169743,0.1018930275142228,0.0,1.0000828508038695,1.0000828508038695,0.0,4104.0,4103.660008469491,4104.0,True,True,True,True,True,True,True,True,True,True,old_top20_hazard;zero_old_completeness;high_coverage_gain;large_building_density_gain;possible_old_dsm_gap_false_positive
TP_0923,2500,0,0.0,0.0,1.0,0.0,0.0,0.0,0.0,0.0,0.0,2500,658,2632.0,0.2632000000009288,0.7368,3.948,15.0,15.0,15.0,15.0,15.0,9999.999999964712,2632.0,0.2632000000009288,-0.2632,15.0,15.0,15.0,15.0,1.3540544988222354,103.8607247957078,residential,0.4313863613898486,4.414123130816143,0.0,0.2180916251292476,0.0073165716603398,0.969862699508667,0.0,10.12215501595884,13.2,17,0.7132669931111668,41.85721198234496,29.038749636092177,74,0.55898046433856,151,0.4308660413993971,80,0.4713796083919213,0.047179451824798,0.2661343904535667,0.0,0.9972161939277326,0.9972161939277326,0.0,2632.0,2639.3474314063724,2632.0,True,True,True,True,True,True,True,True,True,True,old_top20_hazard;zero_old_completeness;high_coverage_gain;large_building_density_gain;possible_old_dsm_gap_false_positive
TP_0876,2500,0,0.0,0.0,1.0,0.0,0.0,0.0,0.0,0.0,0.0,2500,854,3416.0,0.3416000000034299,0.6584,5.124,15.0,15.0,15.0,15.0,15.0,9999.999999899592,3416.0,0.3416000000034299,-0.3416,15.0,15.0,15.0,15.0,1.3531502640354198,103.84455063117376,residential,0.3354471499528786,7.291625869761746,0.0,0.2820361304391499,0.0,0.9882919788360596,0.0,10.444361246108556,13.2,18,0.7129364355248445,41.97273170179258,28.99775993179773,86,0.5524246075167315,169,0.4210640291802776,88,0.4569342888682386,0.0442408460575612,0.1822202311711301,0.0,0.9971336564387332,0.9971336564387332,0.0,3416.0,3425.8195758833954,3416.0,True,True,True,True,True,True,True,True,True,True,old_top20_hazard;zero_old_completeness;high_coverage_gain;large_building_density_gain;possible_old_dsm_gap_false_positive
TP_0820,2500,0,0.0,0.0,1.0,0.0,0.0,0.0,0.0,0.0,0.0,2500,1087,4348.0,0.434800000005647,0.5651999999999999,6.522,15.0,15.0,15.0,15.0,15.0,9999.999999870124,4348.0,0.434800000005647,-0.4348000000000001,15.0,15.0,15.0,15.0,1.3513415262111286,103.84634774987384,residential,0.3382883197990688,3.1192897912866635,0.0,0.1893175509174814,0.0,0.9823458790779114,0.0,9.31095378796337,13.2,19,0.7126581961056525,41.96788358688705,28.99463682773308,36,0.5895932790411044,86,0.4759639594757124,50,0.5325551151694745,0.0253043919641873,0.7351999162931838,0.0,1.017694522445486,1.017694522445486,0.0,4348.0,4272.401888881058,4348.0,True,True,True,True,True,True,True,True,True,True,old_top20_hazard;zero_old_completeness;high_coverage_gain;large_building_density_gain;possible_old_dsm_gap_false_positive
TP_0012,2500,0,0.0,0.0,1.0,0.0,0.0,0.0,0.0,0.0,0.0,2500,985,3940.0,0.3940000000010463,0.606,5.1092,42.0,12.96751269035533,42.0,12.0,20.0,9999.999999973445,3940.0,0.3940000000010463,-0.394,12.96751269035533,42.0,12.0,20.0,1.326019298657583,103.8499418334554,residential,0.3005538286123534,3.183793092421727,0.0,0.1907509576093717,0.0215617157518863,0.9571115374565125,0.0,28.640912141879177,13.2,21,0.7104770564056284,41.682072516940025,29.06871140120445,26,0.5977648306011224,45,0.506658455831353,31,0.5884608936713063,0.3478511083182824,0.3917931384289149,0.0,1.0007592107930023,1.0007592107930023,0.0,3940.0,3937.010978772747,3940.0,False,True,True,True,True,True,True,True,True,True,old_top50_hazard;zero_old_completeness;high_coverage_gain;large_building_density_gain;possible_old_dsm_gap_false_positive
TP_0315,2500,0,0.0,0.0,1.0,0.0,0.0,0.0,0.0,0.0,0.0,2500,704,2816.0,0.2816000000014393,0.7183999999999999,2.816,10.0,10.0,10.0,10.0,10.0,9999.999999948886,2816.0,0.2816000000014393,-0.2816000000000001,10.0,10.0,10.0,10.0,1.335062836755078,103.86162314149914,commercial,0.1759927798727013,6.218989340010516,0.0,0.2581997631113448,0.0,0.9588170647621156,0.0,19.818409017650257,19.8,22,0.7092979724405435,41.82153264785001,29.00835566427519,24,0.6004156836533981,29,0.5261290455420922,19,0.6280921372901712,0.6269458067211756,0.024510092512942,0.0,1.0005146080662992,1.0005146080662992,0.0,2816.0,2814.5516090389733,2816.0,False,True,True,True,True,True,True,True,True,True,old_top50_hazard;zero_old_completeness;high_coverage_gain;large_building_density_gain;possible_old_dsm_gap_false_positive
TP_0042,2500,0,0.0,0.0,1.0,0.0,0.0,0.0,0.0,0.0,0.0,2500,712,2848.0,0.2847999999990053,0.7152000000000001,3.2844,30.0,11.532303370786517,30.0,12.0,24.0,10000.000000034925,2848.0,0.2847999999990053,-0.2847999999999999,11.532303370786517,30.0,12.0,24.0,1.326923656994966,103.8508403940748,residential,0.1945350807283727,5.610896166052139,0.0,0.2446865814678253,0.0011640000157058,0.973292589187622,0.0,27.979173470452707,13.2,23,0.7084148614847006,41.8625338100138,28.973958017487167,35,0.589935417130371,65,0.4957304911786225,41,0.5696376533723342,0.3419072038983207,0.3146807126065569,0.0,1.0391942903831528,1.0391942903831528,0.0,2848.0,2740.584726413323,2848.0,False,True,True,True,True,True,True,True,True,True,old_top50_hazard;zero_old_completeness;high_coverage_gain;large_building_density_gain;possible_old_dsm_gap_false_positive
TP_0983,2500,0,0.0,0.0,1.0,0.0,0.0,0.0,0.0,0.0,0.0,2500,970,3880.0,0.3879999999989343,0.612,3.3072,15.0,8.523711340206185,15.0,6.0,15.0,10000.000000027469,3880.0,0.3879999999989343,-0.388,8.523711340206185,15.0,6.0,15.0,1.3558632062808729,103.86252194617552,residential,0.1642739441090651,2.4513767865477587,0.0,0.1744750397010613,0.0,0.9978420734405518,0.0,9.98155100556091,13.2,24,0.7047586357461876,41.98047902305297,28.914952465471057,25,0.5983110929974778,32,0.5222810090839576,22,0.6130952779894997,0.5685272208592211,0.1367978399304324,0.0,0.9991456024324992,0.9991456024324992,0.0,3880.0,3883.317897365341,3880.0,False,True,True,True,True,True,True,True,True,True,old_top50_hazard;zero_old_completeness;high_coverage_gain;large_building_density_gain;possible_old_dsm_gap_false_positive
TP_0848,2500,0,0.0,0.0,1.0,0.0,0.0,0.0,0.0,0.0,0.0,2500,817,3268.0,0.3267999999966949,0.6732,4.902,15.0,15.0,15.0,15.0,15.0,10000.000000101136,3268.0,0.3267999999966949,-0.3268,15.0,15.0,15.0,15.0,1.3522458952909897,103.84544919085636,residential,0.2393303009694224,5.402641644623408,0.0,0.2400587032138535,0.0,0.9928386807441713,0.0,9.562150807457698,13.2,27,0.7039758316020766,41.93023956897018,28.91695456501255,70,0.5609723859438651,137,0.4393030716504391,83,0.468148922176865,0.0498236026057662,0.3938959149709976,0.0,1.0043516254289253,1.0043516254289253,0.0,3268.0,3253.840504917135,3268.0,False,True,True,True,True,True,True,True,True,True,old_top50_hazard;zero_old_completeness;high_coverage_gain;large_building_density_gain;possible_old_dsm_gap_false_positive
TP_0760,2500,0,0.0,0.0,1.0,0.0,0.0,0.0,0.0,0.0,0.0,2500,982,3928.0,0.3927999999987925,0.6072,5.892,15.0,15.0,15.0,15.0,15.0,10000.00000003074,3928.0,0.3927999999987925,-0.3928,15.0,15.0,15.0,15.0,1.3495328063998238,103.8445506145788,residential,0.2951637853430288,4.425198041733027,0.0,0.2183377342607339,0.0,0.9808429479599,0.0,10.186531686517032,13.2,29,0.7019943544850712,41.86720418370104,28.915933083203065,72,0.5602347664509894,139,0.4388934352189754,85,0.4639401404187617,0.041558536901382,0.4182786037632726,0.0,0.9982819708142788,0.9982819708142788,0.0,3928.0,3934.7600325747726,3928.0,False,True,True,True,True,True,True,True,True,True,old_top50_hazard;zero_old_completeness;high_coverage_gain;large_building_density_gain;possible_old_dsm_gap_false_positive
TP_0847,2500,0,0.0,0.0,1.0,0.0,0.0,0.0,0.0,0.0,0.0,2500,851,3404.0,0.340399999999839,0.6596,5.106,15.0,15.0,15.0,15.0,15.0,10000.00000000473,3404.0,0.340399999999839,-0.3404,15.0,15.0,15.0,15.0,1.3522458996366615,103.84455062702084,residential,0.2945109327445604,6.47959271967221,0.0,0.2639909493260491,0.0001662857102928,0.9876812696456908,0.0,11.919823157525345,13.2,30,0.7018966039421165,41.886039924013,28.91303877610689,92,0.5501809032573688,161,0.423909460010436,97,0.4424728874896906,0.0423358156283599,0.2749855948893184,0.0,1.0153678653601188,1.0153678653601188,0.0,3404.0,3352.4795457188407,3404.0,False,True,True,True,True,True,True,True,True,True,old_top50_hazard;zero_old_completeness;high_coverage_gain;large_building_density_gain;possible_old_dsm_gap_false_positive
TP_0902,2500,0,0.0,0.0,1.0,0.0,0.0,0.0,0.0,0.0,0.0,2500,1105,4420.0,0.4420000000027818,0.558,6.63,15.0,15.0,15.0,15.0,15.0,9999.999999937065,4420.0,0.4420000000027818,-0.4419999999999999,15.0,15.0,15.0,15.0,1.3540546394709518,103.84185494181044,residential,0.2358196216821653,1.1912599916587443,0.0,0.1464724442590832,0.002605142770335,0.9747117161750792,0.0,11.522250520725697,13.2,31,0.701876905005116,41.834756229541725,28.919920704604465,101,0.5456710312671841,171,0.4196309465630321,100,0.4386954454332594,0.0893531806248076,0.1404250854055347,0.0,0.9955077779761088,0.9955077779761088,0.0,4420.0,4439.94521970081,4420.0,False,True,True,True,True,True,True,True,True,True,old_top50_hazard;zero_old_completeness;high_coverage_gain;large_building_density_gain;possible_old_dsm_gap_false_positive
TP_0030,2500,0,0.0,0.0,1.0,0.0,0.0,0.0,0.0,0.0,0.0,2500,700,2800.0,0.280000000003336,0.72,2.7204,15.0,9.715714285714286,15.0,9.0,15.0,9999.999999880856,2800.0,0.280000000003336,-0.28,9.715714285714286,15.0,9.0,15.0,1.3269237101367777,103.84005773877472,residential,0.3527385771027578,3.0419384156881195,0.0,0.187598631459736,0.0441211499273777,0.9320973753929138,0.0,10.529287998584628,13.2,33,0.6999326886780332,41.2941310015264,29.04413378879672,53,0.5744472211227039,88,0.4743415014020433,52,0.5235868448102076,0.2882556366276962,0.2747946125332807,0.0,0.997504516949452,0.997504516949452,0.0,2800.0,2807.004832983517,2800.0,False,True,True,True,True,True,True,True,True,True,old_top50_hazard;zero_old_completeness;high_coverage_gain;large_building_density_gain;possible_old_dsm_gap_false_positive
TP_0756,2500,0,0.0,0.0,1.0,0.0,0.0,0.0,0.0,0.0,0.0,2500,1100,4400.0,0.4400000000030573,0.56,7.4664,24.0,16.96909090909091,24.0,18.0,24.0,9999.999999930516,4400.0,0.4400000000030573,-0.4399999999999999,16.96909090909091,24.0,18.0,24.0,1.3495328204072894,103.84095636319788,commercial,0.0322846840908755,0.0,0.0,0.0907819034026242,0.0,0.9842072129249572,0.0,19.56197795498746,19.8,35,0.6988817809230385,41.894542733038215,28.88987498141704,61,0.5673277332191013,114,0.4558930203646867,73,0.4876051570522259,0.1289382506219367,0.4242421136533146,0.0,0.998696880638738,0.998696880638738,0.0,4400.0,4405.741206667118,4400.0,False,True,True,True,True,True,True,True,True,True,old_top50_hazard;zero_old_completeness;high_coverage_gain;large_building_density_gain;possible_old_dsm_gap_false_positive
TP_0787,2500,0,0.0,0.0,1.0,0.0,0.0,0.0,0.0,0.0,0.0,2500,667,2668.0,0.2668000000014753,0.7332000000000001,4.8104,20.0,18.02998500749625,20.0,18.0,20.0,9999.999999944705,2668.0,0.2668000000014753,-0.2667999999999999,18.02998500749625,20.0,18.0,20.0,1.3504371784958016,103.84275349237356,transport,0.3560764452987391,3.587333898747735,0.0,0.199718531083283,0.0250537171959877,0.9580292701721193,0.0,17.09297947596056,6.6,36,0.6987412945333553,41.546184077207336,28.970004204917373,96,0.5479315437468412,163,0.423156179933831,103,0.4369814095018933,0.0579157349364045,0.2548204270397194,0.0,0.992279420025451,0.992279420025451,0.0,2668.0,2688.7587771714225,2668.0,False,True,True,True,True,True,True,True,True,True,old_top50_hazard;zero_old_completeness;high_coverage_gain;large_building_density_gain;possible_old_dsm_gap_false_positive
TP_0727,2500,0,0.0,0.0,1.0,0.0,0.0,0.0,0.0,0.0,0.0,2500,923,3692.0,0.3692000000046741,0.6308,9.1488,30.0,24.78006500541712,30.0,24.0,30.0,9999.999999873398,3692.0,0.3692000000046741,-0.3692,24.78006500541712,30.0,24.0,30.0,1.3486284559721144,103.84095636038322,commercial,0.2709349966490583,4.6392732021604335,0.0,0.2230949600480096,0.0236125756055116,0.9640735387802124,0.0,18.711729683019698,19.8,37,0.697932168222808,41.57237425764159,28.95649711148849,51,0.5745955679632203,100,0.4685535821968872,61,0.5054165526217342,0.1522827450021688,0.5044041446809067,0.0,1.0009803286906578,1.0009803286906578,0.0,3692.0,3688.384171174829,3692.0,False,True,True,True,True,True,True,True,True,True,old_top50_hazard;zero_old_completeness;high_coverage_gain;large_building_density_gain;possible_old_dsm_gap_false_positive
TP_0028,2500,0,0.0,0.0,1.0,0.0,0.0,0.0,0.0,0.0,0.0,2500,1077,4308.0,0.4307999999993652,0.5691999999999999,4.3296,48.0,10.050139275766016,48.0,6.0,30.0,10000.000000014734,4308.0,0.4307999999993652,-0.4308,10.050139275766016,48.0,6.0,30.0,1.326019159582181,103.86431870102749,residential,0.3217532437387226,4.944946808099322,0.0,0.2298877068466516,0.0,0.9873511791229248,0.0,28.40754075897232,13.2,39,0.6977906087940797,41.87528056620518,28.891217618705223,43,0.5866961721420156,47,0.5058616921910977,38,0.5768899961891223,0.5168128030348571,0.1326923486849059,0.0,0.9987094271868956,0.9987094271868956,0.0,4308.0,4313.566972261906,4308.0,False,True,True,True,True,True,True,True,True,True,old_top50_hazard;zero_old_completeness;high_coverage_gain;large_building_density_gain;possible_old_dsm_gap_false_positive
TP_0011,2500,126,504.0,0.0503999999998698,0.9496,0.756,15.0,15.0,15.0,15.0,15.0,2500,829,3316.0,0.3315999999991434,0.6684,7.572,42.0,22.83474065138721,42.0,18.0,42.0,10000.00000002583,2812.0,0.2811999999992736,-0.2812,7.834740651387214,27.0,3.0,27.0,1.3260193045599993,103.84904327918773,residential,0.3948733843621772,1.9394308405605871,0.0,0.1630984631235686,0.0671717450022697,0.8799460530281067,0.0503284303022354,27.118992502648823,16.687760219944916,41,0.6947913640703177,40.84960368555237,29.08818518339473,44,0.5847575641105546,64,0.4960878674648178,44,0.5502929848556665,0.3541889281466022,0.3850210460628537,0.1394835191145876,0.9177129948094696,0.778229475694882,504.0,3316.0,3613.330113831993,2812.0,False,True,True,True,False,True,True,True,True,True,old_top50_hazard;low_old_completeness;high_coverage_gain;large_building_density_gain;possible_old_dsm_gap_false_positive
TP_0527,2500,0,0.0,0.0,1.0,0.0,0.0,0.0,0.0,0.0,0.0,2500,1743,6972.0,0.6971999999960432,0.3027999999999999,8.3664,12.0,12.0,12.0,12.0,12.0,10000.000000056752,6972.0,0.6971999999960432,-0.6972,12.0,12.0,12.0,12.0,1.3422978947863746,103.84365202132864,civic_institutional,0.0,2.584157385996733,0.0,0.1774257196888163,0.0,0.9541966915130616,0.0,18.65093081222252,6.6,42,0.6945770504848768,41.707443960790016,28.89710672249193,11,0.6226947149209152,12,0.5712433598068276,11,0.6755822414312646,0.7022612572398449,0.4117001004968028,0.0,0.8338535769736147,0.8338535769736147,0.0,6972.0,8361.180179023939,6972.0,False,True,True,True,True,True,True,True,True,True,old_top50_hazard;zero_old_completeness;high_coverage_gain;large_building_density_gain;possible_old_dsm_gap_false_positive
TP_0879,2500,0,0.0,0.0,1.0,0.0,0.0,0.0,0.0,0.0,0.0,2500,672,2688.0,0.2688000000004742,0.7312000000000001,4.032,15.0,15.0,15.0,15.0,15.0,9999.999999982356,2688.0,0.2688000000004742,-0.2687999999999999,15.0,15.0,15.0,15.0,1.3531502499848935,103.84724632366908,residential,0.2588762109892291,3.2623794931150445,0.0,0.1924973220692232,0.0358068607747554,0.9367388486862184,0.0,12.097660916592677,13.2,43,0.693324270137611,41.31153490990852,28.959379015300414,60,0.569204626903869,113,0.4560326274954914,79,0.4734923653822253,0.0170606551080454,0.6841984538290747,0.0,0.9988783777702508,0.9988783777702508,0.0,2688.0,2691.018305952619,2688.0,False,True,True,True,True,True,True,True,True,True,old_top50_hazard;zero_old_completeness;high_coverage_gain;large_building_density_gain;possible_old_dsm_gap_false_positive
TP_0955,2500,0,0.0,0.0,1.0,0.0,0.0,0.0,0.0,0.0,0.0,2500,1097,4388.0,0.4387999999967754,0.5611999999999999,6.5604,15.0,14.95077484047402,15.0,15.0,15.0,10000.000000073487,4388.0,0.4387999999967754,-0.4388000000000001,14.95077484047402,15.0,15.0,15.0,1.3549588309411935,103.86342050007936,residential,0.2253677293300142,4.142663797921588,0.0,0.2120591955093686,0.0079817157238721,0.9759511947631836,0.0,14.689918836805356,13.2,44,0.6929690333131605,41.73237809639331,28.88940750430948,31,0.593404117102917,33,0.5220618589362304,28,0.5966279455621607,0.5851704953589804,0.1854568765180939,0.0,1.0005471434554598,1.0005471434554598,0.0,4388.0,4385.600447416934,4388.0,False,True,True,True,True,True,True,True,True,True,old_top50_hazard;zero_old_completeness;high_coverage_gain;large_building_density_gain;possible_old_dsm_gap_false_positive
TP_0850,2500,0,0.0,0.0,1.0,0.0,0.0,0.0,0.0,0.0,0.0,2500,822,3288.0,0.3287999999995634,0.6712,4.932,15.0,15.0,15.0,15.0,15.0,10000.00000001328,3288.0,0.3287999999995634,-0.3288,15.0,15.0,15.0,15.0,1.3522458855955295,103.84724631851816,residential,0.2147703732967142,4.695812339972094,0.0,0.2243513853327132,0.0200097151100635,0.9534817337989808,0.0,10.430842268790288,13.2,45,0.6888874165032199,41.4850766245741,28.89584322110475,47,0.577697247296451,90,0.47135723059886,72,0.4888766758327504,0.0178379247746715,0.8591888197407496,0.0,0.998900463277854,0.998900463277854,0.0,3288.0,3291.619256247567,3288.0,False,True,True,True,True,True,True,True,True,True,old_top50_hazard;zero_old_completeness;high_coverage_gain;large_building_density_gain;possible_old_dsm_gap_false_positive
TP_0786,2500,0,0.0,0.0,1.0,0.0,0.0,0.0,0.0,0.0,0.0,2500,981,3924.0,0.3923999999979872,0.6075999999999999,5.3436,18.0,13.617737003058105,18.0,15.0,15.0,10000.000000051296,3924.0,0.3923999999979872,-0.3924000000000001,13.617737003058105,18.0,15.0,15.0,1.3504371818328869,103.84185492919508,commercial,0.1679020098154593,1.9566005994904547,0.0,0.1634800133220101,0.0245548598468303,0.9514931440353394,0.0,18.55957998602983,19.8,46,0.6885785711332593,41.45020136707172,28.896117541141173,104,0.5439005899980571,162,0.4235997984043282,115,0.4217243765737825,0.0712887284657952,0.291956196041564,0.0,0.9989781996899674,0.9989781996899674,0.0,3924.0,3928.0136455608463,3924.0,False,True,True,True,True,True,True,True,True,True,old_top50_hazard;zero_old_completeness;high_coverage_gain;large_building_density_gain;possible_old_dsm_gap_false_positive
TP_0819,2500,0,0.0,0.0,1.0,0.0,0.0,0.0,0.0,0.0,0.0,2500,793,3172.0,0.3171999999959034,0.6828000000000001,4.758,15.0,15.0,15.0,15.0,15.0,10000.000000129148,3172.0,0.3171999999959034,-0.3171999999999999,15.0,15.0,15.0,15.0,1.351341530888375,103.84544918637378,residential,0.280879675829824,4.622354686207531,0.0,0.222718993026834,0.0093674296513199,0.970584750175476,0.0,9.36549735538808,13.2,47,0.6867759455104174,41.659204495996434,28.8658565267379,90,0.5509465941759301,146,0.4333800609548115,107,0.4312929578383817,0.0360396695417486,0.4681578982852821,0.0,1.0267507323175136,1.0267507323175136,0.0,3172.0,3089.357426451864,3172.0,False,True,True,True,True,True,True,True,True,True,old_top50_hazard;zero_old_completeness;high_coverage_gain;large_building_density_gain;possible_old_dsm_gap_false_positive
TP_0954,2500,0,0.0,0.0,1.0,0.0,0.0,0.0,0.0,0.0,0.0,2500,819,3276.0,0.3276000000008521,0.6724,2.4336,15.0,7.428571428571429,15.0,6.0,15.0,9999.999999973988,3276.0,0.3276000000008521,-0.3276,7.428571428571429,15.0,6.0,15.0,1.3549588420031258,103.86252193534752,residential,0.1307194307626052,2.967254081492396,0.0,0.1859389795887199,0.0038800002075731,0.9831645488739014,0.0,11.631931855581342,13.2,49,0.6862766989958594,41.77787730290538,28.843962614328497,38,0.5891610082358798,34,0.5185961018781212,34,0.5814902794957179,0.5724356077761092,0.2262367514132572,0.0,1.0015622941551212,1.0015622941551212,0.0,3276.0,3270.889907814976,3276.0,False,True,True,True,True,True,True,True,True,True,old_top50_hazard;zero_old_completeness;high_coverage_gain;large_building_density_gain;possible_old_dsm_gap_false_positive
TP_0878,2500,0,0.0,0.0,1.0,0.0,0.0,0.0,0.0,0.0,0.0,2500,992,3968.0,0.3967999999988379,0.6032,5.952,15.0,15.0,15.0,15.0,15.0,10000.000000029286,3968.0,0.3967999999988379,-0.3968,15.0,15.0,15.0,15.0,1.3531502550033316,103.84634775950713,residential,0.2090130067826376,7.992877827236233,0.0,0.2976195072719163,0.0191782861948013,0.962175190448761,0.0,10.667517953709831,13.2,50,0.6860451337393648,41.50706880677517,28.8865026131909,85,0.5528901506032132,141,0.4368020991872912,104,0.4352048973604812,0.0377589381428678,0.5024545505569222,0.0,1.0062047881529568,1.0062047881529568,0.0,3968.0,3943.531224179396,3968.0,False,True,True,True,True,True,True,True,True,True,old_top50_hazard;zero_old_completeness;high_coverage_gain;large_building_density_gain;possible_old_dsm_gap_false_positive
