cell_id,old_dsm_area_m2,new_dsm_area_m2,osm_area_m2,osm_count_intersections,old_vs_osm_completeness,new_vs_osm_completeness,coverage_gain_vs_osm,new_minus_old_dsm_area_m2
TP_0001,0.0,3452.0,3472.382071321351,21.0,0.0,0.994130233683186,0.994130233683186,3452.0
TP_0002,0.0,4048.0,4036.634270367069,22.0,0.0,1.0028156451319772,1.0028156451319772,4048.0
TP_0003,564.0,1564.0,1572.6977250377527,6.0,0.35861945434330755,0.9944695506966897,0.6358500963533822,1000.0
TP_0004,2236.0,4688.0,4694.828551510922,19.0,0.47626872322747443,0.9985455163194992,0.5222767930920247,2452.0
TP_0005,1168.0,2180.0,2130.779437186796,10.0,0.548156219088577,1.0230997924769674,0.4749435733883903,1012.0
TP_0006,0.0,1436.0,1438.3808889583495,2.0,0.0,0.9983447437485952,0.9983447437485952,1436.0
TP_0007,0.0,2784.0,2757.7527486900985,5.0,0.0,1.0095176231162741,1.0095176231162741,2784.0
TP_0008,0.0,5056.0,5043.564215398692,15.0,0.0,1.0024656738905673,1.0024656738905673,5056.0
TP_0009,0.0,1720.0,1726.8771586663831,5.0,0.0,0.9960175750591929,0.9960175750591929,1720.0
TP_0010,0.0,3328.0,3330.0853002917706,15.0,0.0,0.9993737997367251,0.9993737997367251,3328.0
TP_0011,504.0,3316.0,3613.330113831993,8.0,0.13948351911458767,0.9177129948094696,0.7782294756948819,2812.0
TP_0012,0.0,3940.0,3937.0109787727474,13.0,0.0,1.0007592107930023,1.0007592107930023,3940.0
TP_0013,0.0,3164.0,3150.870855445825,5.0,0.0,1.0041668304276843,1.0041668304276843,3164.0
TP_0014,0.0,2748.0,2757.191636557754,7.0,0.0,0.9966663047878568,0.9966663047878568,2748.0
TP_0015,0.0,3776.0,3768.0998054406887,9.0,0.0,1.002096599073067,1.002096599073067,3776.0
TP_0016,0.0,1836.0,1831.5200784744543,5.0,0.0,1.0024460127836967,1.0024460127836967,1836.0
TP_0017,24.0,900.0,940.5506012956442,4.0,0.02551696842991657,0.9568863161218714,0.9313693476919548,876.0
TP_0018,796.0,1168.0,1672.604608809485,4.0,0.47590446409601334,0.6983120779700297,0.22240761387401636,372.0
TP_0019,636.0,696.0,855.8303515505332,7.0,0.7431379348111924,0.8132452871518708,0.07010735234067844,60.0
TP_0020,2980.0,2980.0,3204.6064796406276,6.0,0.929911369440339,0.929911369440339,0.0,0.0
TP_0021,3428.0,3588.0,3576.632449419083,7.0,0.9584434656003795,1.003178283131319,0.04473481753093944,160.0
TP_0022,2388.0,2492.0,2509.903089355718,6.0,0.951431156894982,0.992867019674328,0.04143586277934597,104.0
TP_0023,1556.0,1248.0,1531.8263824711146,3.0,1.0157809121226187,0.8147137392860078,-0.2010671728366109,-308.0
TP_0024,428.0,456.0,472.6248112249007,2.0,0.9055808959558287,0.9648245059716306,0.05924361001580192,28.0
TP_0025,0.0,20.0,21.53692122527822,1.0,0.0,0.9286378396799673,0.9286378396799673,20.0
TP_0026,0.0,2908.0,2920.657425187301,9.0,0.0,0.9956662410736208,0.9956662410736208,2908.0
TP_0027,0.0,4104.0,4103.66000846949,45.0,0.0,1.0000828508038697,1.0000828508038697,4104.0
TP_0028,0.0,4308.0,4313.566972261906,42.0,0.0,0.9987094271868957,0.9987094271868957,4308.0
TP_0029,0.0,1864.0,1852.4454064726394,17.0,0.0,1.0062374812704264,1.0062374812704264,1864.0
TP_0030,0.0,2800.0,2807.004832983517,15.0,0.0,0.9975045169494519,0.9975045169494519,2800.0
TP_0031,0.0,2520.0,2514.50610883795,7.0,0.0,1.0021848788287848,1.0021848788287848,2520.0
TP_0032,0.0,1704.0,1711.5280270684534,5.0,0.0,0.9956015753470613,0.9956015753470613,1704.0
TP_0033,0.0,2636.0,2641.637318333204,15.0,0.0,0.9978659756605949,0.9978659756605949,2636.0
TP_0034,0.0,3404.0,3431.7492114609768,13.0,0.0,0.9919139745502664,0.9919139745502664,3404.0
TP_0035,288.0,2200.0,2197.4641153925754,16.0,0.1310601606563887,1.0011540050140804,0.8700938443576917,1912.0
TP_0036,0.0,3496.0,3591.716920288796,12.0,0.0,0.973350650284238,0.973350650284238,3496.0
TP_0037,0.0,5972.0,5951.928614252068,6.0,0.0,1.003372249072321,1.003372249072321,5972.0
TP_0038,0.0,2092.0,2055.6188594344007,4.0,0.0,1.0176983882000428,1.0176983882000428,2092.0
TP_0039,0.0,3632.0,3617.2690972538016,6.0,0.0,1.0040723823277018,1.0040723823277018,3632.0
TP_0040,0.0,1832.0,1845.9647733612185,10.0,0.0,0.9924349729947496,0.9924349729947496,1832.0
TP_0041,0.0,3380.0,3374.729424435467,33.0,0.0,1.0015617772276408,1.0015617772276408,3380.0
TP_0042,0.0,2740.0,2740.5847264133236,19.0,0.0,0.9997866417309824,0.9997866417309824,2740.0
TP_0043,0.0,3272.0,3259.588543656887,5.0,0.0,1.0038076757777499,1.0038076757777499,3272.0
TP_0044,516.0,2096.0,1941.2342248660407,6.0,0.265810273376778,1.079725451545982,0.813915178169204,1580.0
TP_0045,0.0,2508.0,2510.539900999327,6.0,0.0,0.998988304866887,0.998988304866887,2508.0
TP_0046,0.0,2608.0,2587.322319661065,3.0,0.0,1.0079919228392247,1.0079919228392247,2608.0
TP_0047,1016.0,1380.0,1453.513538975223,4.0,0.69899589701539,0.9494235609067305,0.2504276638913405,364.0
TP_0048,3000.0,3000.0,3348.5210735926116,8.0,0.8959179094492945,0.8959179094492945,0.0,0.0
TP_0049,3548.0,3596.0,3529.764394378193,9.0,1.0051662387582725,1.0187648800943483,0.0135986413360758,48.0
TP_0050,2036.0,2036.0,1853.378935594766,3.0,1.0985341210574562,1.0985341210574562,0.0,0.0
TP_0051,528.0,636.0,520.7567197434219,4.0,1.0139091441011974,1.2212996508491696,0.20739050674797221,108.0
TP_0052,2148.0,2004.0,2262.536128975399,5.0,0.9493771049626212,0.8857317124511604,-0.06364539251146073,-144.0
TP_0053,2876.0,3044.0,1071.623725197901,3.0,2.683777833930354,2.840549279027816,0.156771445097462,168.0
TP_0054,48.0,760.0,722.6321863059994,1.0,0.06642383346550017,1.0517106965370862,0.985286863071586,712.0
TP_0055,0.0,1932.0,1959.5682004223142,6.0,0.0,0.9859314922459076,0.9859314922459076,1932.0
TP_0056,0.0,3700.0,3696.5009954021702,16.0,0.0,1.0009465720696902,1.0009465720696902,3700.0
TP_0057,0.0,3364.0,3365.605312456482,14.0,0.0,0.9995230241494627,0.9995230241494627,3364.0
TP_0058,0.0,1220.0,1222.3554369232954,9.0,0.0,0.9980730343628821,0.9980730343628821,1220.0
TP_0059,0.0,0.0,0.0,0.0,,,,0.0
TP_0060,0.0,28.0,27.427729394864414,1.0,0.0,1.0208646730065354,1.0208646730065354,28.0
TP_0061,0.0,1472.0,1467.4913326588,5.0,0.0,1.003072363864004,1.003072363864004,1472.0
TP_0062,0.0,1636.0,1625.913855962011,6.0,0.0,1.0062033692627714,1.0062033692627714,1636.0
TP_0063,24.0,2316.0,2388.786738911781,10.0,0.010046941239691104,0.9695298296301916,0.9594828883905006,2292.0
TP_0064,1524.0,1524.0,1604.4592488723592,4.0,0.9498527314240562,0.9498527314240562,0.0,0.0
TP_0065,0.0,184.0,176.1981437898309,3.0,0.0,1.0442788785531993,1.0442788785531993,184.0
TP_0066,0.0,1464.0,1483.6066581368639,5.0,0.0,0.9867844633688243,0.9867844633688243,1464.0
TP_0067,0.0,1756.0,1764.4171973572209,5.0,0.0,0.9952294744293876,0.9952294744293876,1756.0
TP_0068,0.0,1736.0,1721.3171766732576,4.0,0.0,1.008529992918051,1.008529992918051,1736.0
TP_0069,0.0,1492.0,1488.4487053942532,3.0,0.0,1.002385903251403,1.002385903251403,1492.0
TP_0070,0.0,1712.0,1695.4101755083939,6.0,0.0,1.0097851391546777,1.0097851391546777,1712.0
TP_0071,336.0,1596.0,1493.2609186587897,10.0,0.22501091122225778,1.0688018283057243,0.8437909170834665,1260.0
TP_0072,992.0,1908.0,1563.9217304368085,6.0,0.6343028430987598,1.2200099038633405,0.5857070607645807,916.0
TP_0073,368.0,1636.0,1780.7307475173784,6.0,0.20665673376676988,0.9187239577240096,0.7120672239572398,1268.0
TP_0074,1120.0,3504.0,3378.5094896336395,5.0,0.331507134562304,1.0371437495592082,0.7056366149969042,2384.0
TP_0075,820.0,1972.0,1885.9405109112058,6.0,0.43479632324341505,1.0456321334585543,0.6108358102151392,1152.0
TP_0076,1796.0,1796.0,2133.8908529154915,3.0,0.8416550441397516,0.8416550441397516,0.0,0.0
TP_0077,2692.0,2692.0,2629.247461873118,10.0,1.023867109900023,1.023867109900023,0.0,0.0
TP_0078,3148.0,3328.0,3187.6555053341353,12.0,0.9875596640641446,1.0440274974604427,0.05646783339629802,180.0
TP_0079,704.0,704.0,694.4150264485548,4.0,1.0138029466333203,1.0138029466333203,0.0,0.0
TP_0080,644.0,644.0,841.5463552321582,2.0,0.7652579040905466,0.7652579040905466,0.0,0.0
TP_0081,3800.0,3800.0,3855.7501229941895,6.0,0.9855410435801538,0.9855410435801538,0.0,0.0
TP_0082,1724.0,1724.0,1285.9519863395344,3.0,1.3406410335018575,1.3406410335018575,0.0,0.0
TP_0083,2056.0,2056.0,234.81977357391784,2.0,8.755651062549045,8.755651062549045,0.0,0.0
TP_0084,0.0,2664.0,2667.3233042052534,3.0,0.0,0.9987540677202446,0.9987540677202446,2664.0
TP_0085,0.0,2772.0,2755.7757417399384,6.0,0.0,1.0058873652214595,1.0058873652214595,2772.0
TP_0086,0.0,996.0,981.6773467451998,8.0,0.0,1.0145899804067882,1.0145899804067882,996.0
TP_0087,0.0,4012.0,4007.910900627475,17.0,0.0,1.001020257055087,1.001020257055087,4012.0
TP_0088,0.0,0.0,0.0,0.0,,,,0.0
TP_0089,0.0,352.0,349.75190414346383,1.0,0.0,1.0064276872546032,1.0064276872546032,352.0
TP_0090,0.0,644.0,642.6976336388352,2.0,0.0,1.0020264060313884,1.0020264060313884,644.0
TP_0091,0.0,1204.0,1208.9202017150483,4.0,0.0,0.995930085618498,0.995930085618498,1204.0
TP_0092,180.0,2072.0,2033.2838333555137,5.0,0.088526745281276,1.0190412012377994,0.9305144559565234,1892.0
TP_0093,2316.0,2316.0,2221.4761977913527,2.0,1.0425499954951691,1.0425499954951691,0.0,0.0
TP_0094,144.0,144.0,63.3827437652985,1.0,2.2719117451466144,2.2719117451466144,0.0,0.0
TP_0095,0.0,128.0,128.32914684176728,1.0,0.0,0.9974351357437673,0.9974351357437673,128.0
TP_0096,0.0,764.0,762.1202189035662,2.0,0.0,1.0024665151898715,1.0024665151898715,764.0
TP_0097,0.0,1968.0,1959.3311184290105,3.0,0.0,1.0044244086614313,1.0044244086614313,1968.0
TP_0098,0.0,2464.0,2478.7321442425487,3.0,0.0,0.9940565807899947,0.9940565807899947,2464.0
TP_0099,0.0,424.0,425.8796911089548,2.0,0.0,0.9955863330696512,0.9955863330696512,424.0
TP_0100,1464.0,1464.0,1627.3102107563172,2.0,0.8996440815790024,0.8996440815790024,0.0,0.0
TP_0101,712.0,716.0,1010.7043000544897,2.0,0.7044592567396954,0.708416893013514,0.00395763627381851,4.0
TP_0102,0.0,312.0,300.0061134186075,1.0,0.0,1.039978807247361,1.039978807247361,312.0
TP_0103,1020.0,1020.0,1067.2491171997365,1.0,0.9557281271651838,0.9557281271651838,0.0,0.0
TP_0104,1276.0,1276.0,1354.0799224166342,2.0,0.9423372866519691,0.9423372866519691,0.0,0.0
TP_0105,900.0,900.0,1074.8417358698753,2.0,0.8373325764761312,0.8373325764761312,0.0,0.0
TP_0106,808.0,808.0,724.8299205307917,4.0,1.1147442691222005,1.1147442691222005,0.0,0.0
TP_0107,1132.0,1132.0,1039.2568304129318,3.0,1.0892398941946027,1.0892398941946027,0.0,0.0
TP_0108,528.0,1832.0,1806.2771928538687,4.0,0.29231393835282526,1.0142407861029845,0.7219268477501593,1304.0
TP_0109,0.0,1436.0,1429.9777886222155,2.0,0.0,1.0042114020411372,1.0042114020411372,1436.0
TP_0110,420.0,1628.0,1555.9310698801219,2.0,0.26993483717267713,1.046318845040758,0.7763840078680808,1208.0
TP_0111,276.0,2168.0,2226.558738378352,6.0,0.12395810415539113,0.973699890611913,0.8497417864565219,1892.0
TP_0112,604.0,3280.0,3255.026400784025,6.0,0.18555917084252127,1.0076723184825658,0.8221131476400445,2676.0
TP_0113,0.0,0.0,0.0,0.0,,,,0.0
TP_0114,0.0,48.0,52.73410391972668,1.0,0.0,0.9102269012301212,0.9102269012301212,48.0
TP_0115,0.0,1256.0,1253.0698386272268,4.0,0.0,1.0023383863232902,1.0023383863232902,1256.0
TP_0116,0.0,1756.0,1763.5685010119055,13.0,0.0,0.9957084167654601,0.9957084167654601,1756.0
TP_0117,0.0,48.0,50.26803225402762,1.0,0.0,0.9548812206818401,0.9548812206818401,48.0
TP_0118,0.0,524.0,514.6087169455745,2.0,0.0,1.018249366451013,1.018249366451013,524.0
TP_0119,600.0,600.0,650.7160207807748,1.0,0.9220612077140469,0.9220612077140469,0.0,0.0
TP_0120,1492.0,1492.0,1334.87617825974,1.0,1.1177066639582258,1.1177066639582258,0.0,0.0
TP_0121,0.0,0.0,0.0,0.0,,,,0.0
TP_0122,240.0,240.0,46.76770102720338,1.0,5.131746798081846,5.131746798081846,0.0,0.0
TP_0123,36.0,36.0,0.0,0.0,,,,0.0
TP_0124,0.0,0.0,0.0,0.0,,,,0.0
TP_0125,0.0,0.0,0.0,0.0,,,,0.0
TP_0126,0.0,0.0,0.0,0.0,,,,0.0
TP_0127,0.0,16.0,14.333608521608081,1.0,0.0,1.1162576385339265,1.1162576385339265,16.0
TP_0128,0.0,168.0,168.2593625318885,1.0,0.0,0.9984585551259333,0.9984585551259333,168.0
TP_0129,0.0,0.0,0.0,0.0,,,,0.0
TP_0130,0.0,0.0,0.0,0.0,,,,0.0
TP_0131,0.0,0.0,0.0,0.0,,,,0.0
TP_0132,0.0,64.0,61.0833422277451,1.0,0.0,1.047748824243774,1.047748824243774,64.0
TP_0133,0.0,4144.0,4117.095075226092,1.0,0.0,1.0065349291872814,1.0065349291872814,4144.0
TP_0134,600.0,600.0,483.17915149471247,1.0,1.2417754328677113,1.2417754328677113,0.0,0.0
TP_0135,428.0,1500.0,1574.800815383032,3.0,0.27178040284154886,0.9525014118278581,0.6807210089863092,1072.0
TP_0136,0.0,1268.0,1267.0808096209844,6.0,0.0,1.00072543942899,1.00072543942899,1268.0
TP_0137,680.0,920.0,752.9160088971888,3.0,0.9031551885794136,1.2219158433721478,0.3187606547927342,240.0
TP_0138,160.0,160.0,34.22260548389754,1.0,4.675272315992522,4.675272315992522,0.0,0.0
TP_0139,0.0,44.0,41.358401467586305,1.0,0.0,1.0638709050320523,1.0638709050320523,44.0
TP_0140,0.0,1068.0,1060.09094478902,2.0,0.0,1.0074607327322789,1.0074607327322789,1068.0
TP_0141,0.0,2236.0,2236.9384806855187,2.0,0.0,0.9995804620048241,0.9995804620048241,2236.0
TP_0142,0.0,0.0,0.0,0.0,,,,0.0
TP_0143,0.0,0.0,0.0,0.0,,,,0.0
TP_0144,0.0,0.0,0.0,0.0,,,,0.0
TP_0145,1808.0,1808.0,1026.756438734893,1.0,1.7608849886811597,1.7608849886811597,0.0,0.0
TP_0146,0.0,2120.0,2135.311199745747,9.0,0.0,0.9928295230467716,0.9928295230467716,2120.0
TP_0147,0.0,1168.0,1158.4486888316735,3.0,0.0,1.0082449151700963,1.0082449151700963,1168.0
TP_0148,2772.0,2772.0,2990.2152647150497,4.0,0.9270235600459874,0.9270235600459874,0.0,0.0
TP_0149,3572.0,3572.0,3544.2044773096786,7.0,1.007842527954657,1.007842527954657,0.0,0.0
TP_0150,40.0,2760.0,2741.2195985590492,5.0,0.01459204509592242,1.006851111618647,0.9922590665227246,2720.0
TP_0151,1596.0,2164.0,2724.46509523972,5.0,0.5858030637972153,0.7942843546724148,0.2084812908751995,568.0
TP_0152,2908.0,2908.0,3174.9444423897917,4.0,0.9159215390273533,0.9159215390273533,0.0,0.0
TP_0153,0.0,384.0,378.5345040683654,1.0,0.0,1.0144385673509106,1.0144385673509106,384.0
TP_0154,164.0,212.0,51.62095176865494,1.0,3.177004576261676,4.1068595741919225,0.9298549979302466,48.0
TP_0155,0.0,0.0,0.0,0.0,,,,0.0
TP_0156,0.0,516.0,512.7981229569813,2.0,0.0,1.0062439328454549,1.0062439328454549,516.0
TP_0157,0.0,0.0,0.0,0.0,,,,0.0
TP_0158,0.0,0.0,0.0,0.0,,,,0.0
TP_0159,0.0,0.0,0.0,0.0,,,,0.0
TP_0160,0.0,0.0,0.0,0.0,,,,0.0
TP_0161,0.0,0.0,0.0,0.0,,,,0.0
TP_0162,0.0,4552.0,4517.343327272861,1.0,0.0,1.0076719147109994,1.0076719147109994,4552.0
TP_0163,1944.0,1976.0,1785.1902567913444,5.0,1.0889595619315648,1.1068848222102736,0.017925260278708777,32.0
TP_0164,3616.0,3616.0,3469.4341991442916,5.0,1.0422448711930774,1.0422448711930774,0.0,0.0
TP_0165,132.0,4356.0,4400.693011777128,19.0,0.029995275663797,0.989844096905301,0.959848821241504,4224.0
TP_0166,1552.0,4080.0,4142.81208702349,10.0,0.3746247639040453,0.98483829686115,0.6102135329571047,2528.0
TP_0167,4276.0,4276.0,3651.27484917773,3.0,1.1710978155925342,1.1710978155925342,0.0,0.0
TP_0168,1404.0,1404.0,1094.684708681988,1.0,1.2825610779659387,1.2825610779659387,0.0,0.0
TP_0169,0.0,0.0,0.0,0.0,,,,0.0
TP_0170,0.0,0.0,0.0,0.0,,,,0.0
TP_0171,0.0,0.0,0.0,0.0,,,,0.0
TP_0172,0.0,0.0,0.0,0.0,,,,0.0
TP_0173,0.0,0.0,0.0,0.0,,,,0.0
TP_0174,56.0,1720.0,1795.2489046959533,3.0,0.031193446130793914,0.9580844168743845,0.9268909707435906,1664.0
TP_0175,0.0,1720.0,1726.3219848943093,5.0,0.0,0.996337887746534,0.996337887746534,1720.0
TP_0176,0.0,1600.0,1607.3417372702468,4.0,0.0,0.9954323731537543,0.9954323731537543,1600.0
TP_0177,308.0,1468.0,1589.3414774376777,7.0,0.19379095327994264,0.9236529851134928,0.7298620318335501,1160.0
TP_0178,3884.0,3884.0,3700.610501648485,5.0,1.049556552430963,1.049556552430963,0.0,0.0
TP_0179,696.0,772.0,764.3561674206419,3.0,0.9105702677178452,1.0100003544226674,0.09943008670482223,76.0
TP_0180,804.0,1364.0,1459.7451141650995,6.0,0.5507810865048501,0.9344097039709149,0.3836286174660648,560.0
TP_0181,1104.0,1104.0,1245.2009352812313,3.0,0.8866038955798401,0.8866038955798401,0.0,0.0
TP_0182,0.0,40.0,42.31804081284361,1.0,0.0,0.9452233428505017,0.9452233428505017,40.0
TP_0183,1456.0,1708.0,1673.9108301390627,4.0,0.8698193319407824,1.0203649855459178,0.1505456536051354,252.0
TP_0184,2212.0,2212.0,3786.902819549465,3.0,0.5841185014257022,0.5841185014257022,0.0,0.0
TP_0185,1368.0,3212.0,4495.9924784993345,5.0,0.3042709716579884,0.7144140065536979,0.4101430348957095,1844.0
TP_0186,1436.0,1908.0,1946.9346101893423,6.0,0.7375697121437206,0.9800020966366426,0.24243238449292204,472.0
TP_0187,2364.0,2364.0,2244.307291067561,3.0,1.0533316936628156,1.0533316936628156,0.0,0.0
TP_0188,964.0,964.0,1228.3540190856834,2.0,0.784790040185277,0.784790040185277,0.0,0.0
TP_0189,1868.0,1936.0,1995.224296916524,2.0,0.936235591600834,0.9703169728796652,0.0340813812788312,68.0
TP_0190,0.0,1108.0,1107.1774170577041,1.0,0.0,1.0007429549497875,1.0007429549497875,1108.0
TP_0191,0.0,0.0,0.0,0.0,,,,0.0
TP_0192,1832.0,1832.0,1892.7609189355367,3.0,0.9678982599821916,0.9678982599821916,0.0,0.0
TP_0193,3916.0,4140.0,3973.3447402739266,7.0,0.9855676403578378,1.0419433174365293,0.05637567707869151,224.0
TP_0194,3356.0,3356.0,2984.4818978989288,6.0,1.1244832821276682,1.1244832821276682,0.0,0.0
TP_0195,4412.0,4412.0,4324.557649563762,5.0,1.0202199525412867,1.0202199525412867,0.0,0.0
TP_0196,4256.0,4464.0,4210.282625148561,8.0,1.0108585049797758,1.0602613642457046,0.0494028592659288,208.0
TP_0197,3148.0,3148.0,553.6584911930992,2.0,5.685815444131017,5.685815444131017,0.0,0.0
TP_0198,164.0,164.0,0.0,0.0,,,,0.0
TP_0199,0.0,0.0,0.0,0.0,,,,0.0
TP_0200,0.0,0.0,0.0,0.0,,,,0.0
TP_0201,0.0,280.0,285.0948075836551,1.0,0.0,0.982129426955066,0.982129426955066,280.0
TP_0202,0.0,408.0,407.27893140472196,1.0,0.0,1.0017704539559438,1.0017704539559438,408.0
TP_0203,0.0,1172.0,1174.0930974562662,2.0,0.0,0.9982172644905238,0.9982172644905238,1172.0
TP_0204,0.0,1988.0,1986.3419865644141,3.0,0.0,1.0008347069370735,1.0008347069370735,1988.0
TP_0205,0.0,3396.0,3406.9553609799605,6.0,0.0,0.9967844131139982,0.9967844131139982,3396.0
TP_0206,0.0,56.0,54.41367726556334,1.0,0.0,1.029153014722653,1.029153014722653,56.0
TP_0207,0.0,44.0,56.73094677776003,1.0,0.0,0.7755907930175618,0.7755907930175618,44.0
TP_0208,1148.0,1148.0,1144.1596366866029,2.0,1.0033564925647251,1.0033564925647251,0.0,0.0
TP_0209,1300.0,1344.0,1355.3549166444757,4.0,0.9591583606886374,0.9916221821273297,0.03246382143869231,44.0
TP_0210,3580.0,3580.0,3064.7692979350372,4.0,1.1681140248997248,1.1681140248997248,0.0,0.0
TP_0211,1188.0,1192.0,1001.3069589739433,3.0,1.1864493593626517,1.1904441383504047,0.003994778987753023,4.0
TP_0212,9064.0,9200.0,9186.980263617826,2.0,0.9866136358097065,1.0014171943346535,0.01480355852494697,136.0
TP_0213,7176.0,7176.0,7320.6332401416075,5.0,0.9802430697731813,0.9802430697731813,0.0,0.0
TP_0214,4384.0,4384.0,4674.2613860122765,4.0,0.9379021920167144,0.9379021920167144,0.0,0.0
TP_0215,4032.0,4032.0,3616.633632889607,5.0,1.114848892443254,1.114848892443254,0.0,0.0
TP_0216,192.0,1276.0,1224.161002818362,4.0,0.15684211436074352,1.042346551689108,0.8855044373283645,1084.0
TP_0217,1808.0,2692.0,2509.6819027599895,3.0,0.720410024079815,1.0726458986852112,0.3522358746053962,884.0
TP_0218,6004.0,6060.0,5196.915046616826,2.0,1.1553007786626384,1.1660764021811438,0.010775623518505473,56.0
TP_0219,132.0,4324.0,4188.616943909237,2.0,0.03151398224465099,1.0323216608020522,1.0008076785574012,4192.0
TP_0220,0.0,0.0,0.0,0.0,,,,0.0
TP_0221,552.0,552.0,521.9439491308297,1.0,1.0575848248058461,1.0575848248058461,0.0,0.0
TP_0222,1684.0,1928.0,1700.929057485767,3.0,0.9900471701560611,1.1334981853093147,0.14345101515325354,244.0
TP_0223,4264.0,4264.0,1904.158573165357,4.0,2.239309299178685,2.239309299178685,0.0,0.0
TP_0224,2144.0,2352.0,2184.458053193191,5.0,0.981479134774847,1.0766972597903173,0.09521812501547022,208.0
TP_0225,1340.0,2088.0,2055.0206846210212,5.0,0.6520615631891401,1.0160481671186004,0.36398660392946025,748.0
TP_0226,1304.0,1928.0,1801.4706553640058,7.0,0.723853034251348,1.0702366948133428,0.3463836605619949,624.0
TP_0227,516.0,2736.0,2237.2768347131287,5.0,0.23063752862133546,1.222915268038709,0.9922777394173735,2220.0
TP_0228,0.0,84.0,83.31521028325623,1.0,0.0,1.0082192640985435,1.0082192640985435,84.0
TP_0229,0.0,144.0,147.05238757866402,1.0,0.0,0.9792428560397826,0.9792428560397826,144.0
TP_0230,0.0,2024.0,2113.5992034749324,5.0,0.0,0.9576082337050356,0.9576082337050356,2024.0
TP_0231,0.0,2196.0,2196.278398590548,3.0,0.0,0.9998732407554859,0.9998732407554859,2196.0
TP_0232,732.0,732.0,865.4802622370393,1.0,0.8457731873722598,0.8457731873722598,0.0,0.0
TP_0233,0.0,1312.0,1314.5511697926997,4.0,0.0,0.9980592845289529,0.9980592845289529,1312.0
TP_0234,0.0,1580.0,1581.096645883687,5.0,0.0,0.9993064017392346,0.9993064017392346,1580.0
TP_0235,0.0,1232.0,1226.6788596699398,5.0,0.0,1.0043378430207006,1.0043378430207006,1232.0
TP_0236,0.0,104.0,111.16095541252334,1.0,0.0,0.9355802998818361,0.9355802998818361,104.0
TP_0237,4.0,844.0,837.6718472252826,2.0,0.004775139588670268,1.0075544532094267,1.0027793136207563,840.0
TP_0238,136.0,2428.0,2291.240911883445,3.0,0.05935648202449621,1.0596877820255648,1.0003313000010685,2292.0
TP_0239,4248.0,4248.0,4282.598260834443,4.0,0.9919211985978573,0.9919211985978573,0.0,0.0
TP_0240,1096.0,1300.0,1353.5695394930779,5.0,0.809710892585881,0.9604235039796034,0.15071261139372238,204.0
TP_0241,3272.0,4608.0,4279.200816059777,5.0,0.7646287567809935,1.0768365865668759,0.31220782978588235,1336.0
TP_0242,5180.0,5180.0,1778.448988581095,5.0,2.9126503111752307,2.9126503111752307,0.0,0.0
TP_0243,2936.0,5188.0,4603.921577482757,4.0,0.6377172049062767,1.1268654152090476,0.4891482103027709,2252.0
TP_0244,2624.0,3604.0,3587.059163197176,7.0,0.7315184613964401,1.0047227648143178,0.2732043034178777,980.0
TP_0245,1020.0,2340.0,2244.836718572255,4.0,0.45437603170030694,1.0423920727242337,0.5880160410239268,1320.0
TP_0246,0.0,2600.0,2606.471233122374,3.0,0.0,0.9975172436050169,0.9975172436050169,2600.0
TP_0247,0.0,4308.0,4309.281414630473,2.0,0.0,0.9997026384431237,0.9997026384431237,4308.0
TP_0248,964.0,3980.0,3069.2704015667664,2.0,0.3140811573681837,1.2967251102960282,0.9826439529278446,3016.0
TP_0249,1300.0,1300.0,0.0,0.0,,,,0.0
TP_0250,2664.0,2400.0,1958.9717493922249,4.0,1.3598970994995265,1.2251325220716456,-0.13476457742788095,-264.0
TP_0251,1036.0,1036.0,879.3725177078481,3.0,1.1781127783028897,1.1781127783028897,0.0,0.0
TP_0252,2484.0,2484.0,2323.0269325968493,2.0,1.0692945334142998,1.0692945334142998,0.0,0.0
TP_0253,1404.0,2692.0,2686.765345984906,5.0,0.5225614518581362,1.0019483108277083,0.4793868589695721,1288.0
TP_0254,0.0,3912.0,3916.4101900126434,5.0,0.0,0.9988739202997965,0.9988739202997965,3912.0
TP_0255,0.0,1504.0,1555.4894428191515,5.0,0.0,0.9668982370424626,0.9668982370424626,1504.0
TP_0256,0.0,2848.0,2871.4132163465897,7.0,0.0,0.9918460999575744,0.9918460999575744,2848.0
TP_0257,0.0,2768.0,2769.3016755790645,4.0,0.0,0.9995299625206805,0.9995299625206805,2768.0
TP_0258,0.0,480.0,488.72663572674986,1.0,0.0,0.9821441372562535,0.9821441372562535,480.0
TP_0259,0.0,4328.0,4268.365428640602,5.0,0.0,1.0139712900304299,1.0139712900304299,4328.0
TP_0260,0.0,1368.0,1301.501769885066,4.0,0.0,1.0510934611489666,1.0510934611489666,1368.0
TP_0261,1056.0,1056.0,1154.6837729604745,4.0,0.9145361048008315,0.9145361048008315,0.0,0.0
TP_0262,0.0,804.0,804.5138951047176,3.0,0.0,0.999361235265364,0.999361235265364,804.0
TP_0263,0.0,700.0,694.4021659695702,1.0,0.0,1.0080613717882256,1.0080613717882256,700.0
TP_0264,0.0,580.0,619.1121004967445,2.0,0.0,0.9368254949865091,0.9368254949865091,580.0
TP_0265,0.0,5256.0,5160.973574889499,1.0,0.0,1.018412499837792,1.018412499837792,5256.0
TP_0266,1044.0,1044.0,1017.4314374220422,2.0,1.0261133690200068,1.0261133690200068,0.0,0.0
TP_0267,1200.0,1200.0,1376.248124005759,3.0,0.8719357934579669,0.8719357934579669,0.0,0.0
TP_0268,4692.0,4692.0,4683.900028222326,7.0,1.001729322088189,1.001729322088189,0.0,0.0
TP_0269,1204.0,1204.0,879.140245642252,3.0,1.369519830275115,1.369519830275115,0.0,0.0
TP_0270,584.0,584.0,578.3447045777749,2.0,1.00977841653509,1.00977841653509,0.0,0.0
TP_0271,2060.0,2060.0,2044.34377044639,3.0,1.0076583154848715,1.0076583154848715,0.0,0.0
TP_0272,2152.0,2152.0,2044.8626577183359,3.0,1.052393417170231,1.052393417170231,0.0,0.0
TP_0273,1796.0,1856.0,1754.7710296871,6.0,1.0234953561549576,1.0576878513494439,0.034192495194486305,60.0
TP_0274,420.0,2408.0,2368.9001016664356,5.0,0.17729747223386297,1.0165055074741476,0.8392080352402846,1988.0
TP_0275,4088.0,4088.0,4164.587072239646,5.0,0.9816099241266534,0.9816099241266534,0.0,0.0
TP_0276,2668.0,2928.0,2998.1823018616124,7.0,0.8898725065328423,0.9765917163149035,0.08671920978206116,260.0
TP_0277,192.0,192.0,254.6044801560588,2.0,0.754110846291135,0.754110846291135,0.0,0.0
TP_0278,1668.0,1668.0,1648.098774628674,2.0,1.0120752625253362,1.0120752625253362,0.0,0.0
TP_0279,1184.0,1080.0,1255.3887388892579,3.0,0.9431341570321706,0.8602912918874529,-0.08284286514471773,-104.0
TP_0280,1168.0,1168.0,789.0093303629558,2.0,1.480337373783277,1.480337373783277,0.0,0.0
TP_0281,1948.0,1948.0,1571.4151218223133,3.0,1.239646973576896,1.239646973576896,0.0,0.0
TP_0282,868.0,944.0,924.0863000571125,3.0,0.9393062097623933,1.021549610617165,0.08224340085477178,76.0
TP_0283,0.0,2544.0,2559.247948162083,3.0,0.0,0.9940420199719088,0.9940420199719088,2544.0
TP_0284,0.0,1728.0,1771.4579218049112,4.0,0.0,0.9754677086765727,0.9754677086765727,1728.0
TP_0285,0.0,2724.0,2703.310567974488,4.0,0.0,1.0076533685291713,1.0076533685291713,2724.0
TP_0286,0.0,1976.0,1944.8039919451496,2.0,0.0,1.0160406951981051,1.0160406951981051,1976.0
TP_0287,504.0,504.0,335.5271169021978,1.0,1.5021140605661094,1.5021140605661094,0.0,0.0
TP_0288,76.0,76.0,190.4900348065242,2.0,0.3989710016967094,0.3989710016967094,0.0,0.0
TP_0289,0.0,0.0,0.0,0.0,,,,0.0
TP_0290,1916.0,1916.0,1716.1832013586288,5.0,1.11643092560467,1.11643092560467,0.0,0.0
TP_0291,0.0,428.0,426.4493800765773,1.0,0.0,1.0036361171943649,1.0036361171943649,428.0
TP_0292,0.0,0.0,0.0,0.0,,,,0.0
TP_0293,0.0,2912.0,2923.6848652379654,2.0,0.0,0.9960033773212373,0.9960033773212373,2912.0
TP_0294,0.0,2844.0,2879.13728501451,1.0,0.0,0.9877958980291095,0.9877958980291095,2844.0
TP_0295,1592.0,1592.0,1610.4234299309705,2.0,0.9885598845691408,0.9885598845691408,0.0,0.0
TP_0296,1636.0,1684.0,1387.3334180174081,4.0,1.1792406776576845,1.2138394261464185,0.03459874848873401,48.0
TP_0297,5784.0,5784.0,5549.00427108711,5.0,1.0423491706678487,1.0423491706678487,0.0,0.0
TP_0298,2532.0,2532.0,2120.6888732479365,3.0,1.1939516597369235,1.1939516597369235,0.0,0.0
TP_0299,2800.0,2800.0,2921.4621342334303,6.0,0.9584241969765249,0.9584241969765249,0.0,0.0
TP_0300,3864.0,3864.0,3974.7015362086095,8.0,0.9721484656897772,0.9721484656897772,0.0,0.0
TP_0301,3624.0,3624.0,3625.867993978467,7.0,0.9994848146756669,0.9994848146756669,0.0,0.0
TP_0302,2200.0,3452.0,3644.269909980856,6.0,0.6036874475116902,0.9472404858228884,0.3435530383111982,1252.0
TP_0303,408.0,2892.0,2783.9373525267433,3.0,0.14655502201933282,1.0388164796076238,0.892261457588291,2484.0
TP_0304,2152.0,2212.0,2082.4357882786635,4.0,1.0334052133145666,1.062217626325196,0.028812413010629312,60.0
TP_0305,1296.0,1320.0,1167.480367879415,3.0,1.1100829064509454,1.130639997311148,0.02055709086020263,24.0
TP_0306,584.0,584.0,684.478400649483,1.0,0.8532044246332072,0.8532044246332072,0.0,0.0
TP_0307,4352.0,4352.0,4401.009448020001,4.0,0.988864043897463,0.988864043897463,0.0,0.0
TP_0308,2896.0,2896.0,2812.0055418108846,4.0,1.0298699476015345,1.0298699476015345,0.0,0.0
TP_0309,1672.0,1800.0,1677.627009267823,5.0,0.9966458520059958,1.072944099049517,0.07629824704352117,128.0
TP_0310,5736.0,5736.0,5215.8276803667395,4.0,1.0997295830135028,1.0997295830135028,0.0,0.0
TP_0311,468.0,712.0,683.7403661419323,4.0,0.6844703387058056,1.0413309426464394,0.3568606039406338,244.0
TP_0312,0.0,2436.0,2408.56724350417,3.0,0.0,1.0113896577186354,1.0113896577186354,2436.0
TP_0313,0.0,1556.0,1524.1676673281486,2.0,0.0,1.0208850596651569,1.0208850596651569,1556.0
TP_0314,0.0,4440.0,4362.103929653715,3.0,0.0,1.0178574540181735,1.0178574540181735,4440.0
TP_0315,0.0,2816.0,2814.5516090389738,3.0,0.0,1.000514608066299,1.000514608066299,2816.0
TP_0316,2392.0,2392.0,1727.2873158635937,2.0,1.3848304089491152,1.3848304089491152,0.0,0.0
TP_0317,1256.0,1848.0,2078.4543545189413,4.0,0.6042952048810817,0.8891222441243941,0.28482703924331243,592.0
TP_0318,0.0,1984.0,1983.108511888672,1.0,0.0,1.0004495407618814,1.0004495407618814,1984.0
TP_0319,2844.0,2844.0,2412.7007884468094,7.0,1.1787619971852548,1.1787619971852548,0.0,0.0
TP_0320,0.0,0.0,0.0,0.0,,,,0.0
TP_0321,0.0,0.0,0.0,0.0,,,,0.0
TP_0322,0.0,0.0,0.0,0.0,,,,0.0
TP_0323,0.0,0.0,0.0,0.0,,,,0.0
TP_0324,1464.0,1464.0,1681.9106701422943,3.0,0.8704386184054244,0.8704386184054244,0.0,0.0
TP_0325,1856.0,1856.0,2020.7007387736726,6.0,0.9184932555259883,0.9184932555259883,0.0,0.0
TP_0326,2304.0,2304.0,2336.5111460947055,4.0,0.9860856019672556,0.9860856019672556,0.0,0.0
TP_0327,524.0,1628.0,1742.0927391061214,6.0,0.3007876608617677,0.9345082287842706,0.6337205679225029,1104.0
TP_0328,3644.0,4424.0,5515.888890720076,7.0,0.6606369475880235,0.8020466125492359,0.14140966496121243,780.0
TP_0329,2832.0,3468.0,4953.953144162859,6.0,0.5716646721491275,0.7000469925893976,0.1283823204402701,636.0
TP_0330,3896.0,4644.0,5644.147248405377,7.0,0.690272565284459,0.8227992282292166,0.13252666294475757,748.0
TP_0331,1796.0,2208.0,2421.6826895157114,5.0,0.7416330833826806,0.911762721664231,0.17012963828155037,412.0
TP_0332,2424.0,2424.0,1679.9421148102574,3.0,1.4429068588912546,1.4429068588912546,0.0,0.0
TP_0333,2596.0,2956.0,2505.259087441779,4.0,1.0362201710047005,1.1799178834706836,0.14369771246598306,360.0
TP_0334,2424.0,2596.0,2831.544238160647,5.0,0.8560699731728771,0.9168142121933948,0.06074423902051762,172.0
TP_0335,1568.0,1568.0,1623.2759033956124,4.0,0.9659479307984645,0.9659479307984645,0.0,0.0
TP_0336,2076.0,3512.0,3548.2665595459785,4.0,0.5850744201883289,0.989779076927462,0.40470465673913314,1436.0
TP_0337,0.0,2040.0,2041.1720539812834,3.0,0.0,0.9994257936370443,0.9994257936370443,2040.0
TP_0338,3268.0,3268.0,2675.0227630461795,5.0,1.2216718471130197,1.2216718471130197,0.0,0.0
TP_0339,4940.0,4940.0,4419.318057049931,6.0,1.1178195224304912,1.1178195224304912,0.0,0.0
TP_0340,2108.0,2108.0,1770.4077051257761,3.0,1.190686187083805,1.190686187083805,0.0,0.0
TP_0341,3056.0,3056.0,2679.1331587235077,4.0,1.1406674543403632,1.1406674543403632,0.0,0.0
TP_0342,128.0,2440.0,2418.8937140355524,5.0,0.05291675250437179,1.0087255946145872,0.9558088421102154,2312.0
TP_0343,0.0,6228.0,6183.394224491763,8.0,0.0,1.00721380101103,1.00721380101103,6228.0
TP_0344,0.0,4464.0,4464.337957787342,4.0,0.0,0.9999242983415374,0.9999242983415374,4464.0
TP_0345,2448.0,2568.0,2002.4433473299487,3.0,1.2225064960085663,1.282433285028594,0.05992678902002768,120.0
TP_0346,3312.0,3500.0,3057.4501372517725,4.0,1.0832556055933042,1.1447447522876102,0.06148914669430594,188.0
TP_0347,0.0,0.0,0.0,0.0,,,,0.0
TP_0348,660.0,1076.0,1287.5782882620165,5.0,0.512590190450379,0.8356773407948603,0.3230871503444813,416.0
TP_0349,0.0,852.0,848.9721105459748,2.0,0.0,1.0035665358336423,1.0035665358336423,852.0
TP_0350,0.0,0.0,0.0,0.0,,,,0.0
TP_0351,0.0,0.0,0.0,0.0,,,,0.0
TP_0352,2948.0,2948.0,2977.5005423773678,3.0,0.9900921790080303,0.9900921790080303,0.0,0.0
TP_0353,980.0,980.0,1131.569371929274,3.0,0.8660538401893513,0.8660538401893513,0.0,0.0
TP_0354,3024.0,3024.0,2990.617508955054,2.0,1.0111624074108394,1.0111624074108394,0.0,0.0
TP_0355,1952.0,1952.0,1868.2888490960672,3.0,1.0448063215409302,1.0448063215409302,0.0,0.0
TP_0356,0.0,2296.0,2369.641757027295,4.0,0.0,0.9689228311372777,0.9689228311372777,2296.0
TP_0357,0.0,0.0,0.0,0.0,,,,0.0
TP_0358,0.0,3164.0,3192.788009798971,2.0,0.0,0.9909834258614673,0.9909834258614673,3164.0
TP_0359,0.0,5580.0,5601.296836686856,4.0,0.0,0.9961978739374482,0.9961978739374482,5580.0
TP_0360,824.0,1772.0,1923.5037656228978,4.0,0.4283849164876264,0.9212355242913519,0.4928506078037255,948.0
TP_0361,3360.0,3928.0,4021.2493908824795,10.0,0.8355612083195453,0.976810841154516,0.14124963283497072,568.0
TP_0362,2100.0,2332.0,2951.9939651047516,6.0,0.7113835681318819,0.7899745147064516,0.07859094657456978,232.0
TP_0363,1960.0,1972.0,1992.2402600879882,4.0,0.9838170823399762,0.9898404522318537,0.006023369891877461,12.0
TP_0364,3072.0,3072.0,3071.712051498198,5.0,1.000093742023007,1.000093742023007,0.0,0.0
TP_0365,628.0,1608.0,1623.5877615369334,5.0,0.3867976926640034,0.9903991875855374,0.603601494921534,980.0
TP_0366,0.0,484.0,483.9810494612402,3.0,0.0,1.0000391555387982,1.0000391555387982,484.0
TP_0367,160.0,548.0,647.8298098865331,2.0,0.24697844643491149,0.8459011790395718,0.5989227326046603,388.0
TP_0368,1300.0,1300.0,1410.7410128495192,5.0,0.9215015287420926,0.9215015287420926,0.0,0.0
TP_0369,4668.0,4668.0,4299.6836934762005,4.0,1.0856612562181345,1.0856612562181345,0.0,0.0
TP_0370,2984.0,2984.0,3257.7667362560755,5.0,0.9159649052802668,0.9159649052802668,0.0,0.0
TP_0371,1604.0,4052.0,4009.2213827451496,5.0,0.4000776826401457,1.0106700561458044,0.6105923735056586,2448.0
TP_0372,0.0,5444.0,5441.170791825531,7.0,0.0,1.000519963126083,1.000519963126083,5444.0
TP_0373,0.0,3684.0,3773.059367407708,3.0,0.0,0.9763959803609196,0.9763959803609196,3684.0
TP_0374,2352.0,2352.0,1712.6022100199475,3.0,1.3733486890529034,1.3733486890529034,0.0,0.0
TP_0375,1916.0,2048.0,1995.4391954863595,5.0,0.9601896185731696,1.026340469122052,0.06615085054888226,132.0
TP_0376,0.0,312.0,310.3369520940076,2.0,0.0,1.0053588459085228,1.0053588459085228,312.0
TP_0377,0.0,3040.0,3069.0071661660995,8.0,0.0,0.990548355023121,0.990548355023121,3040.0
TP_0378,0.0,916.0,922.3890007259052,5.0,0.0,0.9930734205190248,0.9930734205190248,916.0
TP_0379,0.0,676.0,673.3467064899133,2.0,0.0,1.0039404566540735,1.0039404566540735,676.0
TP_0380,0.0,0.0,0.0,0.0,,,,0.0
TP_0381,1648.0,1752.0,1729.106324343475,7.0,0.9530935008439864,1.0132401780817137,0.060146677237727375,104.0
TP_0382,1540.0,1708.0,2000.2271715747797,4.0,0.7699125488769145,0.8539030087543961,0.08399045987748155,168.0
TP_0383,2052.0,3888.0,4035.470541268115,5.0,0.5084908882410464,0.9634564198251405,0.45496553158409414,1836.0
TP_0384,2996.0,3136.0,3079.2813959920854,4.0,0.9729542755980397,1.0184194286633688,0.045465153065329056,140.0
TP_0385,72.0,1976.0,1887.271953875897,3.0,0.0381503046511836,1.047013916538039,1.0088636118868555,1904.0
TP_0386,0.0,480.0,477.3385711893439,2.0,0.0,1.005575557835238,1.005575557835238,480.0
TP_0387,252.0,1572.0,1528.227667103548,2.0,0.16489689685936387,1.0286425470750793,0.8637456502157155,1320.0
TP_0388,772.0,1500.0,1452.0473384567197,4.0,0.5316631073615721,1.033024172334661,0.5013610649730889,728.0
TP_0389,780.0,984.0,930.6579850783796,3.0,0.8381167007709162,1.0573164532802326,0.21919975250931645,204.0
TP_0390,2028.0,2052.0,1942.9359613377244,5.0,1.0437811849463676,1.0561336250049045,0.012352440058536862,24.0
TP_0391,788.0,2180.0,2221.6727626014303,6.0,0.3546876989558555,0.9812426189387882,0.6265549199829327,1392.0
TP_0392,2140.0,2600.0,2764.373565537113,5.0,0.7741356040583472,0.9405385843699545,0.16640298031160727,460.0
TP_0393,1400.0,1400.0,1387.444280216846,2.0,1.0090495308259815,1.0090495308259815,0.0,0.0
TP_0394,0.0,3336.0,3326.24247854285,4.0,0.0,1.002933496736962,1.002933496736962,3336.0
TP_0395,0.0,2320.0,2326.2990865170304,5.0,0.0,0.9972922284354839,0.9972922284354839,2320.0
TP_0396,616.0,1148.0,1078.364966112556,2.0,0.5712351748783575,1.0645746440914845,0.493339469213127,532.0
TP_0397,2132.0,2132.0,2025.2375796696672,3.0,1.052715998064655,1.052715998064655,0.0,0.0
TP_0398,2208.0,2208.0,1991.8281195363297,3.0,1.1085293848115731,1.1085293848115731,0.0,0.0
TP_0399,3148.0,3148.0,3143.366560172996,4.0,1.0014740373858113,1.0014740373858113,0.0,0.0
TP_0400,940.0,940.0,853.6526786190466,2.0,1.1011504134452403,1.1011504134452403,0.0,0.0
TP_0401,0.0,160.0,157.67611337243605,1.0,0.0,1.0147383555940073,1.0147383555940073,160.0
TP_0402,0.0,0.0,0.0,0.0,,,,0.0
TP_0403,720.0,720.0,671.240602854906,1.0,1.0726407147268977,1.0726407147268977,0.0,0.0
TP_0404,96.0,172.0,120.70837645800698,2.0,0.7953052043028452,1.4249218243759312,0.6296166200730859,76.0
TP_0405,0.0,2072.0,2078.120900481689,5.0,0.0,0.9970545984690927,0.9970545984690927,2072.0
TP_0406,0.0,2856.0,2858.884100795083,4.0,0.0,0.9989911795325033,0.9989911795325033,2856.0
TP_0407,0.0,2728.0,2758.831628305396,10.0,0.0,0.9888243892852808,0.9888243892852808,2728.0
TP_0408,0.0,3408.0,3373.1932588552954,5.0,0.0,1.010318632368107,1.010318632368107,3408.0
TP_0409,0.0,1288.0,1294.8435818398846,3.0,0.0,0.9947147424323174,0.9947147424323174,1288.0
TP_0410,876.0,1056.0,1041.1735811055019,5.0,0.8413582671487658,1.0142401028642656,0.17288183571549975,180.0
TP_0411,668.0,840.0,833.4786505799623,3.0,0.8014602408054283,1.0078242549050296,0.20636401409960126,172.0
TP_0412,3268.0,3516.0,3170.1647979707263,6.0,1.0308612353818007,1.1090906069774822,0.07822937159568144,248.0
TP_0413,3188.0,3188.0,2451.2112177905224,6.0,1.300581515318621,1.300581515318621,0.0,0.0
TP_0414,1432.0,1444.0,977.5327831773004,5.0,1.464912506919239,1.477188310049847,0.012275803130608054,12.0
TP_0415,2996.0,2996.0,2807.824518230918,5.0,1.067018248664501,1.067018248664501,0.0,0.0
TP_0416,2664.0,2664.0,2142.266110303071,6.0,1.2435429880478845,1.2435429880478845,0.0,0.0
TP_0417,3352.0,3352.0,3024.146412971714,7.0,1.1084119424978887,1.1084119424978887,0.0,0.0
TP_0418,3384.0,3384.0,1552.1609726451015,2.0,2.180186243333503,2.180186243333503,0.0,0.0
TP_0419,0.0,1884.0,1899.2457203540737,4.0,0.0,0.9919727499234636,0.9919727499234636,1884.0
TP_0420,20.0,4588.0,4576.0380273853,3.0,0.004370593050212869,1.0026140457188322,0.9982434526686192,4568.0
TP_0421,876.0,1364.0,1078.7184385203304,3.0,0.8120747441766197,1.2644634144485265,0.45238867027190677,488.0
TP_0422,1120.0,1596.0,2084.4986238850843,2.0,0.5372994672035553,0.7656517407650663,0.228352273561511,476.0
TP_0423,436.0,820.0,617.274479962603,4.0,0.7063308368530231,1.328420381237337,0.6220895443843139,384.0
TP_0424,1728.0,1988.0,1695.2879772847405,5.0,1.0192958501172484,1.1726621238617418,0.1533662737444934,260.0
TP_0425,988.0,1692.0,1700.601417484134,4.0,0.580970937600208,0.994942132003595,0.41397119440338703,704.0
TP_0426,2544.0,2544.0,2237.6757976630756,2.0,1.1368939158464488,1.1368939158464488,0.0,0.0
TP_0427,3644.0,3644.0,3259.3814396699554,4.0,1.118003543754913,1.118003543754913,0.0,0.0
TP_0428,3812.0,3812.0,3347.0382826331333,6.0,1.1389173586031047,1.1389173586031047,0.0,0.0
TP_0429,116.0,116.0,115.11026639040024,1.0,1.0077294027500745,1.0077294027500745,0.0,0.0
TP_0430,0.0,520.0,549.431191030595,1.0,0.0,0.9464333450465573,0.9464333450465573,520.0
TP_0431,0.0,0.0,0.0,0.0,,,,0.0
TP_0432,0.0,0.0,0.0,0.0,,,,0.0
TP_0433,0.0,168.0,160.48479081144478,1.0,0.0,1.0468281707603364,1.0468281707603364,168.0
TP_0434,0.0,3096.0,3057.239264522206,7.0,0.0,1.012678345436549,1.012678345436549,3096.0
TP_0435,0.0,752.0,707.9993450494488,4.0,0.0,1.0621478752179891,1.0621478752179891,752.0
TP_0436,0.0,1228.0,1234.5590605450257,5.0,0.0,0.9946871229132367,0.9946871229132367,1228.0
TP_0437,0.0,1684.0,1673.7126167412177,6.0,0.0,1.006146445426702,1.006146445426702,1684.0
TP_0438,0.0,3976.0,3949.051141011515,6.0,0.0,1.006824135222919,1.006824135222919,3976.0
TP_0439,0.0,1924.0,1869.2711003436664,5.0,0.0,1.029278203491335,1.029278203491335,1924.0
TP_0440,0.0,2704.0,2703.2777134359058,6.0,0.0,1.0002671891831552,1.0002671891831552,2704.0
TP_0441,1116.0,1116.0,1279.9554955948734,4.0,0.871905315333895,0.871905315333895,0.0,0.0
TP_0442,2648.0,2852.0,3264.7100893385677,8.0,0.8110980538968734,0.8735844598617383,0.06248640596486488,204.0
TP_0443,2764.0,2764.0,2371.260505988992,4.0,1.165624777631594,1.165624777631594,0.0,0.0
TP_0444,3124.0,3124.0,3305.8616834875866,4.0,0.9449881147792827,0.9449881147792827,0.0,0.0
TP_0445,1504.0,1568.0,1375.8324154737031,6.0,1.0931563925117787,1.1396736858101522,0.04651729329837351,64.0
TP_0446,1796.0,1796.0,1379.1590353046222,5.0,1.3022428552652798,1.3022428552652798,0.0,0.0
TP_0447,0.0,1676.0,1661.3674836943617,2.0,0.0,1.0088075133582728,1.0088075133582728,1676.0
TP_0448,0.0,740.0,749.8135898106534,4.0,0.0,0.9869119605939236,0.9869119605939236,740.0
TP_0449,976.0,2112.0,1836.7151564026549,4.0,0.5313834301403434,1.1498788980086119,0.6184954678682685,1136.0
TP_0450,852.0,912.0,777.7012457906458,2.0,1.0955363703112226,1.1726868189246888,0.0771504486134662,60.0
TP_0451,1332.0,1380.0,1863.894892214653,2.0,0.7146325715917042,0.740385096694108,0.025752525102403778,48.0
TP_0452,3136.0,3136.0,3228.861997542138,3.0,0.9712400227656599,0.9712400227656599,0.0,0.0
TP_0453,1880.0,2144.0,2069.382578906451,6.0,0.9084835347330852,1.0360578183339013,0.12757428360081613,264.0
TP_0454,2484.0,2520.0,2337.9715676373467,5.0,1.0624594560447214,1.0778574191758044,0.015397963131082992,36.0
TP_0455,1308.0,1692.0,1618.6473307769863,3.0,0.8080821406427867,1.0453172645012194,0.2372351238584327,384.0
TP_0456,1780.0,1780.0,1901.4236076924012,3.0,0.9361406857466323,0.9361406857466323,0.0,0.0
TP_0457,312.0,1048.0,1617.3496206221807,4.0,0.1929081974743199,0.6479736889522028,0.4550654914778829,736.0
TP_0458,0.0,4208.0,4229.0341353964395,3.0,0.0,0.9950262554703954,0.9950262554703954,4208.0
TP_0459,0.0,0.0,0.0,0.0,,,,0.0
TP_0460,0.0,0.0,0.0,0.0,,,,0.0
TP_0461,0.0,1268.0,1260.124466112563,2.0,0.0,1.0062498063478862,1.0062498063478862,1268.0
TP_0462,0.0,2948.0,2963.380723112346,11.0,0.0,0.9948097377456812,0.9948097377456812,2948.0
TP_0463,0.0,7268.0,7266.0937286820545,5.0,0.0,1.0002623516003408,1.0002623516003408,7268.0
TP_0464,0.0,2860.0,2864.5344420232577,2.0,0.0,0.9984170404947008,0.9984170404947008,2860.0
TP_0465,0.0,0.0,0.0,0.0,,,,0.0
TP_0466,0.0,1736.0,1734.3103989815586,11.0,0.0,1.000974220658213,1.000974220658213,1736.0
TP_0467,0.0,1880.0,1885.2604135376168,11.0,0.0,0.9972097151672824,0.9972097151672824,1880.0
TP_0468,0.0,1092.0,1077.1407124541606,6.0,0.0,1.0137951220059114,1.0137951220059114,1092.0
TP_0469,360.0,3436.0,3426.80599907981,7.0,0.10505409413216556,1.0026829651058913,0.8976288709737257,3076.0
TP_0470,1796.0,2008.0,1885.6842044668224,5.0,0.9524394359064059,1.0648654717706363,0.11242603586423039,212.0
TP_0471,1040.0,2316.0,2374.80839918497,4.0,0.437930066424275,0.9752365709986739,0.5373065045743989,1276.0
TP_0472,1968.0,2116.0,1923.2599471585881,4.0,1.0232626135159266,1.1002152897356203,0.0769526762196937,148.0
TP_0473,0.0,2020.0,2059.251817842969,2.0,0.0,0.9809387965556905,0.9809387965556905,2020.0
TP_0474,2096.0,2096.0,2105.2940822738383,3.0,0.9955853757666957,0.9955853757666957,0.0,0.0
TP_0475,1868.0,2008.0,1961.2416543365289,3.0,0.9524578451970154,1.0238411954794469,0.07138335028243148,140.0
TP_0476,0.0,324.0,312.11400056899794,1.0,0.0,1.0380822372893665,1.0380822372893665,324.0
TP_0477,2612.0,2612.0,2162.94941650627,2.0,1.2076103028886658,1.2076103028886658,0.0,0.0
TP_0478,2692.0,2692.0,2184.489330184495,4.0,1.232324627455444,1.232324627455444,0.0,0.0
TP_0479,1844.0,1844.0,1497.4826990706706,2.0,1.2313998693570056,1.2313998693570056,0.0,0.0
TP_0480,1264.0,1264.0,1215.6706146117356,2.0,1.0397553291223545,1.0397553291223545,0.0,0.0
TP_0481,4724.0,4724.0,4818.777604764709,2.0,0.9803316084413202,0.9803316084413202,0.0,0.0
TP_0482,0.0,0.0,0.0,0.0,,,,0.0
TP_0483,0.0,108.0,115.13574021174789,1.0,0.0,0.9380232393640373,0.9380232393640373,108.0
TP_0484,0.0,1316.0,1303.281221622925,1.0,0.0,1.009759043686087,1.009759043686087,1316.0
TP_0485,0.0,3428.0,3440.455539329969,3.0,0.0,0.9963796831008039,0.9963796831008039,3428.0
TP_0486,0.0,4604.0,4596.76361629769,2.0,0.0,1.001574234462841,1.001574234462841,4604.0
TP_0487,0.0,408.0,404.5701039332339,2.0,0.0,1.0084778782055832,1.0084778782055832,408.0
TP_0488,0.0,0.0,0.0,0.0,,,,0.0
TP_0489,0.0,0.0,0.0,0.0,,,,0.0
TP_0490,0.0,3180.0,3159.8989476028364,1.0,0.0,1.0063612959561294,1.0063612959561294,3180.0
TP_0491,0.0,1564.0,1572.1350459255696,3.0,0.0,0.9948254789264747,0.9948254789264747,1564.0
TP_0492,0.0,3620.0,3609.8395025622162,1.0,0.0,1.0028146673641785,1.0028146673641785,3620.0
TP_0493,0.0,436.0,434.30546110637323,1.0,0.0,1.003901721358304,1.003901721358304,436.0
TP_0494,0.0,856.0,865.3495300935781,2.0,0.0,0.9891956605181642,0.9891956605181642,856.0
TP_0495,0.0,3044.0,3042.503089434979,10.0,0.0,1.00049199968612,1.00049199968612,3044.0
TP_0496,0.0,2072.0,2079.1583453922944,7.0,0.0,0.9965570946493044,0.9965570946493044,2072.0
TP_0497,0.0,488.0,485.283192863916,3.0,0.0,1.005598395279364,1.005598395279364,488.0
TP_0498,56.0,56.0,113.51869725615168,1.0,0.49331080565202057,0.49331080565202057,0.0,0.0
TP_0499,2252.0,2252.0,2070.563758794592,4.0,1.0876264932363318,1.0876264932363318,0.0,0.0
TP_0500,3444.0,3444.0,2746.606866571299,4.0,1.2539107951402177,1.2539107951402177,0.0,0.0
TP_0501,3404.0,3624.0,3256.8114715879346,4.0,1.0451940585741981,1.1127447909144812,0.06755073234028308,220.0
TP_0502,2952.0,2984.0,2531.284182415737,3.0,1.1662064735784632,1.1788482781700995,0.01264180459163633,32.0
TP_0503,320.0,1936.0,1842.1223164947705,3.0,0.17371267756470307,1.0509616992664537,0.8772490217017506,1616.0
TP_0504,912.0,1840.0,1927.3195458252294,2.0,0.4731960519860264,0.9546937890946147,0.4814977371085883,928.0
TP_0505,1992.0,1992.0,2245.780262991663,2.0,0.8869968415103997,0.8869968415103997,0.0,0.0
TP_0506,1860.0,1972.0,2033.337499479814,4.0,0.9147522241024136,0.9698340784569676,0.05508185435455393,112.0
TP_0507,0.0,3400.0,3377.5450328661827,1.0,0.0,1.0066483102120958,1.0066483102120958,3400.0
TP_0508,0.0,2048.0,2050.9191141018937,1.0,0.0,0.9985766800446579,0.9985766800446579,2048.0
TP_0509,20.0,20.0,0.0,0.0,,,,0.0
TP_0510,2120.0,2120.0,1718.2716524450927,2.0,1.233797925364857,1.233797925364857,0.0,0.0
TP_0511,1704.0,1704.0,1373.943241083683,3.0,1.2402259052972147,1.2402259052972147,0.0,0.0
TP_0512,1888.0,2296.0,2089.006420759313,4.0,0.9037789358798374,1.0990870957521752,0.19530815987233785,408.0
TP_0513,0.0,0.0,0.11028303261625223,1.0,0.0,0.0,0.0,0.0
TP_0514,0.0,1448.0,1438.390914106742,2.0,0.0,1.0066804411784158,1.0066804411784158,1448.0
TP_0515,0.0,0.0,0.0,0.0,,,,0.0
TP_0516,0.0,0.0,0.0,0.0,,,,0.0
TP_0517,0.0,0.0,0.0,0.0,,,,0.0
TP_0518,0.0,0.0,0.0,0.0,,,,0.0
TP_0519,0.0,0.0,0.0,0.0,,,,0.0
TP_0520,0.0,0.0,0.0,0.0,,,,0.0
TP_0521,0.0,0.0,0.0,0.0,,,,0.0
TP_0522,0.0,124.0,117.39265687639033,1.0,0.0,1.056284126276884,1.056284126276884,124.0
TP_0523,0.0,1832.0,1829.543819135875,3.0,0.0,1.0013425099953523,1.0013425099953523,1832.0
TP_0524,0.0,2756.0,2757.0270544061273,3.0,0.0,0.999627477574264,0.999627477574264,2756.0
TP_0525,0.0,844.0,851.6032967530798,3.0,0.0,0.9910717856752446,0.9910717856752446,844.0
TP_0526,0.0,2952.0,3663.3776636597013,2.0,0.0,0.8058137246627645,0.8058137246627645,2952.0
TP_0527,0.0,6972.0,8361.180179023939,3.0,0.0,0.8338535769736147,0.8338535769736147,6972.0
TP_0528,748.0,912.0,1139.289480195819,4.0,0.6565495539127029,0.8004989213481083,0.14394936743540543,164.0
TP_0529,2228.0,2228.0,2403.5025900215896,3.0,0.9269804864158632,0.9269804864158632,0.0,0.0
TP_0530,3568.0,3568.0,3674.7944104860185,2.0,0.9709386706964392,0.9709386706964392,0.0,0.0
TP_0531,1464.0,1692.0,1557.574323887003,3.0,0.9399230441514447,1.0863045018471613,0.14638145769571664,228.0
TP_0532,1544.0,1544.0,1398.4353836439134,1.0,1.1040910563752955,1.1040910563752955,0.0,0.0
TP_0533,1056.0,1140.0,1516.8103377965865,2.0,0.6961977866883552,0.7515771560840199,0.05537936939566468,84.0
TP_0534,500.0,2040.0,2130.7029082304284,7.0,0.2346643438973176,0.9574305231010558,0.7227661792037382,1540.0
TP_0535,1032.0,1992.0,2032.3007113908518,2.0,0.5077988676654682,0.9801699073542758,0.47237103968880756,960.0
TP_0536,0.0,2600.0,2640.9339211946813,2.0,0.0,0.9845002099953474,0.9845002099953474,2600.0
TP_0537,0.0,1380.0,1381.2012574853889,1.0,0.0,0.999130280631531,0.999130280631531,1380.0
TP_0538,4.0,4.0,0.0,0.0,,,,0.0
TP_0539,1516.0,1516.0,1494.0712922474224,3.0,1.0146771495218223,1.0146771495218223,0.0,0.0
TP_0540,796.0,796.0,619.3022916834591,4.0,1.2853173816557675,1.2853173816557675,0.0,0.0
TP_0541,876.0,876.0,715.8091280584681,3.0,1.2237899262000573,1.2237899262000573,0.0,0.0
TP_0542,424.0,424.0,443.7985138679068,1.0,0.9553885079619719,0.9553885079619719,0.0,0.0
TP_0543,0.0,0.0,0.0,0.0,,,,0.0
TP_0544,0.0,0.0,0.0,0.0,,,,0.0
TP_0545,0.0,0.0,0.0,0.0,,,,0.0
TP_0546,0.0,0.0,0.0,0.0,,,,0.0
TP_0547,0.0,148.0,148.7806497454434,3.0,0.0,0.9947530156187712,0.9947530156187712,148.0
TP_0548,0.0,1572.0,1551.5603275827434,9.0,0.0,1.0131736240311717,1.0131736240311717,1572.0
TP_0549,0.0,2140.0,2185.378406033717,9.0,0.0,0.9792354468642915,0.9792354468642915,2140.0
TP_0550,0.0,12.0,15.530206249075267,1.0,0.0,0.7726877420391329,0.7726877420391329,12.0
TP_0551,0.0,336.0,336.0075153714159,1.0,0.0,0.9999776333234465,0.9999776333234465,336.0
TP_0552,0.0,40.0,45.54114447733513,1.0,0.0,0.8783266309854633,0.8783266309854633,40.0
TP_0553,0.0,924.0,912.8122052459322,2.0,0.0,1.0122564035513237,1.0122564035513237,924.0
TP_0554,0.0,624.0,638.8821418683708,3.0,0.0,0.9767059667298746,0.9767059667298746,624.0
TP_0555,0.0,2972.0,3023.3754978169936,4.0,0.0,0.9830072388116895,0.9830072388116895,2972.0
TP_0556,0.0,4948.0,6345.988105241761,4.0,0.0,0.7797052118507709,0.7797052118507709,4948.0
TP_0557,0.0,1012.0,950.5518655618087,1.0,0.0,1.0646446939556249,1.0646446939556249,1012.0
TP_0558,0.0,4488.0,4453.320338553986,2.0,0.0,1.0077873718505672,1.0077873718505672,4488.0
TP_0559,0.0,2604.0,2624.942264705019,4.0,0.0,0.9920218189227973,0.9920218189227973,2604.0
TP_0560,0.0,2460.0,2451.1115722851305,1.0,0.0,1.0036262844235129,1.0036262844235129,2460.0
TP_0561,0.0,6188.0,6188.749025491959,1.0,0.0,0.9998789698065192,0.9998789698065192,6188.0
TP_0562,0.0,6372.0,6372.334160456858,1.0,0.0,0.9999475607448631,0.9999475607448631,6372.0
TP_0563,0.0,2860.0,2871.0112988188207,2.0,0.0,0.9961646619700344,0.9961646619700344,2860.0
TP_0564,0.0,3248.0,3255.764803185629,3.0,0.0,0.9976150601609701,0.9976150601609701,3248.0
TP_0565,0.0,3320.0,3319.0746863859263,3.0,0.0,1.0002787866202196,1.0002787866202196,3320.0
TP_0566,0.0,684.0,676.0908482230232,2.0,0.0,1.011698356511946,1.011698356511946,684.0
TP_0567,0.0,0.0,0.0,0.0,,,,0.0
TP_0568,56.0,56.0,83.03144669694939,1.0,0.6744432649040843,0.6744432649040843,0.0,0.0
TP_0569,464.0,464.0,504.6861319899267,2.0,0.9193832970414595,0.9193832970414595,0.0,0.0
TP_0570,456.0,456.0,553.2276228866025,3.0,0.8242538534513276,0.8242538534513276,0.0,0.0
TP_0571,136.0,136.0,158.07701259486063,1.0,0.860340145398355,0.860340145398355,0.0,0.0
TP_0572,0.0,0.0,0.0,0.0,,,,0.0
TP_0573,0.0,0.0,0.0,0.0,,,,0.0
TP_0574,0.0,0.0,0.0,0.0,,,,0.0
TP_0575,0.0,0.0,0.046723142832342746,1.0,0.0,0.0,0.0,0.0
TP_0576,0.0,1888.0,1888.0776935791687,8.0,0.0,0.9999588504332036,0.9999588504332036,1888.0
TP_0577,0.0,2708.0,2705.4370085627716,17.0,0.0,1.0009473484058644,1.0009473484058644,2708.0
TP_0578,0.0,2768.0,2773.796690185896,16.0,0.0,0.9979101964443157,0.9979101964443157,2768.0
TP_0579,0.0,1624.0,1612.0897415284842,9.0,0.0,1.007388086509516,1.007388086509516,1624.0
TP_0580,0.0,1412.0,1393.5860456083833,7.0,0.0,1.0132133602009326,1.0132133602009326,1412.0
TP_0581,0.0,0.0,0.0,0.0,,,,0.0
TP_0582,0.0,0.0,0.0,0.0,,,,0.0
TP_0583,0.0,0.0,1.3617958174969305,1.0,0.0,0.0,0.0,0.0
TP_0584,0.0,1280.0,1272.33974952859,1.0,0.0,1.0060206013953807,1.0060206013953807,1280.0
TP_0585,0.0,0.0,0.0,0.0,,,,0.0
TP_0586,0.0,432.0,425.40933119026374,1.0,0.0,1.0154925346637227,1.0154925346637227,432.0
TP_0587,0.0,0.0,0.0,0.0,,,,0.0
TP_0588,0.0,0.0,0.0,0.0,,,,0.0
TP_0589,0.0,32.0,28.60342643382053,1.0,0.0,1.1187470869630982,1.1187470869630982,32.0
TP_0590,0.0,44.0,46.61796870237279,1.0,0.0,0.9438420683001673,0.9438420683001673,44.0
TP_0591,0.0,24.0,24.323223343990595,1.0,0.0,0.9867113277126384,0.9867113277126384,24.0
TP_0592,0.0,960.0,964.0678669062954,1.0,0.0,0.9957805181088036,0.9957805181088036,960.0
TP_0593,140.0,1476.0,1479.2266323802935,2.0,0.09464405043513811,0.9978187031590275,0.9031746527238894,1336.0
TP_0594,2552.0,2552.0,2201.6930924193657,3.0,1.1591079650414373,1.1591079650414373,0.0,0.0
TP_0595,1116.0,1348.0,1190.1086865895466,3.0,0.9377294801520042,1.1326696588215965,0.19494017866959235,232.0
TP_0596,392.0,392.0,350.4109018573023,1.0,1.1186866559295408,1.1186866559295408,0.0,0.0
TP_0597,3080.0,3092.0,2691.81901073233,5.0,1.1442076854795904,1.1486656375009394,0.004457952021349021,12.0
TP_0598,3124.0,3124.0,2287.9104400568312,3.0,1.365438063179781,1.365438063179781,0.0,0.0
TP_0599,1012.0,2404.0,1917.616696771588,6.0,0.5277384170172053,1.2536394807404758,0.7259010637232706,1392.0
TP_0600,0.0,2404.0,2342.2127927410024,5.0,0.0,1.0263798436463538,1.0263798436463538,2404.0
TP_0601,0.0,1740.0,1746.5768589497502,1.0,0.0,0.9962344291257214,0.9962344291257214,1740.0
TP_0602,0.0,1152.0,1143.5649370435092,4.0,0.0,1.0073761119139402,1.0073761119139402,1152.0
TP_0603,0.0,0.0,0.0,0.0,,,,0.0
TP_0604,0.0,1140.0,1132.4970374055958,7.0,0.0,1.0066251498649326,1.0066251498649326,1140.0
TP_0605,0.0,1540.0,1564.8236152257934,9.0,0.0,0.9841364771184057,0.9841364771184057,1540.0
TP_0606,0.0,3012.0,3020.411136915138,28.0,0.0,0.9972152344386703,0.9972152344386703,3012.0
TP_0607,0.0,1400.0,1401.0259588716515,8.0,0.0,0.9992677088778014,0.9992677088778014,1400.0
TP_0608,0.0,1588.0,1573.9661410011968,8.0,0.0,1.0089162394496467,1.0089162394496467,1588.0
TP_0609,0.0,48.0,62.39818780689907,4.0,0.0,0.7692531095381085,0.7692531095381085,48.0
TP_0610,0.0,0.0,0.0,0.0,,,,0.0
TP_0611,0.0,92.0,97.0587975213854,1.0,0.0,0.9478790418738624,0.9478790418738624,92.0
TP_0612,0.0,332.0,327.2317632808488,1.0,0.0,1.014571436071317,1.014571436071317,332.0
TP_0613,0.0,308.0,310.04459897433173,2.0,0.0,0.993405468177496,0.993405468177496,308.0
TP_0614,0.0,3580.0,3580.731232116457,5.0,0.0,0.9997957869303626,0.9997957869303626,3580.0
TP_0615,0.0,2392.0,2400.731829751652,5.0,0.0,0.9963628466772336,0.9963628466772336,2392.0
TP_0616,0.0,764.0,766.1848781857078,2.0,0.0,0.9971483668656036,0.9971483668656036,764.0
TP_0617,0.0,0.0,0.0,0.0,,,,0.0
TP_0618,0.0,64.0,64.52605305879129,2.0,0.0,0.9918474316364587,0.9918474316364587,64.0
TP_0619,1716.0,1716.0,1434.708067259723,4.0,1.1960621391622488,1.1960621391622488,0.0,0.0
TP_0620,0.0,68.0,67.63857360921848,1.0,0.0,1.005343495161055,1.005343495161055,68.0
TP_0621,0.0,3060.0,3061.119729509667,2.0,0.0,0.9996342091755273,0.9996342091755273,3060.0
TP_0622,572.0,2816.0,2719.382396444255,4.0,0.21034187790136544,1.035529245052876,0.8251873671515104,2244.0
TP_0623,3436.0,3436.0,3123.7089841693924,7.0,1.0999744270075298,1.0999744270075298,0.0,0.0
TP_0624,2452.0,2452.0,2168.9985305728396,5.0,1.1304756390740471,1.1304756390740471,0.0,0.0
TP_0625,3224.0,3224.0,2843.2985693482615,6.0,1.133894285586407,1.133894285586407,0.0,0.0
TP_0626,3928.0,4164.0,4019.6710687599716,5.0,0.9771943855126805,1.0359056571473526,0.05871127163467216,236.0
TP_0627,5164.0,5188.0,1813.997874503052,3.0,2.8467508548843736,2.8599813003757033,0.013230445491329679,24.0
TP_0628,1816.0,2744.0,1583.0912036242485,5.0,1.1471227910574842,1.7333176975009563,0.5861949064434722,928.0
TP_0629,436.0,960.0,873.241714524398,4.0,0.4992890201511535,1.0993519709750168,0.6000629508238633,524.0
TP_0630,0.0,2748.0,2738.7841313386357,4.0,0.0,1.0033649489041183,1.0033649489041183,2748.0
TP_0631,0.0,2680.0,2664.502656545138,5.0,0.0,1.005816223683168,1.005816223683168,2680.0
TP_0632,0.0,0.0,0.0,0.0,,,,0.0
TP_0633,0.0,1216.0,1212.0749989892824,7.0,0.0,1.0032382492947964,1.0032382492947964,1216.0
TP_0634,0.0,2636.0,2657.6234796091303,13.0,0.0,0.9918636030366835,0.9918636030366835,2636.0
TP_0635,0.0,2440.0,2465.1131313436626,16.0,0.0,0.9898125846540867,0.9898125846540867,2440.0
TP_0636,0.0,3252.0,3234.8312230467754,21.0,0.0,1.0053074722510729,1.0053074722510729,3252.0
TP_0637,0.0,3136.0,3145.1322374738183,17.0,0.0,0.9970963899816329,0.9970963899816329,3136.0
TP_0638,0.0,3180.0,3177.9875811656007,16.0,0.0,1.00063323684659,1.00063323684659,3180.0
TP_0639,0.0,0.0,0.0,0.0,,,,0.0
TP_0640,0.0,1040.0,1033.5693418063377,2.0,0.0,1.006221796577696,1.006221796577696,1040.0
TP_0641,0.0,728.0,710.4106838506364,2.0,0.0,1.0247593632094951,1.0247593632094951,728.0
TP_0642,0.0,2500.0,2499.3864613807405,2.0,0.0,1.0002454756912305,1.0002454756912305,2500.0
TP_0643,0.0,5092.0,5128.73650967251,4.0,0.0,0.9928371228267963,0.9928371228267963,5092.0
TP_0644,0.0,3088.0,3071.924510841486,8.0,0.0,1.0052330352200323,1.0052330352200323,3088.0
TP_0645,0.0,3888.0,3890.8428536152037,4.0,0.0,0.9992693476138307,0.9992693476138307,3888.0
TP_0646,0.0,2976.0,2972.7965522175687,2.0,0.0,1.0010775872906748,1.0010775872906748,2976.0
TP_0647,1688.0,1688.0,1723.1917325052775,2.0,0.9795775874260296,0.9795775874260296,0.0,0.0
TP_0648,2500.0,2596.0,2418.863441409903,7.0,1.0335432572178629,1.0732313182950288,0.03968806107716594,96.0
TP_0649,0.0,2676.0,2684.3680886072107,5.0,0.0,0.9968826597802567,0.9968826597802567,2676.0
TP_0650,260.0,956.0,1069.7528935266894,6.0,0.24304678358274825,0.8936643273273358,0.6506175437445876,696.0
TP_0651,3052.0,3052.0,2630.0663667221575,6.0,1.1604269909750213,1.1604269909750213,0.0,0.0
TP_0652,3608.0,3716.0,3190.8588795070696,8.0,1.1307300436167742,1.1645767300665002,0.03384668644972599,108.0
TP_0653,1676.0,1784.0,1614.2067627058095,6.0,1.038280868796888,1.1051867959031314,0.06690592710624332,108.0
TP_0654,2484.0,2484.0,2224.2279657481367,4.0,1.116792000753613,1.116792000753613,0.0,0.0
TP_0655,2420.0,2568.0,2252.897450650825,6.0,1.0741722839186054,1.1398654649185862,0.06569318099998078,148.0
TP_0656,2544.0,2700.0,2345.9892034307873,7.0,1.0844039675372934,1.1509004372447689,0.06649646970747547,156.0
TP_0657,1688.0,1876.0,2108.003227017352,4.0,0.8007577874481618,0.8899417116426254,0.08918392419446353,188.0
TP_0658,744.0,744.0,728.5155458824823,2.0,1.02125480259829,1.02125480259829,0.0,0.0
TP_0659,0.0,3628.0,3634.9925107919526,4.0,0.0,0.9980763341956848,0.9980763341956848,3628.0
TP_0660,0.0,1956.0,1957.7428335911936,2.0,0.0,0.9991097739900819,0.9991097739900819,1956.0
TP_0661,0.0,0.0,0.0,0.0,,,,0.0
TP_0662,0.0,2276.0,2289.458351806724,12.0,0.0,0.9941216000736143,0.9941216000736143,2276.0
TP_0663,0.0,3696.0,3692.1448761554407,23.0,0.0,1.0010441420837672,1.0010441420837672,3696.0
TP_0664,0.0,2116.0,2120.3423103105,17.0,0.0,0.9979520710927736,0.9979520710927736,2116.0
TP_0665,0.0,2896.0,2913.791591703968,18.0,0.0,0.9938940067798179,0.9938940067798179,2896.0
TP_0666,0.0,2280.0,2283.0512044287084,18.0,0.0,0.998663540956598,0.998663540956598,2280.0
TP_0667,0.0,3712.0,3700.8894540507094,16.0,0.0,1.0030021285659128,1.0030021285659128,3712.0
TP_0668,0.0,0.0,0.0,0.0,,,,0.0
TP_0669,0.0,1084.0,1081.2367859709327,3.0,0.0,1.0025556049007212,1.0025556049007212,1084.0
TP_0670,0.0,848.0,842.7959281845611,3.0,0.0,1.0061747709515503,1.0061747709515503,848.0
TP_0671,0.0,156.0,148.0943659765731,2.0,0.0,1.0533824090558412,1.0533824090558412,156.0
TP_0672,0.0,1472.0,1466.6429210700417,4.0,0.0,1.00365261295234,1.00365261295234,1472.0
TP_0673,0.0,3204.0,3380.8597382177345,6.0,0.0,0.9476879397809717,0.9476879397809717,3204.0
TP_0674,0.0,2104.0,2103.220244016915,4.0,0.0,1.0003707438559053,1.0003707438559053,2104.0
TP_0675,0.0,1056.0,1058.448183863171,1.0,0.0,0.9976870064113715,0.9976870064113715,1056.0
TP_0676,1628.0,1628.0,1630.6184434676952,6.0,0.9983942022254287,0.9983942022254287,0.0,0.0
TP_0677,2688.0,2936.0,3075.0252460988286,6.0,0.87413916468171,0.954788909042225,0.08064974436051497,248.0
TP_0678,2608.0,3300.0,3154.369053304602,8.0,0.8267897496863245,1.0461680114895977,0.21937826180327324,692.0
TP_0679,2264.0,2268.0,1790.5799232198456,8.0,1.2643948313286368,1.2666287444581927,0.002233913129555898,4.0
TP_0680,3956.0,4016.0,3027.493854633013,8.0,1.306691339421245,1.3265097116066027,0.019818372185357758,60.0
TP_0681,2024.0,2624.0,2486.6206535808137,7.0,0.8139560801465132,1.055247408253187,0.24129132810667386,600.0
TP_0682,0.0,1420.0,1406.195975780956,3.0,0.0,1.009816572125644,1.009816572125644,1420.0
TP_0683,3476.0,3592.0,3195.346841453164,5.0,1.087831829366981,1.124134617688779,0.036302788321797896,116.0
TP_0684,2080.0,2088.0,1760.4025716503304,6.0,1.1815479217631768,1.1860923368468814,0.004544415083704623,8.0
TP_0685,2952.0,3032.0,3383.000552196946,6.0,0.8725981431137955,0.896245789268641,0.023647646154845492,80.0
TP_0686,2848.0,2848.0,2223.152731840464,4.0,1.2810635811072901,1.2810635811072901,0.0,0.0
TP_0687,0.0,20.0,19.94566997677207,1.0,0.0,1.0027239006406503,1.0027239006406503,20.0
TP_0688,0.0,2256.0,2265.3405639240864,3.0,0.0,0.9958767506869226,0.9958767506869226,2256.0
TP_0689,0.0,0.0,0.5473348595405433,1.0,0.0,0.0,0.0,0.0
TP_0690,0.0,2048.0,2042.4762404808284,1.0,0.0,1.002704442484908,1.002704442484908,2048.0
TP_0691,0.0,2740.0,2746.847888969615,13.0,0.0,0.9975070010257526,0.9975070010257526,2740.0
TP_0692,0.0,3540.0,3555.0077967927014,20.0,0.0,0.995778406785425,0.995778406785425,3540.0
TP_0693,0.0,1804.0,1807.6116358415468,15.0,0.0,0.9980019846243878,0.9980019846243878,1804.0
TP_0694,0.0,2356.0,2348.1182950743546,13.0,0.0,1.0033566047086209,1.0033566047086209,2356.0
TP_0695,0.0,2948.0,2945.5122649840846,15.0,0.0,1.0008445848436924,1.0008445848436924,2948.0
TP_0696,0.0,3628.0,3589.149825977137,37.0,0.0,1.0108243388842888,1.0108243388842888,3628.0
TP_0697,0.0,596.0,598.2857584695861,1.0,0.0,0.996179487080834,0.996179487080834,596.0
TP_0698,0.0,2452.0,2480.422457406938,3.0,0.0,0.988541283634139,0.988541283634139,2452.0
TP_0699,0.0,3476.0,3489.7514971596233,4.0,0.0,0.9960594623511686,0.9960594623511686,3476.0
TP_0700,0.0,2012.0,1992.2827312855604,4.0,0.0,1.009896822576842,1.009896822576842,2012.0
TP_0701,0.0,892.0,900.9505359465907,2.0,0.0,0.9900654524421957,0.9900654524421957,892.0
TP_0702,0.0,1652.0,1667.3732027351891,2.0,0.0,0.9907799869219617,0.9907799869219617,1652.0
TP_0703,0.0,3064.0,3061.365785569748,2.0,0.0,1.0008604703308142,1.0008604703308142,3064.0
TP_0704,0.0,0.0,0.0,0.0,,,,0.0
TP_0705,444.0,444.0,429.95792401321705,1.0,1.0326591864052987,1.0326591864052987,0.0,0.0
TP_0706,2380.0,2380.0,2436.345666630333,4.0,0.9768728767013328,0.9768728767013328,0.0,0.0
TP_0707,2620.0,2620.0,2622.747019159364,4.0,0.9989526175649818,0.9989526175649818,0.0,0.0
TP_0708,936.0,1884.0,1811.4704194873557,3.0,0.5167073058056819,1.0400390642498982,0.5233317584442163,948.0
TP_0709,3256.0,3256.0,2670.1057728647047,5.0,1.2194273474442552,1.2194273474442552,0.0,0.0
TP_0710,460.0,1612.0,1574.905123008328,5.0,0.2920810868411706,1.023553721712972,0.7314726348718014,1152.0
TP_0711,1188.0,1616.0,1491.063673151794,4.0,0.7967466590402666,1.0837900681894534,0.2870434091491868,428.0
TP_0712,2876.0,2876.0,2552.3795113025326,3.0,1.1267916809645275,1.1267916809645275,0.0,0.0
TP_0713,1664.0,1664.0,1653.9907474698534,5.0,1.0060515770994838,1.0060515770994838,0.0,0.0
TP_0714,3356.0,3356.0,3042.6947937529158,2.0,1.1029696461473377,1.1029696461473377,0.0,0.0
TP_0715,3488.0,3488.0,3118.8699258101224,5.0,1.1183537893437465,1.1183537893437465,0.0,0.0
TP_0716,0.0,648.0,636.2585727425334,3.0,0.0,1.0184538609937408,1.0184538609937408,648.0
TP_0717,0.0,5408.0,5413.54371741361,2.0,0.0,0.9989759540694615,0.9989759540694615,5408.0
TP_0718,0.0,300.0,296.0512970898348,2.0,0.0,1.0133379010630275,1.0133379010630275,300.0
TP_0719,0.0,3356.0,3364.652623221834,2.0,0.0,0.9974283754696945,0.9974283754696945,3356.0
TP_0720,0.0,2896.0,2896.989086600928,18.0,0.0,0.9996585811781263,0.9996585811781263,2896.0
TP_0721,0.0,2856.0,2868.0665448293416,22.0,0.0,0.9957927946786675,0.9957927946786675,2856.0
TP_0722,0.0,2492.0,2506.3052949415205,14.0,0.0,0.9942922775727311,0.9942922775727311,2492.0
TP_0723,0.0,3292.0,3269.8703046760393,16.0,0.0,1.0067677593488384,1.0067677593488384,3292.0
TP_0724,0.0,3112.0,3092.6855434236686,20.0,0.0,1.0062452054388142,1.0062452054388142,3112.0
TP_0725,0.0,4028.0,4031.0355173333733,39.0,0.0,0.9992469633868716,0.9992469633868716,4028.0
TP_0726,0.0,0.0,0.0,0.0,,,,0.0
TP_0727,0.0,3692.0,3688.384171174829,2.0,0.0,1.0009803286906578,1.0009803286906578,3692.0
TP_0728,0.0,4564.0,4548.669840676916,2.0,0.0,1.0033702510536142,1.0033702510536142,4564.0
TP_0729,0.0,6164.0,6159.947258817776,9.0,0.0,1.0006579181625983,1.0006579181625983,6164.0
TP_0730,0.0,844.0,832.2566120731315,11.0,0.0,1.0141102969402862,1.0141102969402862,844.0
TP_0731,0.0,2940.0,2932.4492080497384,23.0,0.0,1.0025749097135372,1.0025749097135372,2940.0
TP_0732,0.0,2288.0,2292.7996951028927,18.0,0.0,0.9979066225832356,0.9979066225832356,2288.0
TP_0733,0.0,720.0,721.014946903249,6.0,0.0,0.9985923358349114,0.9985923358349114,720.0
TP_0734,0.0,68.0,68.4328426483367,1.0,0.0,0.9936749281253594,0.9936749281253594,68.0
TP_0735,2740.0,2740.0,2383.3650962494808,4.0,1.1496350283520256,1.1496350283520256,0.0,0.0
TP_0736,4772.0,4772.0,3796.8907683024536,11.0,1.2568178257425895,1.2568178257425895,0.0,0.0
TP_0737,2600.0,3464.0,3295.7767818261764,7.0,0.7888883781016719,1.0510420545169967,0.26215367641532483,864.0
TP_0738,3672.0,3788.0,3150.4100717625124,7.0,1.1655625510191698,1.2023831544827384,0.036820603463568524,116.0
TP_0739,2460.0,2460.0,2263.2920236144078,5.0,1.0869123269702756,1.0869123269702756,0.0,0.0
TP_0740,2024.0,2024.0,1745.1839354531062,3.0,1.159763139507988,1.159763139507988,0.0,0.0
TP_0741,2372.0,2984.0,2904.7904566871803,9.0,0.8165821374617119,1.0272685911407033,0.21068645367899141,612.0
TP_0742,1124.0,1156.0,1101.187954541358,6.0,1.020715850881372,1.0497753768851121,0.029059526003740066,32.0
TP_0743,3316.0,2120.0,1978.139105744887,3.0,1.6763229594772753,1.0717143166742533,-0.604608642803022,-1196.0
TP_0744,2160.0,2160.0,2084.622874441221,4.0,1.0361586388036654,1.0361586388036654,0.0,0.0
TP_0745,0.0,172.0,173.20513154261403,1.0,0.0,0.9930421718347443,0.9930421718347443,172.0
TP_0746,0.0,1756.0,1753.3602885406272,1.0,0.0,1.0015055157098203,1.0015055157098203,1756.0
TP_0747,0.0,264.0,264.3827844820074,2.0,0.0,0.9985521580659747,0.9985521580659747,264.0
TP_0748,0.0,2420.0,2424.4989897533515,1.0,0.0,0.9981443631148681,0.9981443631148681,2420.0
TP_0749,0.0,3952.0,3990.5197676173,38.0,0.0,0.9903471803523228,0.9903471803523228,3952.0
TP_0750,0.0,1764.0,1771.0012836066853,16.0,0.0,0.9960467089033233,0.9960467089033233,1764.0
TP_0751,0.0,2696.0,2715.622964432039,14.0,0.0,0.9927740468065517,0.9927740468065517,2696.0
TP_0752,0.0,2956.0,2950.3368232590874,15.0,0.0,1.001919501765448,1.001919501765448,2956.0
TP_0753,0.0,3000.0,3022.79630550669,17.0,0.0,0.992458537326792,0.992458537326792,3000.0
TP_0754,0.0,3012.0,3047.718322816738,20.0,0.0,0.9882803070909366,0.9882803070909366,3012.0
TP_0755,0.0,36.0,40.76702051781795,2.0,0.0,0.8830667422522468,0.8830667422522468,36.0
TP_0756,0.0,4400.0,4405.741206667117,6.0,0.0,0.9986968806387382,0.9986968806387382,4400.0
TP_0757,0.0,3500.0,3489.447242956053,8.0,0.0,1.0030241916009046,1.0030241916009046,3500.0
TP_0758,0.0,3416.0,3451.879802533497,18.0,0.0,0.989605720770705,0.989605720770705,3416.0
TP_0759,0.0,4140.0,4139.759393931793,30.0,0.0,1.000058120785609,1.000058120785609,4140.0
TP_0760,0.0,3928.0,3934.7600325747744,43.0,0.0,0.9982819708142784,0.9982819708142784,3928.0
TP_0761,0.0,4600.0,4606.187446508129,41.0,0.0,0.9986567097887387,0.9986567097887387,4600.0
TP_0762,0.0,3132.0,3134.9635331153,23.0,0.0,0.9990546833849914,0.9990546833849914,3132.0
TP_0763,0.0,2088.0,2089.6921234302126,7.0,0.0,0.9991902522810705,0.9991902522810705,2088.0
TP_0764,1364.0,1368.0,998.1934440282673,5.0,1.366468602013152,1.3704758413152434,0.004007239302091348,4.0
TP_0765,1788.0,4392.0,3840.9650756116584,9.0,0.465508007701754,1.143462622945248,0.6779546152434941,2604.0
TP_0766,3292.0,3332.0,2646.6431779485774,5.0,1.2438397542322426,1.2589532384877984,0.015113484255555809,40.0
TP_0767,968.0,4296.0,4906.456581246547,6.0,0.1972910559730394,0.8755809674175384,0.678289911444499,3328.0
TP_0768,2488.0,2488.0,2148.77743905685,5.0,1.1578677041080823,1.1578677041080823,0.0,0.0
TP_0769,3016.0,3136.0,2664.530240718442,6.0,1.1319068381775206,1.176942919272117,0.04503608109459645,120.0
TP_0770,664.0,2596.0,2564.3318127230905,2.0,0.25893684924295796,1.0123494889077091,0.7534126396647511,1932.0
TP_0771,0.0,4832.0,4816.391904172273,4.0,0.0,1.0032406199782469,1.0032406199782469,4832.0
TP_0772,0.0,76.0,69.39342540230712,1.0,0.0,1.0952046185844175,1.0952046185844175,76.0
TP_0773,620.0,664.0,886.8555843596931,2.0,0.6990991666897356,0.7487126559386846,0.04961348924894904,44.0
TP_0774,0.0,104.0,103.23745133584643,1.0,0.0,1.0073863569304213,1.0073863569304213,104.0
TP_0775,0.0,40.0,38.766471236073095,1.0,0.0,1.0318194750410783,1.0318194750410783,40.0
TP_0776,0.0,2676.0,2680.0779485070593,5.0,0.0,0.998478421678246,0.998478421678246,2676.0
TP_0777,0.0,3168.0,3157.1974472229936,5.0,0.0,1.0034215638893627,1.0034215638893627,3168.0
TP_0778,0.0,1932.0,1921.7589409279892,18.0,0.0,1.005329002953443,1.005329002953443,1932.0
TP_0779,0.0,1576.0,1550.6553386565774,19.0,0.0,1.0163444839814502,1.0163444839814502,1576.0
TP_0780,0.0,428.0,420.53526509915605,2.0,0.0,1.0177505563037237,1.0177505563037237,428.0
TP_0781,0.0,2220.0,2232.5796221273904,11.0,0.0,0.9943654318069053,0.9943654318069053,2220.0
TP_0782,0.0,4164.0,4137.218008073397,9.0,0.0,1.0064734301828766,1.0064734301828766,4164.0
TP_0783,0.0,1892.0,1890.701966588429,9.0,0.0,1.0006865351782086,1.0006865351782086,1892.0
TP_0784,0.0,256.0,272.2912731710627,2.0,0.0,0.9401696830701293,0.9401696830701293,256.0
TP_0785,0.0,3552.0,3549.5119664022827,4.0,0.0,1.000700950897269,1.000700950897269,3552.0
TP_0786,0.0,3924.0,3928.0136455608454,4.0,0.0,0.9989781996899677,0.9989781996899677,3924.0
TP_0787,0.0,2668.0,2688.7587771714225,13.0,0.0,0.992279420025451,0.992279420025451,2668.0
TP_0788,0.0,4592.0,4606.379917957555,47.0,0.0,0.9968782605400183,0.9968782605400183,4592.0
TP_0789,0.0,3536.0,3507.8392952662957,35.0,0.0,1.0080279346809604,1.0080279346809604,3536.0
TP_0790,0.0,3236.0,3254.0541498262874,31.0,0.0,0.9944517979741514,0.9944517979741514,3236.0
TP_0791,0.0,2340.0,2294.9965659167565,15.0,0.0,1.01960936881196,1.01960936881196,2340.0
TP_0792,0.0,2876.0,2870.803049036864,19.0,0.0,1.00181027777746,1.00181027777746,2876.0
TP_0793,0.0,4624.0,4622.065012348376,2.0,0.0,1.0004186413748952,1.0004186413748952,4624.0
TP_0794,1436.0,5932.0,4490.028940661057,3.0,0.3198197648562552,1.3211496135984024,1.0013298487421474,4496.0
TP_0795,5280.0,5280.0,114.32684375096724,2.0,46.18337939514166,46.18337939514166,0.0,0.0
TP_0796,1588.0,1920.0,1698.9488940809074,7.0,0.9346955670841834,1.1301105093209272,0.19541494223674372,332.0
TP_0797,2976.0,3200.0,2704.910060191826,5.0,1.1002214246594761,1.183033789956426,0.08281236529694991,224.0
TP_0798,2408.0,2408.0,2172.1856663846293,3.0,1.108560855208965,1.108560855208965,0.0,0.0
TP_0799,344.0,808.0,702.6118354647414,3.0,0.4896017724672426,1.1499948609114303,0.6603930884441878,464.0
TP_0800,0.0,0.0,0.0,0.0,,,,0.0
TP_0801,0.0,0.0,0.0,0.0,,,,0.0
TP_0802,0.0,0.0,0.0,0.0,,,,0.0
TP_0803,0.0,1352.0,1353.907110644617,1.0,0.0,0.9985914021503964,0.9985914021503964,1352.0
TP_0804,0.0,0.0,0.0,0.0,,,,0.0
TP_0805,0.0,2208.0,2211.436156013968,2.0,0.0,0.9984461880101656,0.9984461880101656,2208.0
TP_0806,0.0,196.0,197.13273374141465,2.0,0.0,0.9942539540749205,0.9942539540749205,196.0
TP_0807,0.0,56.0,57.90023137474526,1.0,0.0,0.9671809364206773,0.9671809364206773,56.0
TP_0808,0.0,0.0,0.0,0.0,,,,0.0
TP_0809,0.0,1964.0,1941.8802473022233,2.0,0.0,1.0113908943296102,1.0113908943296102,1964.0
TP_0810,0.0,2864.0,2873.234397137138,3.0,0.0,0.9967860620260084,0.9967860620260084,2864.0
TP_0811,0.0,3016.0,3016.273407445544,2.0,0.0,0.9999093558810455,0.9999093558810455,3016.0
TP_0812,0.0,1620.0,1626.4702174572499,5.0,0.0,0.9960219268771087,0.9960219268771087,1620.0
TP_0813,0.0,48.0,48.041289772992876,2.0,0.0,0.9991405357102613,0.9991405357102613,48.0
TP_0814,0.0,3300.0,3303.468612393026,2.0,0.0,0.9989500089754104,0.9989500089754104,3300.0
TP_0815,0.0,3368.0,3367.1994088773445,4.0,0.0,1.0002377617198865,1.0002377617198865,3368.0
TP_0816,0.0,5028.0,5003.237460988415,4.0,0.0,1.0049493031671324,1.0049493031671324,5028.0
TP_0817,0.0,1924.0,1926.6834079646333,16.0,0.0,0.9986072398020659,0.9986072398020659,1924.0
TP_0818,0.0,2744.0,2752.2391144593535,24.0,0.0,0.9970063958410925,0.9970063958410925,2744.0
TP_0819,0.0,3172.0,3089.357426451864,27.0,0.0,1.0267507323175136,1.0267507323175136,3172.0
TP_0820,0.0,4348.0,4272.401888881059,23.0,0.0,1.0176945224454856,1.0176945224454856,4348.0
TP_0821,0.0,2944.0,2909.5865163908793,22.0,0.0,1.011827619978047,1.011827619978047,2944.0
TP_0822,0.0,1600.0,1606.4285038341832,5.0,0.0,0.9959982633407962,0.9959982633407962,1600.0
TP_0823,228.0,2152.0,1929.451143857572,2.0,0.11816831990063101,1.115343089588412,0.997174769687781,1924.0
TP_0824,616.0,1304.0,678.2721874181864,1.0,0.908189973622208,1.9225320220833753,1.0143420484611672,688.0
TP_0825,68.0,68.0,77.53810746067929,1.0,0.8769881317323073,0.8769881317323073,0.0,0.0
TP_0826,0.0,0.0,0.0,0.0,,,,0.0
TP_0827,0.0,2640.0,2637.337970207126,3.0,0.0,1.0010093624036607,1.0010093624036607,2640.0
TP_0828,0.0,6268.0,6264.326453878595,7.0,0.0,1.0005864231611254,1.0005864231611254,6268.0
TP_0829,0.0,2252.0,2259.780842456721,3.0,0.0,0.9965568154616878,0.9965568154616878,2252.0
TP_0830,0.0,980.0,974.661719262169,2.0,0.0,1.005477060022294,1.005477060022294,980.0
TP_0831,0.0,4244.0,4246.518670710223,3.0,0.0,0.9994068857561854,0.9994068857561854,4244.0
TP_0832,0.0,752.0,765.4863899883363,2.0,0.0,0.9823819336767806,0.9823819336767806,752.0
TP_0833,0.0,1000.0,994.5118681014316,1.0,0.0,1.0055184177027927,1.0055184177027927,1000.0
TP_0834,0.0,0.0,0.0,0.0,,,,0.0
TP_0835,0.0,0.0,0.0,0.0,,,,0.0
TP_0836,0.0,808.0,809.6474923623492,1.0,0.0,0.9979651732662789,0.9979651732662789,808.0
TP_0837,0.0,6448.0,6438.482357825961,1.0,0.0,1.0014782431084044,1.0014782431084044,6448.0
TP_0838,0.0,484.0,486.4786516870389,3.0,0.0,0.9949049116987081,0.9949049116987081,484.0
TP_0839,0.0,2356.0,2331.80480666913,3.0,0.0,1.0103761658187127,1.0103761658187127,2356.0
TP_0840,0.0,1376.0,1386.6513235298657,2.0,0.0,0.9923186720777422,0.9923186720777422,1376.0
TP_0841,0.0,2748.0,2741.5161212688854,4.0,0.0,1.0023650704370521,1.0023650704370521,2748.0
TP_0842,0.0,616.0,604.3455692081926,2.0,0.0,1.0192843819589459,1.0192843819589459,616.0
TP_0843,0.0,988.0,997.6580568211727,5.0,0.0,0.9903192714626632,0.9903192714626632,988.0
TP_0844,0.0,2072.0,2079.5050913190917,3.0,0.0,0.996390924287504,0.996390924287504,2072.0
TP_0845,0.0,2824.0,2813.423263242366,12.0,0.0,1.0037593834158622,1.0037593834158622,2824.0
TP_0846,0.0,2292.0,2322.614196212617,18.0,0.0,0.9868190781480031,0.9868190781480031,2292.0
TP_0847,0.0,3404.0,3352.4795457188407,18.0,0.0,1.0153678653601188,1.0153678653601188,3404.0
TP_0848,0.0,3268.0,3253.8405049171347,18.0,0.0,1.0043516254289255,1.0043516254289255,3268.0
TP_0849,0.0,2696.0,2710.3074420123426,17.0,0.0,0.9947210999790785,0.9947210999790785,2696.0
TP_0850,0.0,3288.0,3291.619256247567,25.0,0.0,0.998900463277854,0.998900463277854,3288.0
TP_0851,0.0,468.0,465.4990087047632,7.0,0.0,1.0053727102495786,1.0053727102495786,468.0
TP_0852,0.0,0.0,0.0,0.0,,,,0.0
TP_0853,0.0,0.0,0.0,0.0,,,,0.0
TP_0854,0.0,2848.0,2850.934946982189,3.0,0.0,0.9989705317600124,0.9989705317600124,2848.0
TP_0855,0.0,3192.0,3190.82216787226,3.0,0.0,1.0003691312350778,1.0003691312350778,3192.0
TP_0856,0.0,1872.0,1885.9163622070887,5.0,0.0,0.9926209017080682,0.9926209017080682,1872.0
TP_0857,0.0,6900.0,6879.206696823903,2.0,0.0,1.003022630964948,1.003022630964948,6900.0
TP_0858,0.0,1068.0,1063.9187261386317,2.0,0.0,1.0038360767238121,1.0038360767238121,1068.0
TP_0859,0.0,7144.0,7140.18944469876,1.0,0.0,1.0005336770586766,1.0005336770586766,7144.0
TP_0860,0.0,3968.0,3970.455755215469,3.0,0.0,0.9993814928645803,0.9993814928645803,3968.0
TP_0861,0.0,4.0,4.304853427574785,1.0,0.0,0.9291837846041301,0.9291837846041301,4.0
TP_0862,0.0,852.0,849.8568199376009,1.0,0.0,1.0025218131008897,1.0025218131008897,852.0
TP_0863,0.0,0.0,0.0,0.0,,,,0.0
TP_0864,0.0,2776.0,2782.0080191942934,1.0,0.0,0.9978404019137107,0.9978404019137107,2776.0
TP_0865,0.0,4652.0,4647.376030508788,2.0,0.0,1.0009949634935622,1.0009949634935622,4652.0
TP_0866,0.0,564.0,581.9649375827655,4.0,0.0,0.9691305499307498,0.9691305499307498,564.0
TP_0867,0.0,1364.0,1377.6449204076039,2.0,0.0,0.9900954736554564,0.9900954736554564,1364.0
TP_0868,0.0,772.0,765.7553921327859,2.0,0.0,1.008154833686279,1.008154833686279,772.0
TP_0869,0.0,1440.0,1440.631719026255,3.0,0.0,0.9995614985995991,0.9995614985995991,1440.0
TP_0870,0.0,1144.0,1145.3470753422364,2.0,0.0,0.9988238714960407,0.9988238714960407,1144.0
TP_0871,0.0,960.0,953.4575676913184,2.0,0.0,1.0068617970325866,1.0068617970325866,960.0
TP_0872,0.0,1144.0,1159.9469093289404,6.0,0.0,0.9862520351572245,0.9862520351572245,1144.0
TP_0873,0.0,2480.0,2484.875990182842,31.0,0.0,0.9980377329886457,0.9980377329886457,2480.0
TP_0874,0.0,2120.0,2149.1289333755194,31.0,0.0,0.986446167596949,0.986446167596949,2120.0
TP_0875,0.0,3884.0,3887.222130160259,39.0,0.0,0.999171096980731,0.999171096980731,3884.0
TP_0876,0.0,3416.0,3425.8195758833954,17.0,0.0,0.9971336564387331,0.9971336564387331,3416.0
TP_0877,0.0,3240.0,3287.1972909783417,19.0,0.0,0.985642087529132,0.985642087529132,3240.0
TP_0878,0.0,3968.0,3943.5312241793968,19.0,0.0,1.0062047881529568,1.0062047881529568,3968.0
TP_0879,0.0,2688.0,2691.0183059526184,27.0,0.0,0.9988783777702508,0.9988783777702508,2688.0
TP_0880,0.0,460.0,458.07686270772064,5.0,0.0,1.0041982851543987,1.0041982851543987,460.0
TP_0881,0.0,0.0,0.0,0.0,,,,0.0
TP_0882,0.0,0.0,0.0,0.0,,,,0.0
TP_0883,0.0,1748.0,1753.211384810471,4.0,0.0,0.9970275205513599,0.9970275205513599,1748.0
TP_0884,0.0,1952.0,1949.1437125457935,3.0,0.0,1.0014654062888344,1.0014654062888344,1952.0
TP_0885,0.0,4440.0,4424.834630455285,5.0,0.0,1.003427330241979,1.003427330241979,4440.0
TP_0886,0.0,1112.0,1111.3047386241117,1.0,0.0,1.0006256262136966,1.0006256262136966,1112.0
TP_0887,0.0,4232.0,4237.055113613867,1.0,0.0,0.9988069275762722,0.9988069275762722,4232.0
TP_0888,0.0,5096.0,5098.157798801232,2.0,0.0,0.9995767493109492,0.9995767493109492,5096.0
TP_0889,0.0,3784.0,3781.2976375656494,1.0,0.0,1.0007146653591887,1.0007146653591887,3784.0
TP_0890,0.0,0.0,0.0,0.0,,,,0.0
TP_0891,0.0,0.0,0.0,0.0,,,,0.0
TP_0892,0.0,0.0,0.0,0.0,,,,0.0
TP_0893,0.0,2520.0,2520.2777634494623,5.0,0.0,0.9998897885568445,0.9998897885568445,2520.0
TP_0894,0.0,2424.0,2416.467512753039,22.0,0.0,1.003117148154158,1.003117148154158,2424.0
TP_0895,0.0,1180.0,1199.8383576590713,16.0,0.0,0.9834658080962033,0.9834658080962033,1180.0
TP_0896,0.0,1880.0,1883.9972896661686,5.0,0.0,0.9978782933032367,0.9978782933032367,1880.0
TP_0897,0.0,512.0,508.28316300145684,1.0,0.0,1.0073125322046768,1.0073125322046768,512.0
TP_0898,0.0,1180.0,1177.4463281257956,2.0,0.0,1.0021688223175906,1.0021688223175906,1180.0
TP_0899,2232.0,2304.0,2231.6060740150256,7.0,1.000176521290904,1.0324402800422234,0.03226375875131948,72.0
TP_0900,0.0,552.0,564.2055342866796,20.0,0.0,0.9783668653620866,0.9783668653620866,552.0
TP_0901,0.0,1364.0,1373.3385645510489,19.0,0.0,0.9932001002577965,0.9932001002577965,1364.0
TP_0902,0.0,4420.0,4439.9452197008095,54.0,0.0,0.995507777976109,0.995507777976109,4420.0
TP_0903,0.0,4596.0,4587.493944041776,42.0,0.0,1.0018541835830153,1.0018541835830153,4596.0
TP_0904,0.0,2928.0,2907.8904651210682,23.0,0.0,1.0069155063163957,1.0069155063163957,2928.0
TP_0905,0.0,3980.0,3991.221702322838,12.0,0.0,0.9971884041629892,0.9971884041629892,3980.0
TP_0906,0.0,2032.0,2036.5301379005562,6.0,0.0,0.9977755605889407,0.9977755605889407,2032.0
TP_0907,0.0,2468.0,2462.023289181596,20.0,0.0,1.0024275606346482,1.0024275606346482,2468.0
TP_0908,412.0,1860.0,1709.7392952654823,11.0,0.24097241090550364,1.087885156029701,0.8469127451241973,1448.0
TP_0909,24.0,76.0,90.4512411322138,3.0,0.2653363259539897,0.8402316988543007,0.574895372900311,52.0
TP_0910,0.0,0.0,0.0,0.0,,,,0.0
TP_0911,0.0,1104.0,1112.992904299133,1.0,0.0,0.9919200704115936,0.9919200704115936,1104.0
TP_0912,0.0,2716.0,2736.6443121166976,4.0,0.0,0.9924563407727875,0.9924563407727875,2716.0
TP_0913,0.0,492.0,487.67334183038207,2.0,0.0,1.0088720415870565,1.0088720415870565,492.0
TP_0914,0.0,2128.0,2127.0575641237247,1.0,0.0,1.0004430702262934,1.0004430702262934,2128.0
TP_0915,0.0,616.0,614.6840820994544,2.0,0.0,1.002140803607686,1.002140803607686,616.0
TP_0916,0.0,0.0,0.0,0.0,,,,0.0
TP_0917,0.0,1768.0,1769.7620353960056,4.0,0.0,0.9990043659199576,0.9990043659199576,1768.0
TP_0918,0.0,0.0,0.0,0.0,,,,0.0
TP_0919,0.0,0.0,0.0,0.0,,,,0.0
TP_0920,0.0,248.0,247.5223237670357,1.0,0.0,1.0019298309166405,1.0019298309166405,248.0
TP_0921,0.0,868.0,874.7386997171836,9.0,0.0,0.9922963283556994,0.9922963283556994,868.0
TP_0922,0.0,3644.0,3640.3619809037664,34.0,0.0,1.0009993564143669,1.0009993564143669,3644.0
TP_0923,0.0,2632.0,2639.3474314063724,24.0,0.0,0.9972161939277326,0.9972161939277326,2632.0
TP_0924,0.0,3232.0,3229.5191258142218,28.0,0.0,1.0007681868690443,1.0007681868690443,3232.0
TP_0925,0.0,1024.0,1030.1815671748377,13.0,0.0,0.9939995362256481,0.9939995362256481,1024.0
TP_0926,0.0,1960.0,1964.8461894659415,7.0,0.0,0.9975335527575018,0.9975335527575018,1960.0
TP_0927,0.0,1548.0,1535.3981838784057,7.0,0.0,1.0082075231388916,1.0082075231388916,1548.0
TP_0928,1412.0,1648.0,1433.6428624341072,5.0,0.984903588612466,1.1495192025731897,0.16461561396072377,236.0
TP_0929,0.0,3852.0,3851.993131603008,54.0,0.0,1.0000017830761265,1.0000017830761265,3852.0
TP_0930,0.0,1328.0,1334.7735564514737,32.0,0.0,0.9949253141712806,0.9949253141712806,1328.0
TP_0931,0.0,2536.0,2538.3191300499257,21.0,0.0,0.9990863520577572,0.9990863520577572,2536.0
TP_0932,0.0,1128.0,1136.8821878544582,12.0,0.0,0.99218723984829,0.99218723984829,1128.0
TP_0933,0.0,0.0,0.5929108364416769,1.0,0.0,0.0,0.0,0.0
TP_0934,952.0,952.0,0.0,0.0,,,,0.0
TP_0935,116.0,116.0,0.0,0.0,,,,0.0
TP_0936,0.0,16.0,19.96014222231019,2.0,0.0,0.8015974947370971,0.8015974947370971,16.0
TP_0937,3256.0,3256.0,2940.015978837111,5.0,1.1074769740836146,1.1074769740836146,0.0,0.0
TP_0938,4448.0,4448.0,3795.5510830759295,7.0,1.1718983364058226,1.1718983364058226,0.0,0.0
TP_0939,708.0,708.0,651.7354403760411,2.0,1.0863303667995945,1.0863303667995945,0.0,0.0
TP_0940,0.0,1876.0,1873.8947403635532,2.0,0.0,1.0011234673917908,1.0011234673917908,1876.0
TP_0941,0.0,3444.0,3420.8556414102436,4.0,0.0,1.0067656636280082,1.0067656636280082,3444.0
TP_0942,0.0,264.0,269.9888739254887,1.0,0.0,0.9778180713952624,0.9778180713952624,264.0
TP_0943,0.0,0.0,0.0,0.0,,,,0.0
TP_0944,0.0,2188.0,2175.812405110127,1.0,0.0,1.0056013996708764,1.0056013996708764,2188.0
TP_0945,0.0,0.0,0.0,0.0,,,,0.0
TP_0946,0.0,0.0,0.0,0.0,,,,0.0
TP_0947,0.0,0.0,0.0,0.0,,,,0.0
TP_0948,0.0,0.0,0.0,0.0,,,,0.0
TP_0949,0.0,136.0,135.15014206807783,2.0,0.0,1.0062882503778212,1.0062882503778212,136.0
TP_0950,0.0,1380.0,1381.1284100174862,11.0,0.0,0.9991829796496099,0.9991829796496099,1380.0
TP_0951,0.0,2164.0,2162.512310050831,31.0,0.0,1.0006879451933082,1.0006879451933082,2164.0
TP_0952,0.0,2420.0,2431.4345619057303,29.0,0.0,0.9952971952916685,0.9952971952916685,2420.0
TP_0953,0.0,3112.0,3157.3606037007953,42.0,0.0,0.985633378826724,0.985633378826724,3112.0
TP_0954,0.0,3276.0,3270.889907814976,42.0,0.0,1.001562294155121,1.001562294155121,3276.0
TP_0955,0.0,4388.0,4385.600447416934,19.0,0.0,1.0005471434554598,1.0005471434554598,4388.0
TP_0956,0.0,3256.0,3259.7660997625826,27.0,0.0,0.9988446717809425,0.9988446717809425,3256.0
TP_0957,0.0,3336.0,3356.334371826029,30.0,0.0,0.9939414940308924,0.9939414940308924,3336.0
TP_0958,1108.0,1368.0,1064.1646122082666,2.0,1.0411922998461391,1.2855154026981215,0.24432310285198233,260.0
TP_0959,1232.0,1420.0,1128.28793636863,2.0,1.0919198551082316,1.2585439888422798,0.16662413373404816,188.0
TP_0960,0.0,540.0,540.8159224269205,1.0,0.0,0.9984913121210282,0.9984913121210282,540.0
TP_0961,356.0,536.0,763.4117911005713,2.0,0.4663276152530644,0.7021112409428161,0.2357836256897517,180.0
TP_0962,3420.0,3420.0,4793.886851776764,4.0,0.7134085775788473,0.7134085775788473,0.0,0.0
TP_0963,5600.0,5796.0,988.8675561596394,4.0,5.66304351388383,5.861250036869764,0.19820652298593444,196.0
TP_0964,2900.0,2928.0,2232.760188026315,5.0,1.2988407870903067,1.3113813188277303,0.012540531737423644,28.0
TP_0965,380.0,380.0,273.03509809973895,1.0,1.391762460741172,1.391762460741172,0.0,0.0
TP_0966,584.0,612.0,708.711428894884,4.0,0.8240307354865852,0.8635390584208735,0.0395083229342883,28.0
TP_0967,2348.0,2348.0,1663.0874737931592,6.0,1.4118319312721999,1.4118319312721999,0.0,0.0
TP_0968,2916.0,2916.0,2569.7165572238646,4.0,1.1347555012644022,1.1347555012644022,0.0,0.0
TP_0969,0.0,0.0,0.0,0.0,,,,0.0
TP_0970,0.0,3852.0,3858.1125010360174,1.0,0.0,0.9984156757911087,0.9984156757911087,3852.0
TP_0971,0.0,520.0,516.0244795175239,2.0,0.0,1.007704131567931,1.007704131567931,520.0
TP_0972,0.0,476.0,477.6986942172656,2.0,0.0,0.9964440048971686,0.9964440048971686,476.0
TP_0973,0.0,1644.0,1650.231702908424,1.0,0.0,0.9962237406435466,0.9962237406435466,1644.0
TP_0974,0.0,0.0,0.0,0.0,,,,0.0
TP_0975,0.0,0.0,0.0,0.0,,,,0.0
TP_0976,0.0,0.0,0.0,0.0,,,,0.0
TP_0977,0.0,0.0,0.0,0.0,,,,0.0
TP_0978,0.0,0.0,0.0,0.0,,,,0.0
TP_0979,0.0,3636.0,3623.481331902734,18.0,0.0,1.003454873076631,1.003454873076631,3636.0
TP_0980,0.0,3308.0,3279.504079775555,37.0,0.0,1.008689094305501,1.008689094305501,3308.0
TP_0981,0.0,1932.0,1918.1096316431303,28.0,0.0,1.007241696787149,1.007241696787149,1932.0
TP_0982,0.0,4984.0,4985.237193343779,52.0,0.0,0.9997518285899354,0.9997518285899354,4984.0
TP_0983,0.0,3880.0,3883.317897365341,49.0,0.0,0.9991456024324992,0.9991456024324992,3880.0
TP_0984,0.0,4048.0,4055.54417096228,37.0,0.0,0.9981397882394436,0.9981397882394436,4048.0
TP_0985,0.0,4248.0,4247.950208153289,46.0,0.0,1.0000117213819069,1.0000117213819069,4248.0
TP_0986,0.0,4276.0,4276.756556895271,54.0,0.0,0.9998231003132382,0.9998231003132382,4276.0
