dataset,model,event_threshold_c,threshold_c,precision,recall,f1,tp,fp,fn,tn,n_pos,n_pred_pos
hourly_max,M3_weather_ridge,31.0,27.0,0.2901849217638691,1.0,0.44983461962513777,204,499,0,971,204,703
hourly_max,M3_weather_ridge,31.0,27.05,0.2918454935622318,1.0,0.4518272425249169,204,495,0,975,204,699
hourly_max,M3_weather_ridge,31.0,27.1,0.2935251798561151,1.0,0.45383759733036705,204,491,0,979,204,695
hourly_max,M3_weather_ridge,31.0,27.15,0.2952243125904486,1.0,0.4558659217877095,204,487,0,983,204,691
hourly_max,M3_weather_ridge,31.0,27.2,0.29694323144104806,1.0,0.45791245791245794,204,483,0,987,204,687
hourly_max,M3_weather_ridge,31.0,27.25,0.3022222222222222,1.0,0.4641638225255973,204,471,0,999,204,675
hourly_max,M3_weather_ridge,31.0,27.3,0.30402384500745155,1.0,0.4662857142857143,204,467,0,1003,204,671
hourly_max,M3_weather_ridge,31.0,27.35,0.3063063063063063,1.0,0.4689655172413793,204,462,0,1008,204,666
hourly_max,M3_weather_ridge,31.0,27.4,0.3124042879019908,1.0,0.47607934655775963,204,449,0,1021,204,653
hourly_max,M3_weather_ridge,31.0,27.45,0.3157894736842105,1.0,0.4799999999999999,204,442,0,1028,204,646
hourly_max,M3_weather_ridge,31.0,27.5,0.3177570093457944,1.0,0.48226950354609927,204,438,0,1032,204,642
hourly_max,M3_weather_ridge,31.0,27.55,0.31825273010920435,1.0,0.4828402366863905,204,437,0,1033,204,641
hourly_max,M3_weather_ridge,31.0,27.6,0.3202511773940345,1.0,0.4851367419738407,204,433,0,1037,204,637
hourly_max,M3_weather_ridge,31.0,27.65,0.3248407643312102,1.0,0.49038461538461536,204,424,0,1046,204,628
hourly_max,M3_weather_ridge,31.0,27.7,0.3274478330658106,1.0,0.49334945586457074,204,419,0,1051,204,623
hourly_max,M3_weather_ridge,31.0,27.75,0.32903225806451614,1.0,0.49514563106796117,204,416,0,1054,204,620
hourly_max,M3_weather_ridge,31.0,27.8,0.3333333333333333,1.0,0.5,204,408,0,1062,204,612
hourly_max,M3_weather_ridge,31.0,27.85,0.3371900826446281,1.0,0.5043263288009888,204,401,0,1069,204,605
hourly_max,M3_weather_ridge,31.0,27.9,0.3383084577114428,1.0,0.5055762081784386,204,399,0,1071,204,603
hourly_max,M3_weather_ridge,31.0,27.95,0.33943427620632277,1.0,0.506832298136646,204,397,0,1073,204,601
hourly_max,M3_weather_ridge,31.0,28.0,0.3411371237458194,1.0,0.5087281795511222,204,394,0,1076,204,598
hourly_max,M3_weather_ridge,31.0,28.05,0.3475298126064736,1.0,0.515802781289507,204,383,0,1087,204,587
hourly_max,M3_weather_ridge,31.0,28.1,0.34991423670668953,1.0,0.5184243964421855,204,379,0,1091,204,583
hourly_max,M3_weather_ridge,31.0,28.15,0.35111876075731496,1.0,0.5197452229299363,204,377,0,1093,204,581
hourly_max,M3_weather_ridge,31.0,28.2,0.35478260869565215,1.0,0.5237483953786906,204,371,0,1099,204,575
hourly_max,M3_weather_ridge,31.0,28.25,0.3591549295774648,1.0,0.5284974093264249,204,364,0,1106,204,568
hourly_max,M3_weather_ridge,31.0,28.3,0.35978835978835977,1.0,0.5291828793774319,204,363,0,1107,204,567
hourly_max,M3_weather_ridge,31.0,28.35,0.36428571428571427,1.0,0.5340314136125655,204,356,0,1114,204,560
hourly_max,M3_weather_ridge,31.0,28.4,0.3655913978494624,1.0,0.5354330708661417,204,354,0,1116,204,558
hourly_max,M3_weather_ridge,31.0,28.45,0.3675675675675676,1.0,0.5375494071146245,204,351,0,1119,204,555
hourly_max,M3_weather_ridge,31.0,28.5,0.3709090909090909,1.0,0.5411140583554377,204,346,0,1124,204,550
hourly_max,M3_weather_ridge,31.0,28.55,0.3711151736745887,0.9950980392156863,0.5406125166444741,203,344,1,1126,204,547
hourly_max,M3_weather_ridge,31.0,28.6,0.3808630393996248,0.9950980392156863,0.5508819538670285,203,330,1,1140,204,533
hourly_max,M3_weather_ridge,31.0,28.65,0.38846153846153847,0.9901960784313726,0.5580110497237569,202,318,2,1152,204,520
hourly_max,M3_weather_ridge,31.0,28.7,0.396078431372549,0.9901960784313726,0.5658263305322129,202,308,2,1162,204,510
hourly_max,M3_weather_ridge,31.0,28.75,0.4007936507936508,0.9901960784313726,0.5706214689265537,202,302,2,1168,204,504
hourly_max,M3_weather_ridge,31.0,28.8,0.40480961923847697,0.9901960784313726,0.5746799431009958,202,297,2,1173,204,499
hourly_max,M3_weather_ridge,31.0,28.85,0.4098360655737705,0.9803921568627451,0.5780346820809249,200,288,4,1182,204,488
hourly_max,M3_weather_ridge,31.0,28.9,0.4192872117400419,0.9803921568627451,0.5873715124816447,200,277,4,1193,204,477
hourly_max,M3_weather_ridge,31.0,28.95,0.423728813559322,0.9803921568627451,0.591715976331361,200,272,4,1198,204,472
hourly_max,M3_weather_ridge,31.0,29.0,0.42643923240938164,0.9803921568627451,0.5943536404160475,200,269,4,1201,204,469
hourly_max,M3_weather_ridge,31.0,29.05,0.4270386266094421,0.9754901960784313,0.5940298507462687,199,267,5,1203,204,466
hourly_max,M3_weather_ridge,31.0,29.1,0.4326086956521739,0.9754901960784313,0.5993975903614458,199,261,5,1209,204,460
hourly_max,M3_weather_ridge,31.0,29.15,0.4342105263157895,0.9705882352941176,0.6000000000000001,198,258,6,1212,204,456
hourly_max,M3_weather_ridge,31.0,29.2,0.43902439024390244,0.9705882352941176,0.6045801526717557,198,253,6,1217,204,451
hourly_max,M3_weather_ridge,31.0,29.25,0.4449438202247191,0.9705882352941176,0.6101694915254237,198,247,6,1223,204,445
hourly_max,M3_weather_ridge,31.0,29.3,0.45080091533180777,0.9656862745098039,0.6146645865834632,197,240,7,1230,204,437
hourly_max,M3_weather_ridge,31.0,29.35,0.45707656612529,0.9656862745098039,0.6204724409448819,197,234,7,1236,204,431
hourly_max,M3_weather_ridge,31.0,29.4,0.45901639344262296,0.9607843137254902,0.6212361331220286,196,231,8,1239,204,427
hourly_max,M3_weather_ridge,31.0,29.45,0.46208530805687204,0.9558823529411765,0.623003194888179,195,227,9,1243,204,422
hourly_max,M3_weather_ridge,31.0,29.5,0.4676258992805755,0.9558823529411765,0.6280193236714976,195,222,9,1248,204,417
hourly_max,M3_weather_ridge,31.0,29.55,0.47101449275362317,0.9558823529411765,0.6310679611650486,195,219,9,1251,204,414
hourly_max,M3_weather_ridge,31.0,29.6,0.4744525547445255,0.9558823529411765,0.6341463414634148,195,216,9,1254,204,411
hourly_max,M3_weather_ridge,31.0,29.65,0.4899497487437186,0.9558823529411765,0.6478405315614618,195,203,9,1267,204,398
hourly_max,M3_weather_ridge,31.0,29.7,0.5,0.9558823529411765,0.6565656565656566,195,195,9,1275,204,390
hourly_max,M3_weather_ridge,31.0,29.75,0.5091383812010444,0.9558823529411765,0.6643952299829643,195,188,9,1282,204,383
hourly_max,M3_weather_ridge,31.0,29.8,0.5145118733509235,0.9558823529411765,0.6689536878216125,195,184,9,1286,204,379
hourly_max,M3_weather_ridge,31.0,29.85,0.529891304347826,0.9558823529411765,0.6818181818181818,195,173,9,1297,204,368
hourly_max,M3_weather_ridge,31.0,29.9,0.5378151260504201,0.9411764705882353,0.6844919786096255,192,165,12,1305,204,357
hourly_max,M3_weather_ridge,31.0,29.95,0.5517241379310345,0.9411764705882353,0.6956521739130435,192,156,12,1314,204,348
hourly_max,M3_weather_ridge,31.0,30.0,0.5552325581395349,0.9362745098039216,0.6970802919708029,191,153,13,1317,204,344
hourly_max,M3_weather_ridge,31.0,30.05,0.5671641791044776,0.9313725490196079,0.7050092764378478,190,145,14,1325,204,335
hourly_max,M3_weather_ridge,31.0,30.1,0.5727272727272728,0.9264705882352942,0.7078651685393258,189,141,15,1329,204,330
hourly_max,M3_weather_ridge,31.0,30.15,0.5875,0.9215686274509803,0.7175572519083969,188,132,16,1338,204,320
hourly_max,M3_weather_ridge,31.0,30.2,0.603225806451613,0.9166666666666666,0.7276264591439688,187,123,17,1347,204,310
hourly_max,M3_weather_ridge,31.0,30.25,0.6039603960396039,0.8970588235294118,0.7218934911242604,183,120,21,1350,204,303
hourly_max,M3_weather_ridge,31.0,30.3,0.6076388888888888,0.8578431372549019,0.7113821138211381,175,113,29,1357,204,288
hourly_max,M3_weather_ridge,31.0,30.35,0.6195652173913043,0.8382352941176471,0.7124999999999999,171,105,33,1365,204,276
hourly_max,M3_weather_ridge,31.0,30.4,0.6278195488721805,0.8186274509803921,0.7106382978723405,167,99,37,1371,204,266
hourly_max,M3_weather_ridge,31.0,30.45,0.6356589147286822,0.803921568627451,0.7099567099567099,164,94,40,1376,204,258
hourly_max,M3_weather_ridge,31.0,30.5,0.6392156862745098,0.7990196078431373,0.7102396514161219,163,92,41,1378,204,255
hourly_max,M3_weather_ridge,31.0,30.55,0.6504065040650406,0.7843137254901961,0.7111111111111111,160,86,44,1384,204,246
hourly_max,M3_weather_ridge,31.0,30.6,0.6638297872340425,0.7647058823529411,0.7107061503416855,156,79,48,1391,204,235
hourly_max,M3_weather_ridge,31.0,30.65,0.6830357142857143,0.75,0.7149532710280373,153,71,51,1399,204,224
hourly_max,M3_weather_ridge,31.0,30.7,0.6912442396313364,0.7352941176470589,0.7125890736342043,150,67,54,1403,204,217
hourly_max,M3_weather_ridge,31.0,30.75,0.6952380952380952,0.7156862745098039,0.7053140096618358,146,64,58,1406,204,210
hourly_max,M3_weather_ridge,31.0,30.8,0.6956521739130435,0.7058823529411765,0.7007299270072992,144,63,60,1407,204,207
hourly_max,M3_weather_ridge,31.0,30.85,0.689119170984456,0.6519607843137255,0.6700251889168766,133,60,71,1410,204,193
hourly_max,M3_weather_ridge,31.0,30.9,0.6850828729281768,0.6078431372549019,0.6441558441558441,124,57,80,1413,204,181
hourly_max,M3_weather_ridge,31.0,30.95,0.6783625730994152,0.5686274509803921,0.6186666666666666,116,55,88,1415,204,171
hourly_max,M3_weather_ridge,31.0,31.0,0.6730769230769231,0.5147058823529411,0.5833333333333334,105,51,99,1419,204,156
hourly_max,M3_weather_ridge,31.0,31.05,0.6834532374100719,0.46568627450980393,0.5539358600583091,95,44,109,1426,204,139
hourly_max,M3_weather_ridge,31.0,31.1,0.6910569105691057,0.4166666666666667,0.5198776758409785,85,38,119,1432,204,123
hourly_max,M3_weather_ridge,31.0,31.15,0.6923076923076923,0.35294117647058826,0.4675324675324675,72,32,132,1438,204,104
hourly_max,M3_weather_ridge,31.0,31.2,0.7011494252873564,0.29901960784313725,0.41924398625429554,61,26,143,1444,204,87
hourly_max,M3_weather_ridge,31.0,31.25,0.6911764705882353,0.23039215686274508,0.34558823529411764,47,21,157,1449,204,68
hourly_max,M3_weather_ridge,31.0,31.3,0.6724137931034483,0.19117647058823528,0.2977099236641221,39,19,165,1451,204,58
hourly_max,M3_weather_ridge,31.0,31.35,0.6730769230769231,0.1715686274509804,0.2734375,35,17,169,1453,204,52
hourly_max,M3_weather_ridge,31.0,31.4,0.7317073170731707,0.14705882352941177,0.24489795918367346,30,11,174,1459,204,41
hourly_max,M3_weather_ridge,31.0,31.45,0.7714285714285715,0.1323529411764706,0.2259414225941423,27,8,177,1462,204,35
hourly_max,M3_weather_ridge,31.0,31.5,0.76,0.09313725490196079,0.16593886462882096,19,6,185,1464,204,25
hourly_max,M3_weather_ridge,31.0,31.55,0.75,0.07352941176470588,0.13392857142857142,15,5,189,1465,204,20
hourly_max,M3_weather_ridge,31.0,31.6,0.7222222222222222,0.06372549019607843,0.1171171171171171,13,5,191,1465,204,18
hourly_max,M3_weather_ridge,31.0,31.65,0.6875,0.05392156862745098,0.09999999999999999,11,5,193,1465,204,16
hourly_max,M3_weather_ridge,31.0,31.7,0.7333333333333333,0.05392156862745098,0.1004566210045662,11,4,193,1466,204,15
hourly_max,M3_weather_ridge,31.0,31.75,0.75,0.04411764705882353,0.08333333333333334,9,3,195,1467,204,12
hourly_max,M3_weather_ridge,31.0,31.8,0.7272727272727273,0.0392156862745098,0.07441860465116279,8,3,196,1467,204,11
hourly_max,M3_weather_ridge,31.0,31.85,0.875,0.03431372549019608,0.06603773584905662,7,1,197,1469,204,8
hourly_max,M3_weather_ridge,31.0,31.9,0.8571428571428571,0.029411764705882353,0.05687203791469194,6,1,198,1469,204,7
hourly_max,M3_weather_ridge,31.0,31.95,0.8571428571428571,0.029411764705882353,0.05687203791469194,6,1,198,1469,204,7
hourly_max,M3_weather_ridge,31.0,32.0,1.0,0.029411764705882353,0.05714285714285715,6,0,198,1470,204,6
hourly_max,M3_weather_ridge,31.0,32.05,1.0,0.029411764705882353,0.05714285714285715,6,0,198,1470,204,6
hourly_max,M3_weather_ridge,31.0,32.1,1.0,0.029411764705882353,0.05714285714285715,6,0,198,1470,204,6
hourly_max,M3_weather_ridge,31.0,32.15,1.0,0.029411764705882353,0.05714285714285715,6,0,198,1470,204,6
hourly_max,M3_weather_ridge,31.0,32.2,1.0,0.029411764705882353,0.05714285714285715,6,0,198,1470,204,6
hourly_max,M3_weather_ridge,31.0,32.25,1.0,0.029411764705882353,0.05714285714285715,6,0,198,1470,204,6
hourly_max,M3_weather_ridge,31.0,32.3,1.0,0.029411764705882353,0.05714285714285715,6,0,198,1470,204,6
hourly_max,M3_weather_ridge,31.0,32.35,1.0,0.029411764705882353,0.05714285714285715,6,0,198,1470,204,6
hourly_max,M3_weather_ridge,31.0,32.4,1.0,0.029411764705882353,0.05714285714285715,6,0,198,1470,204,6
hourly_max,M3_weather_ridge,31.0,32.45,1.0,0.029411764705882353,0.05714285714285715,6,0,198,1470,204,6
hourly_max,M3_weather_ridge,31.0,32.5,1.0,0.029411764705882353,0.05714285714285715,6,0,198,1470,204,6
hourly_max,M3_weather_ridge,31.0,32.55,1.0,0.029411764705882353,0.05714285714285715,6,0,198,1470,204,6
hourly_max,M3_weather_ridge,31.0,32.6,1.0,0.029411764705882353,0.05714285714285715,6,0,198,1470,204,6
hourly_max,M3_weather_ridge,31.0,32.65,1.0,0.029411764705882353,0.05714285714285715,6,0,198,1470,204,6
hourly_max,M3_weather_ridge,31.0,32.7,1.0,0.029411764705882353,0.05714285714285715,6,0,198,1470,204,6
hourly_max,M3_weather_ridge,31.0,32.75,1.0,0.029411764705882353,0.05714285714285715,6,0,198,1470,204,6
hourly_max,M3_weather_ridge,31.0,32.8,1.0,0.029411764705882353,0.05714285714285715,6,0,198,1470,204,6
hourly_max,M3_weather_ridge,31.0,32.85,1.0,0.029411764705882353,0.05714285714285715,6,0,198,1470,204,6
hourly_max,M3_weather_ridge,31.0,32.9,1.0,0.029411764705882353,0.05714285714285715,6,0,198,1470,204,6
hourly_max,M3_weather_ridge,31.0,32.95,1.0,0.024509803921568627,0.04784688995215312,5,0,199,1470,204,5
hourly_max,M3_weather_ridge,31.0,33.0,1.0,0.024509803921568627,0.04784688995215312,5,0,199,1470,204,5
hourly_max,M3_weather_ridge,31.0,33.05,1.0,0.014705882352941176,0.028985507246376812,3,0,201,1470,204,3
hourly_max,M3_weather_ridge,31.0,33.1,,0.0,,0,0,204,1470,204,0
hourly_max,M3_weather_ridge,31.0,33.15,,0.0,,0,0,204,1470,204,0
hourly_max,M3_weather_ridge,31.0,33.2,,0.0,,0,0,204,1470,204,0
hourly_max,M3_weather_ridge,31.0,33.25,,0.0,,0,0,204,1470,204,0
hourly_max,M3_weather_ridge,31.0,33.3,,0.0,,0,0,204,1470,204,0
hourly_max,M3_weather_ridge,31.0,33.35,,0.0,,0,0,204,1470,204,0
hourly_max,M3_weather_ridge,31.0,33.4,,0.0,,0,0,204,1470,204,0
hourly_max,M3_weather_ridge,31.0,33.45,,0.0,,0,0,204,1470,204,0
hourly_max,M3_weather_ridge,31.0,33.5,,0.0,,0,0,204,1470,204,0
hourly_max,M3_weather_ridge,31.0,33.55,,0.0,,0,0,204,1470,204,0
hourly_max,M3_weather_ridge,31.0,33.6,,0.0,,0,0,204,1470,204,0
hourly_max,M3_weather_ridge,31.0,33.65,,0.0,,0,0,204,1470,204,0
hourly_max,M3_weather_ridge,31.0,33.7,,0.0,,0,0,204,1470,204,0
hourly_max,M3_weather_ridge,31.0,33.75,,0.0,,0,0,204,1470,204,0
hourly_max,M3_weather_ridge,31.0,33.8,,0.0,,0,0,204,1470,204,0
hourly_max,M3_weather_ridge,31.0,33.85,,0.0,,0,0,204,1470,204,0
hourly_max,M3_weather_ridge,31.0,33.9,,0.0,,0,0,204,1470,204,0
hourly_max,M3_weather_ridge,31.0,33.95,,0.0,,0,0,204,1470,204,0
hourly_max,M3_weather_ridge,31.0,34.0,,0.0,,0,0,204,1470,204,0
hourly_max,M4_inertia_ridge,31.0,27.0,0.28772919605077574,1.0,0.4468784227820372,204,505,0,965,204,709
hourly_max,M4_inertia_ridge,31.0,27.05,0.2935251798561151,1.0,0.45383759733036705,204,491,0,979,204,695
hourly_max,M4_inertia_ridge,31.0,27.1,0.2956521739130435,1.0,0.4563758389261745,204,486,0,984,204,690
hourly_max,M4_inertia_ridge,31.0,27.15,0.2982456140350877,1.0,0.45945945945945943,204,480,0,990,204,684
hourly_max,M4_inertia_ridge,31.0,27.2,0.3022222222222222,1.0,0.4641638225255973,204,471,0,999,204,675
hourly_max,M4_inertia_ridge,31.0,27.25,0.3031203566121842,1.0,0.4652223489167616,204,469,0,1001,204,673
hourly_max,M4_inertia_ridge,31.0,27.3,0.30493273542600896,1.0,0.46735395189003437,204,465,0,1005,204,669
hourly_max,M4_inertia_ridge,31.0,27.35,0.3081570996978852,1.0,0.47113163972286376,204,458,0,1012,204,662
hourly_max,M4_inertia_ridge,31.0,27.4,0.3124042879019908,1.0,0.47607934655775963,204,449,0,1021,204,653
hourly_max,M4_inertia_ridge,31.0,27.45,0.31627906976744186,1.0,0.480565371024735,204,441,0,1029,204,645
hourly_max,M4_inertia_ridge,31.0,27.5,0.32125984251968503,1.0,0.48629320619785454,204,431,0,1039,204,635
hourly_max,M4_inertia_ridge,31.0,27.55,0.3264,1.0,0.49215922798552475,204,421,0,1049,204,625
hourly_max,M4_inertia_ridge,31.0,27.6,0.33116883116883117,1.0,0.4975609756097561,204,412,0,1058,204,616
hourly_max,M4_inertia_ridge,31.0,27.65,0.33607907742998355,1.0,0.5030826140567202,204,403,0,1067,204,607
hourly_max,M4_inertia_ridge,31.0,27.7,0.33774834437086093,1.0,0.504950495049505,204,400,0,1070,204,604
hourly_max,M4_inertia_ridge,31.0,27.75,0.33774834437086093,1.0,0.504950495049505,204,400,0,1070,204,604
hourly_max,M4_inertia_ridge,31.0,27.8,0.34056761268781305,1.0,0.5080946450809465,204,395,0,1075,204,599
hourly_max,M4_inertia_ridge,31.0,27.85,0.34576271186440677,1.0,0.5138539042821159,204,386,0,1084,204,590
hourly_max,M4_inertia_ridge,31.0,27.9,0.3463497453310696,1.0,0.5145018915510718,204,385,0,1085,204,589
hourly_max,M4_inertia_ridge,31.0,27.95,0.3469387755102041,1.0,0.5151515151515151,204,384,0,1086,204,588
hourly_max,M4_inertia_ridge,31.0,28.0,0.34991423670668953,1.0,0.5184243964421855,204,379,0,1091,204,583
hourly_max,M4_inertia_ridge,31.0,28.05,0.35602094240837695,1.0,0.5250965250965252,204,369,0,1101,204,573
hourly_max,M4_inertia_ridge,31.0,28.1,0.35602094240837695,1.0,0.5250965250965252,204,369,0,1101,204,573
hourly_max,M4_inertia_ridge,31.0,28.15,0.3591549295774648,1.0,0.5284974093264249,204,364,0,1106,204,568
hourly_max,M4_inertia_ridge,31.0,28.2,0.36363636363636365,1.0,0.5333333333333333,204,357,0,1113,204,561
hourly_max,M4_inertia_ridge,31.0,28.25,0.36363636363636365,1.0,0.5333333333333333,204,357,0,1113,204,561
hourly_max,M4_inertia_ridge,31.0,28.3,0.36428571428571427,1.0,0.5340314136125655,204,356,0,1114,204,560
hourly_max,M4_inertia_ridge,31.0,28.35,0.3655913978494624,1.0,0.5354330708661417,204,354,0,1116,204,558
hourly_max,M4_inertia_ridge,31.0,28.4,0.36624775583482944,1.0,0.5361366622864652,204,353,0,1117,204,557
hourly_max,M4_inertia_ridge,31.0,28.45,0.36823104693140796,1.0,0.5382585751978892,204,350,0,1120,204,554
hourly_max,M4_inertia_ridge,31.0,28.5,0.3695652173913043,1.0,0.5396825396825397,204,348,0,1122,204,552
hourly_max,M4_inertia_ridge,31.0,28.55,0.3743119266055046,1.0,0.5447263017356475,204,341,0,1129,204,545
hourly_max,M4_inertia_ridge,31.0,28.6,0.3813084112149533,1.0,0.5520974289580514,204,331,0,1139,204,535
hourly_max,M4_inertia_ridge,31.0,28.65,0.384180790960452,1.0,0.5551020408163265,204,327,0,1143,204,531
hourly_max,M4_inertia_ridge,31.0,28.7,0.38857142857142857,1.0,0.5596707818930041,204,321,0,1149,204,525
hourly_max,M4_inertia_ridge,31.0,28.75,0.39264990328820115,0.9950980392156863,0.5631067961165048,203,314,1,1156,204,517
hourly_max,M4_inertia_ridge,31.0,28.8,0.3972602739726027,0.9950980392156863,0.5678321678321678,203,308,1,1162,204,511
hourly_max,M4_inertia_ridge,31.0,28.85,0.40763052208835343,0.9950980392156863,0.5783475783475783,203,295,1,1175,204,498
hourly_max,M4_inertia_ridge,31.0,28.9,0.4161490683229814,0.9852941176470589,0.5851528384279476,201,282,3,1188,204,483
hourly_max,M4_inertia_ridge,31.0,28.95,0.423728813559322,0.9803921568627451,0.591715976331361,200,272,4,1198,204,472
hourly_max,M4_inertia_ridge,31.0,29.0,0.42795698924731185,0.9754901960784313,0.5949177877428999,199,266,5,1204,204,465
hourly_max,M4_inertia_ridge,31.0,29.05,0.43013100436681223,0.9656862745098039,0.595166163141994,197,261,7,1209,204,458
hourly_max,M4_inertia_ridge,31.0,29.1,0.43171806167400884,0.9607843137254902,0.5957446808510639,196,258,8,1212,204,454
hourly_max,M4_inertia_ridge,31.0,29.15,0.43458980044345896,0.9607843137254902,0.598473282442748,196,255,8,1215,204,451
hourly_max,M4_inertia_ridge,31.0,29.2,0.44419134396355353,0.9558823529411765,0.6065318818040436,195,244,9,1226,204,439
hourly_max,M4_inertia_ridge,31.0,29.25,0.45348837209302323,0.9558823529411765,0.6151419558359621,195,235,9,1235,204,430
hourly_max,M4_inertia_ridge,31.0,29.3,0.46208530805687204,0.9558823529411765,0.623003194888179,195,227,9,1243,204,422
hourly_max,M4_inertia_ridge,31.0,29.35,0.4665071770334928,0.9558823529411765,0.6270096463022508,195,223,9,1247,204,418
hourly_max,M4_inertia_ridge,31.0,29.4,0.4744525547445255,0.9558823529411765,0.6341463414634148,195,216,9,1254,204,411
hourly_max,M4_inertia_ridge,31.0,29.45,0.47794117647058826,0.9558823529411765,0.6372549019607844,195,213,9,1257,204,408
hourly_max,M4_inertia_ridge,31.0,29.5,0.48872180451127817,0.9558823529411765,0.6467661691542289,195,204,9,1266,204,399
hourly_max,M4_inertia_ridge,31.0,29.55,0.49872122762148335,0.9558823529411765,0.6554621848739496,195,196,9,1274,204,391
hourly_max,M4_inertia_ridge,31.0,29.6,0.5078125,0.9558823529411765,0.6632653061224489,195,189,9,1281,204,384
hourly_max,M4_inertia_ridge,31.0,29.65,0.5158730158730159,0.9558823529411765,0.6701030927835052,195,183,9,1287,204,378
hourly_max,M4_inertia_ridge,31.0,29.7,0.52,0.9558823529411765,0.6735751295336788,195,180,9,1290,204,375
hourly_max,M4_inertia_ridge,31.0,29.75,0.5227882037533512,0.9558823529411765,0.6759098786828424,195,178,9,1292,204,373
hourly_max,M4_inertia_ridge,31.0,29.8,0.5256064690026954,0.9558823529411765,0.6782608695652174,195,176,9,1294,204,371
hourly_max,M4_inertia_ridge,31.0,29.85,0.5431754874651811,0.9558823529411765,0.6927175843694494,195,164,9,1306,204,359
hourly_max,M4_inertia_ridge,31.0,29.9,0.547752808988764,0.9558823529411765,0.6964285714285713,195,161,9,1309,204,356
hourly_max,M4_inertia_ridge,31.0,29.95,0.5464788732394367,0.9509803921568627,0.6940966010733454,194,161,10,1309,204,355
hourly_max,M4_inertia_ridge,31.0,30.0,0.5488505747126436,0.9362745098039216,0.6920289855072463,191,157,13,1313,204,348
hourly_max,M4_inertia_ridge,31.0,30.05,0.5579268292682927,0.8970588235294118,0.6879699248120302,183,145,21,1325,204,328
hourly_max,M4_inertia_ridge,31.0,30.1,0.5659163987138264,0.8627450980392157,0.6834951456310678,176,135,28,1335,204,311
hourly_max,M4_inertia_ridge,31.0,30.15,0.5770491803278689,0.8627450980392157,0.6915520628683695,176,129,28,1341,204,305
hourly_max,M4_inertia_ridge,31.0,30.2,0.5813953488372093,0.8578431372549019,0.6930693069306931,175,126,29,1344,204,301
hourly_max,M4_inertia_ridge,31.0,30.25,0.5878378378378378,0.8529411764705882,0.696,174,122,30,1348,204,296
hourly_max,M4_inertia_ridge,31.0,30.3,0.5902777777777778,0.8333333333333334,0.6910569105691058,170,118,34,1352,204,288
hourly_max,M4_inertia_ridge,31.0,30.35,0.5928571428571429,0.8137254901960784,0.6859504132231405,166,114,38,1356,204,280
hourly_max,M4_inertia_ridge,31.0,30.4,0.6036363636363636,0.8137254901960784,0.6931106471816284,166,109,38,1361,204,275
hourly_max,M4_inertia_ridge,31.0,30.45,0.6150943396226415,0.7990196078431373,0.6950959488272922,163,102,41,1368,204,265
hourly_max,M4_inertia_ridge,31.0,30.5,0.6313725490196078,0.7892156862745098,0.701525054466231,161,94,43,1376,204,255
hourly_max,M4_inertia_ridge,31.0,30.55,0.6345381526104418,0.7745098039215687,0.6975717439293598,158,91,46,1379,204,249
hourly_max,M4_inertia_ridge,31.0,30.6,0.6666666666666666,0.7745098039215687,0.7165532879818594,158,79,46,1391,204,237
hourly_max,M4_inertia_ridge,31.0,30.65,0.6738197424892703,0.7696078431372549,0.7185354691075515,157,76,47,1394,204,233
hourly_max,M4_inertia_ridge,31.0,30.7,0.6826086956521739,0.7696078431372549,0.7235023041474655,157,73,47,1397,204,230
hourly_max,M4_inertia_ridge,31.0,30.75,0.6756756756756757,0.7352941176470589,0.7042253521126761,150,72,54,1398,204,222
hourly_max,M4_inertia_ridge,31.0,30.8,0.6666666666666666,0.696078431372549,0.6810551558752996,142,71,62,1399,204,213
hourly_max,M4_inertia_ridge,31.0,30.85,0.6747572815533981,0.6813725490196079,0.6780487804878048,139,67,65,1403,204,206
hourly_max,M4_inertia_ridge,31.0,30.9,0.6736842105263158,0.6274509803921569,0.6497461928934011,128,62,76,1408,204,190
hourly_max,M4_inertia_ridge,31.0,30.95,0.6813186813186813,0.6078431372549019,0.6424870466321244,124,58,80,1412,204,182
hourly_max,M4_inertia_ridge,31.0,31.0,0.6818181818181818,0.5882352941176471,0.631578947368421,120,56,84,1414,204,176
hourly_max,M4_inertia_ridge,31.0,31.05,0.675,0.5294117647058824,0.5934065934065933,108,52,96,1418,204,160
hourly_max,M4_inertia_ridge,31.0,31.1,0.6690140845070423,0.46568627450980393,0.5491329479768786,95,47,109,1423,204,142
hourly_max,M4_inertia_ridge,31.0,31.15,0.6639344262295082,0.39705882352941174,0.4969325153374233,81,41,123,1429,204,122
hourly_max,M4_inertia_ridge,31.0,31.2,0.7027027027027027,0.38235294117647056,0.4952380952380953,78,33,126,1437,204,111
hourly_max,M4_inertia_ridge,31.0,31.25,0.74,0.3627450980392157,0.48684210526315785,74,26,130,1444,204,100
hourly_max,M4_inertia_ridge,31.0,31.3,0.7142857142857143,0.31862745098039214,0.44067796610169496,65,26,139,1444,204,91
hourly_max,M4_inertia_ridge,31.0,31.35,0.6756756756756757,0.24509803921568626,0.3597122302158273,50,24,154,1446,204,74
hourly_max,M4_inertia_ridge,31.0,31.4,0.6865671641791045,0.22549019607843138,0.33948339483394835,46,21,158,1449,204,67
hourly_max,M4_inertia_ridge,31.0,31.45,0.6666666666666666,0.17647058823529413,0.27906976744186046,36,18,168,1452,204,54
hourly_max,M4_inertia_ridge,31.0,31.5,0.6862745098039216,0.1715686274509804,0.2745098039215686,35,16,169,1454,204,51
hourly_max,M4_inertia_ridge,31.0,31.55,0.6956521739130435,0.1568627450980392,0.256,32,14,172,1456,204,46
hourly_max,M4_inertia_ridge,31.0,31.6,0.675,0.1323529411764706,0.22131147540983606,27,13,177,1457,204,40
hourly_max,M4_inertia_ridge,31.0,31.65,0.76,0.09313725490196079,0.16593886462882096,19,6,185,1464,204,25
hourly_max,M4_inertia_ridge,31.0,31.7,0.7647058823529411,0.06372549019607843,0.1176470588235294,13,4,191,1466,204,17
hourly_max,M4_inertia_ridge,31.0,31.75,0.8,0.058823529411764705,0.1095890410958904,12,3,192,1467,204,15
hourly_max,M4_inertia_ridge,31.0,31.8,0.8,0.058823529411764705,0.1095890410958904,12,3,192,1467,204,15
hourly_max,M4_inertia_ridge,31.0,31.85,0.8888888888888888,0.0392156862745098,0.07511737089201878,8,1,196,1469,204,9
hourly_max,M4_inertia_ridge,31.0,31.9,0.875,0.03431372549019608,0.06603773584905662,7,1,197,1469,204,8
hourly_max,M4_inertia_ridge,31.0,31.95,0.8571428571428571,0.029411764705882353,0.05687203791469194,6,1,198,1469,204,7
hourly_max,M4_inertia_ridge,31.0,32.0,1.0,0.029411764705882353,0.05714285714285715,6,0,198,1470,204,6
hourly_max,M4_inertia_ridge,31.0,32.05,1.0,0.0196078431372549,0.038461538461538464,4,0,200,1470,204,4
hourly_max,M4_inertia_ridge,31.0,32.1,,0.0,,0,0,204,1470,204,0
hourly_max,M4_inertia_ridge,31.0,32.15,,0.0,,0,0,204,1470,204,0
hourly_max,M4_inertia_ridge,31.0,32.2,,0.0,,0,0,204,1470,204,0
hourly_max,M4_inertia_ridge,31.0,32.25,,0.0,,0,0,204,1470,204,0
hourly_max,M4_inertia_ridge,31.0,32.3,,0.0,,0,0,204,1470,204,0
hourly_max,M4_inertia_ridge,31.0,32.35,,0.0,,0,0,204,1470,204,0
hourly_max,M4_inertia_ridge,31.0,32.4,,0.0,,0,0,204,1470,204,0
hourly_max,M4_inertia_ridge,31.0,32.45,,0.0,,0,0,204,1470,204,0
hourly_max,M4_inertia_ridge,31.0,32.5,,0.0,,0,0,204,1470,204,0
hourly_max,M4_inertia_ridge,31.0,32.55,,0.0,,0,0,204,1470,204,0
hourly_max,M4_inertia_ridge,31.0,32.6,,0.0,,0,0,204,1470,204,0
hourly_max,M4_inertia_ridge,31.0,32.65,,0.0,,0,0,204,1470,204,0
hourly_max,M4_inertia_ridge,31.0,32.7,,0.0,,0,0,204,1470,204,0
hourly_max,M4_inertia_ridge,31.0,32.75,,0.0,,0,0,204,1470,204,0
hourly_max,M4_inertia_ridge,31.0,32.8,,0.0,,0,0,204,1470,204,0
hourly_max,M4_inertia_ridge,31.0,32.85,,0.0,,0,0,204,1470,204,0
hourly_max,M4_inertia_ridge,31.0,32.9,,0.0,,0,0,204,1470,204,0
hourly_max,M4_inertia_ridge,31.0,32.95,,0.0,,0,0,204,1470,204,0
hourly_max,M4_inertia_ridge,31.0,33.0,,0.0,,0,0,204,1470,204,0
hourly_max,M4_inertia_ridge,31.0,33.05,,0.0,,0,0,204,1470,204,0
hourly_max,M4_inertia_ridge,31.0,33.1,,0.0,,0,0,204,1470,204,0
hourly_max,M4_inertia_ridge,31.0,33.15,,0.0,,0,0,204,1470,204,0
hourly_max,M4_inertia_ridge,31.0,33.2,,0.0,,0,0,204,1470,204,0
hourly_max,M4_inertia_ridge,31.0,33.25,,0.0,,0,0,204,1470,204,0
hourly_max,M4_inertia_ridge,31.0,33.3,,0.0,,0,0,204,1470,204,0
hourly_max,M4_inertia_ridge,31.0,33.35,,0.0,,0,0,204,1470,204,0
hourly_max,M4_inertia_ridge,31.0,33.4,,0.0,,0,0,204,1470,204,0
hourly_max,M4_inertia_ridge,31.0,33.45,,0.0,,0,0,204,1470,204,0
hourly_max,M4_inertia_ridge,31.0,33.5,,0.0,,0,0,204,1470,204,0
hourly_max,M4_inertia_ridge,31.0,33.55,,0.0,,0,0,204,1470,204,0
hourly_max,M4_inertia_ridge,31.0,33.6,,0.0,,0,0,204,1470,204,0
hourly_max,M4_inertia_ridge,31.0,33.65,,0.0,,0,0,204,1470,204,0
hourly_max,M4_inertia_ridge,31.0,33.7,,0.0,,0,0,204,1470,204,0
hourly_max,M4_inertia_ridge,31.0,33.75,,0.0,,0,0,204,1470,204,0
hourly_max,M4_inertia_ridge,31.0,33.8,,0.0,,0,0,204,1470,204,0
hourly_max,M4_inertia_ridge,31.0,33.85,,0.0,,0,0,204,1470,204,0
hourly_max,M4_inertia_ridge,31.0,33.9,,0.0,,0,0,204,1470,204,0
hourly_max,M4_inertia_ridge,31.0,33.95,,0.0,,0,0,204,1470,204,0
hourly_max,M4_inertia_ridge,31.0,34.0,,0.0,,0,0,204,1470,204,0
hourly_max,M5_v10_morphology_ridge,31.0,27.0,0.2802197802197802,1.0,0.43776824034334766,204,524,0,946,204,728
hourly_max,M5_v10_morphology_ridge,31.0,27.05,0.2809917355371901,1.0,0.43870967741935485,204,522,0,948,204,726
hourly_max,M5_v10_morphology_ridge,31.0,27.1,0.281767955801105,1.0,0.4396551724137931,204,520,0,950,204,724
hourly_max,M5_v10_morphology_ridge,31.0,27.15,0.2857142857142857,1.0,0.4444444444444445,204,510,0,960,204,714
hourly_max,M5_v10_morphology_ridge,31.0,27.2,0.28895184135977336,1.0,0.44835164835164837,204,502,0,968,204,706
hourly_max,M5_v10_morphology_ridge,31.0,27.25,0.2926829268292683,1.0,0.45283018867924524,204,493,0,977,204,697
hourly_max,M5_v10_morphology_ridge,31.0,27.3,0.2943722943722944,1.0,0.4548494983277592,204,489,0,981,204,693
hourly_max,M5_v10_morphology_ridge,31.0,27.35,0.2982456140350877,1.0,0.45945945945945943,204,480,0,990,204,684
hourly_max,M5_v10_morphology_ridge,31.0,27.4,0.3031203566121842,1.0,0.4652223489167616,204,469,0,1001,204,673
hourly_max,M5_v10_morphology_ridge,31.0,27.45,0.3072289156626506,1.0,0.4700460829493087,204,460,0,1010,204,664
hourly_max,M5_v10_morphology_ridge,31.0,27.5,0.31627906976744186,1.0,0.480565371024735,204,441,0,1029,204,645
hourly_max,M5_v10_morphology_ridge,31.0,27.55,0.3238095238095238,1.0,0.4892086330935252,204,426,0,1044,204,630
hourly_max,M5_v10_morphology_ridge,31.0,27.6,0.3300970873786408,1.0,0.49635036496350365,204,414,0,1056,204,618
hourly_max,M5_v10_morphology_ridge,31.0,27.65,0.3300970873786408,1.0,0.49635036496350365,204,414,0,1056,204,618
hourly_max,M5_v10_morphology_ridge,31.0,27.7,0.33063209076175043,1.0,0.4969549330085262,204,413,0,1057,204,617
hourly_max,M5_v10_morphology_ridge,31.0,27.75,0.3322475570032573,1.0,0.49877750611246946,204,410,0,1060,204,614
hourly_max,M5_v10_morphology_ridge,31.0,27.8,0.33497536945812806,1.0,0.5018450184501845,204,405,0,1065,204,609
hourly_max,M5_v10_morphology_ridge,31.0,27.85,0.33774834437086093,1.0,0.504950495049505,204,400,0,1070,204,604
hourly_max,M5_v10_morphology_ridge,31.0,27.9,0.3434343434343434,1.0,0.5112781954887218,204,390,0,1080,204,594
hourly_max,M5_v10_morphology_ridge,31.0,27.95,0.3440134907251265,1.0,0.5119196988707654,204,389,0,1081,204,593
hourly_max,M5_v10_morphology_ridge,31.0,28.0,0.34517766497461927,1.0,0.5132075471698113,204,387,0,1083,204,591
hourly_max,M5_v10_morphology_ridge,31.0,28.05,0.34576271186440677,1.0,0.5138539042821159,204,386,0,1084,204,590
hourly_max,M5_v10_morphology_ridge,31.0,28.1,0.34576271186440677,1.0,0.5138539042821159,204,386,0,1084,204,590
hourly_max,M5_v10_morphology_ridge,31.0,28.15,0.35172413793103446,1.0,0.520408163265306,204,376,0,1094,204,580
hourly_max,M5_v10_morphology_ridge,31.0,28.2,0.3591549295774648,1.0,0.5284974093264249,204,364,0,1106,204,568
hourly_max,M5_v10_morphology_ridge,31.0,28.25,0.36428571428571427,1.0,0.5340314136125655,204,356,0,1114,204,560
hourly_max,M5_v10_morphology_ridge,31.0,28.3,0.3669064748201439,1.0,0.5368421052631579,204,352,0,1118,204,556
hourly_max,M5_v10_morphology_ridge,31.0,28.35,0.3722627737226277,1.0,0.5425531914893617,204,344,0,1126,204,548
hourly_max,M5_v10_morphology_ridge,31.0,28.4,0.37988826815642457,1.0,0.5506072874493927,204,333,0,1137,204,537
hourly_max,M5_v10_morphology_ridge,31.0,28.45,0.3804143126177024,0.9901960784313726,0.5496598639455782,202,329,2,1141,204,531
hourly_max,M5_v10_morphology_ridge,31.0,28.5,0.38846153846153847,0.9901960784313726,0.5580110497237569,202,318,2,1152,204,520
hourly_max,M5_v10_morphology_ridge,31.0,28.55,0.3937621832358674,0.9901960784313726,0.5634588563458856,202,311,2,1159,204,513
hourly_max,M5_v10_morphology_ridge,31.0,28.6,0.3968565815324165,0.9901960784313726,0.5666199158485273,202,307,2,1163,204,509
hourly_max,M5_v10_morphology_ridge,31.0,28.65,0.404,0.9901960784313726,0.5738636363636365,202,298,2,1172,204,500
hourly_max,M5_v10_morphology_ridge,31.0,28.7,0.40562248995983935,0.9901960784313726,0.5754985754985755,202,296,2,1174,204,498
hourly_max,M5_v10_morphology_ridge,31.0,28.75,0.40643863179074446,0.9901960784313726,0.5763195435092724,202,295,2,1175,204,497
hourly_max,M5_v10_morphology_ridge,31.0,28.8,0.40853658536585363,0.9852941176470589,0.5775862068965517,201,291,3,1179,204,492
hourly_max,M5_v10_morphology_ridge,31.0,28.85,0.4144329896907217,0.9852941176470589,0.5834542815674891,201,284,3,1186,204,485
hourly_max,M5_v10_morphology_ridge,31.0,28.9,0.4231578947368421,0.9852941176470589,0.5920471281296024,201,274,3,1196,204,475
hourly_max,M5_v10_morphology_ridge,31.0,28.95,0.43383947939262474,0.9803921568627451,0.6015037593984963,200,261,4,1209,204,461
hourly_max,M5_v10_morphology_ridge,31.0,29.0,0.45308924485125857,0.9705882352941176,0.6177847113884556,198,239,6,1231,204,437
hourly_max,M5_v10_morphology_ridge,31.0,29.05,0.4566744730679157,0.9558823529411765,0.6180665610142632,195,232,9,1238,204,427
hourly_max,M5_v10_morphology_ridge,31.0,29.1,0.4584323040380047,0.946078431372549,0.6175999999999999,193,228,11,1242,204,421
hourly_max,M5_v10_morphology_ridge,31.0,29.15,0.4729064039408867,0.9411764705882353,0.6295081967213114,192,214,12,1256,204,406
hourly_max,M5_v10_morphology_ridge,31.0,29.2,0.4833759590792839,0.9264705882352942,0.6352941176470588,189,202,15,1268,204,391
hourly_max,M5_v10_morphology_ridge,31.0,29.25,0.4921052631578947,0.9166666666666666,0.6404109589041096,187,193,17,1277,204,380
hourly_max,M5_v10_morphology_ridge,31.0,29.3,0.4904632152588556,0.8823529411764706,0.6304728546409807,180,187,24,1283,204,367
hourly_max,M5_v10_morphology_ridge,31.0,29.35,0.4931506849315068,0.8823529411764706,0.632688927943761,180,185,24,1285,204,365
hourly_max,M5_v10_morphology_ridge,31.0,29.4,0.4903581267217631,0.8725490196078431,0.6278659611992945,178,185,26,1285,204,363
hourly_max,M5_v10_morphology_ridge,31.0,29.45,0.4958217270194986,0.8725490196078431,0.6323268206039075,178,181,26,1289,204,359
hourly_max,M5_v10_morphology_ridge,31.0,29.5,0.5014084507042254,0.8725490196078431,0.6368515205724508,178,177,26,1293,204,355
hourly_max,M5_v10_morphology_ridge,31.0,29.55,0.5129682997118156,0.8725490196078431,0.646098003629764,178,169,26,1301,204,347
hourly_max,M5_v10_morphology_ridge,31.0,29.6,0.5130434782608696,0.8676470588235294,0.644808743169399,177,168,27,1302,204,345
hourly_max,M5_v10_morphology_ridge,31.0,29.65,0.5221238938053098,0.8676470588235294,0.6519337016574586,177,162,27,1308,204,339
hourly_max,M5_v10_morphology_ridge,31.0,29.7,0.5379939209726444,0.8676470588235294,0.6641651031894934,177,152,27,1318,204,329
hourly_max,M5_v10_morphology_ridge,31.0,29.75,0.5429447852760736,0.8676470588235294,0.6679245283018868,177,149,27,1321,204,326
hourly_max,M5_v10_morphology_ridge,31.0,29.8,0.5446153846153846,0.8676470588235294,0.6691871455576559,177,148,27,1322,204,325
hourly_max,M5_v10_morphology_ridge,31.0,29.85,0.5514018691588785,0.8676470588235294,0.6742857142857143,177,144,27,1326,204,321
hourly_max,M5_v10_morphology_ridge,31.0,29.9,0.5583596214511041,0.8676470588235294,0.6794625719769674,177,140,27,1330,204,317
hourly_max,M5_v10_morphology_ridge,31.0,29.95,0.5616883116883117,0.8480392156862745,0.67578125,173,135,31,1335,204,308
hourly_max,M5_v10_morphology_ridge,31.0,30.0,0.5864406779661017,0.8480392156862745,0.6933867735470942,173,122,31,1348,204,295
hourly_max,M5_v10_morphology_ridge,31.0,30.05,0.5972222222222222,0.8431372549019608,0.6991869918699186,172,116,32,1354,204,288
hourly_max,M5_v10_morphology_ridge,31.0,30.1,0.602112676056338,0.8382352941176471,0.7008196721311475,171,113,33,1357,204,284
hourly_max,M5_v10_morphology_ridge,31.0,30.15,0.6129032258064516,0.8382352941176471,0.7080745341614907,171,108,33,1362,204,279
hourly_max,M5_v10_morphology_ridge,31.0,30.2,0.6181818181818182,0.8333333333333334,0.7098121085594988,170,105,34,1365,204,275
hourly_max,M5_v10_morphology_ridge,31.0,30.25,0.6204379562043796,0.8333333333333334,0.7112970711297072,170,104,34,1366,204,274
hourly_max,M5_v10_morphology_ridge,31.0,30.3,0.6194029850746269,0.8137254901960784,0.7033898305084746,166,102,38,1368,204,268
hourly_max,M5_v10_morphology_ridge,31.0,30.35,0.6259541984732825,0.803921568627451,0.703862660944206,164,98,40,1372,204,262
hourly_max,M5_v10_morphology_ridge,31.0,30.4,0.624,0.7647058823529411,0.6872246696035241,156,94,48,1376,204,250
hourly_max,M5_v10_morphology_ridge,31.0,30.45,0.6329113924050633,0.7352941176470589,0.6802721088435374,150,87,54,1383,204,237
hourly_max,M5_v10_morphology_ridge,31.0,30.5,0.6425339366515838,0.696078431372549,0.668235294117647,142,79,62,1391,204,221
hourly_max,M5_v10_morphology_ridge,31.0,30.55,0.6618357487922706,0.6715686274509803,0.6666666666666666,137,70,67,1400,204,207
hourly_max,M5_v10_morphology_ridge,31.0,30.6,0.6666666666666666,0.6666666666666666,0.6666666666666666,136,68,68,1402,204,204
hourly_max,M5_v10_morphology_ridge,31.0,30.65,0.6650246305418719,0.6617647058823529,0.6633906633906634,135,68,69,1402,204,203
hourly_max,M5_v10_morphology_ridge,31.0,30.7,0.67,0.6568627450980392,0.6633663366336634,134,66,70,1404,204,200
hourly_max,M5_v10_morphology_ridge,31.0,30.75,0.6802030456852792,0.6568627450980392,0.6683291770573566,134,63,70,1407,204,197
hourly_max,M5_v10_morphology_ridge,31.0,30.8,0.6914893617021277,0.6372549019607843,0.663265306122449,130,58,74,1412,204,188
hourly_max,M5_v10_morphology_ridge,31.0,30.85,0.6966292134831461,0.6078431372549019,0.6492146596858639,124,54,80,1416,204,178
hourly_max,M5_v10_morphology_ridge,31.0,30.9,0.7125748502994012,0.5833333333333334,0.6415094339622641,119,48,85,1422,204,167
hourly_max,M5_v10_morphology_ridge,31.0,30.95,0.7151515151515152,0.5784313725490197,0.6395663956639567,118,47,86,1423,204,165
hourly_max,M5_v10_morphology_ridge,31.0,31.0,0.7222222222222222,0.5735294117647058,0.639344262295082,117,45,87,1425,204,162
hourly_max,M5_v10_morphology_ridge,31.0,31.05,0.7290322580645161,0.553921568627451,0.6295264623955431,113,42,91,1428,204,155
hourly_max,M5_v10_morphology_ridge,31.0,31.1,0.7333333333333333,0.5392156862745098,0.6214689265536723,110,40,94,1430,204,150
hourly_max,M5_v10_morphology_ridge,31.0,31.15,0.7414965986394558,0.5343137254901961,0.6210826210826211,109,38,95,1432,204,147
hourly_max,M5_v10_morphology_ridge,31.0,31.2,0.7338129496402878,0.5,0.5947521865889214,102,37,102,1433,204,139
hourly_max,M5_v10_morphology_ridge,31.0,31.25,0.7313432835820896,0.4803921568627451,0.5798816568047338,98,36,106,1434,204,134
hourly_max,M5_v10_morphology_ridge,31.0,31.3,0.7301587301587301,0.45098039215686275,0.5575757575757576,92,34,112,1436,204,126
hourly_max,M5_v10_morphology_ridge,31.0,31.35,0.7142857142857143,0.4166666666666667,0.5263157894736842,85,34,119,1436,204,119
hourly_max,M5_v10_morphology_ridge,31.0,31.4,0.7272727272727273,0.39215686274509803,0.5095541401273885,80,30,124,1440,204,110
hourly_max,M5_v10_morphology_ridge,31.0,31.45,0.7216494845360825,0.3431372549019608,0.46511627906976744,70,27,134,1443,204,97
hourly_max,M5_v10_morphology_ridge,31.0,31.5,0.7065217391304348,0.31862745098039214,0.43918918918918914,65,27,139,1443,204,92
hourly_max,M5_v10_morphology_ridge,31.0,31.55,0.675,0.2647058823529412,0.38028169014084506,54,26,150,1444,204,80
hourly_max,M5_v10_morphology_ridge,31.0,31.6,0.6615384615384615,0.2107843137254902,0.3197026022304833,43,22,161,1448,204,65
hourly_max,M5_v10_morphology_ridge,31.0,31.65,0.639344262295082,0.19117647058823528,0.2943396226415094,39,22,165,1448,204,61
hourly_max,M5_v10_morphology_ridge,31.0,31.7,0.6415094339622641,0.16666666666666666,0.26459143968871596,34,19,170,1451,204,53
hourly_max,M5_v10_morphology_ridge,31.0,31.75,0.6428571428571429,0.1323529411764706,0.21951219512195122,27,15,177,1455,204,42
hourly_max,M5_v10_morphology_ridge,31.0,31.8,0.6774193548387096,0.10294117647058823,0.17872340425531916,21,10,183,1460,204,31
hourly_max,M5_v10_morphology_ridge,31.0,31.85,0.6923076923076923,0.08823529411764706,0.1565217391304348,18,8,186,1462,204,26
hourly_max,M5_v10_morphology_ridge,31.0,31.9,0.7083333333333334,0.08333333333333333,0.14912280701754385,17,7,187,1463,204,24
hourly_max,M5_v10_morphology_ridge,31.0,31.95,0.7058823529411765,0.058823529411764705,0.1085972850678733,12,5,192,1465,204,17
hourly_max,M5_v10_morphology_ridge,31.0,32.0,0.6666666666666666,0.049019607843137254,0.09132420091324199,10,5,194,1465,204,15
hourly_max,M5_v10_morphology_ridge,31.0,32.05,0.625,0.024509803921568627,0.04716981132075471,5,3,199,1467,204,8
hourly_max,M5_v10_morphology_ridge,31.0,32.1,0.25,0.004901960784313725,0.009615384615384616,1,3,203,1467,204,4
hourly_max,M5_v10_morphology_ridge,31.0,32.15,0.0,0.0,,0,3,204,1467,204,3
hourly_max,M5_v10_morphology_ridge,31.0,32.2,0.0,0.0,,0,3,204,1467,204,3
hourly_max,M5_v10_morphology_ridge,31.0,32.25,0.0,0.0,,0,1,204,1469,204,1
hourly_max,M5_v10_morphology_ridge,31.0,32.3,,0.0,,0,0,204,1470,204,0
hourly_max,M5_v10_morphology_ridge,31.0,32.35,,0.0,,0,0,204,1470,204,0
hourly_max,M5_v10_morphology_ridge,31.0,32.4,,0.0,,0,0,204,1470,204,0
hourly_max,M5_v10_morphology_ridge,31.0,32.45,,0.0,,0,0,204,1470,204,0
hourly_max,M5_v10_morphology_ridge,31.0,32.5,,0.0,,0,0,204,1470,204,0
hourly_max,M5_v10_morphology_ridge,31.0,32.55,,0.0,,0,0,204,1470,204,0
hourly_max,M5_v10_morphology_ridge,31.0,32.6,,0.0,,0,0,204,1470,204,0
hourly_max,M5_v10_morphology_ridge,31.0,32.65,,0.0,,0,0,204,1470,204,0
hourly_max,M5_v10_morphology_ridge,31.0,32.7,,0.0,,0,0,204,1470,204,0
hourly_max,M5_v10_morphology_ridge,31.0,32.75,,0.0,,0,0,204,1470,204,0
hourly_max,M5_v10_morphology_ridge,31.0,32.8,,0.0,,0,0,204,1470,204,0
hourly_max,M5_v10_morphology_ridge,31.0,32.85,,0.0,,0,0,204,1470,204,0
hourly_max,M5_v10_morphology_ridge,31.0,32.9,,0.0,,0,0,204,1470,204,0
hourly_max,M5_v10_morphology_ridge,31.0,32.95,,0.0,,0,0,204,1470,204,0
hourly_max,M5_v10_morphology_ridge,31.0,33.0,,0.0,,0,0,204,1470,204,0
hourly_max,M5_v10_morphology_ridge,31.0,33.05,,0.0,,0,0,204,1470,204,0
hourly_max,M5_v10_morphology_ridge,31.0,33.1,,0.0,,0,0,204,1470,204,0
hourly_max,M5_v10_morphology_ridge,31.0,33.15,,0.0,,0,0,204,1470,204,0
hourly_max,M5_v10_morphology_ridge,31.0,33.2,,0.0,,0,0,204,1470,204,0
hourly_max,M5_v10_morphology_ridge,31.0,33.25,,0.0,,0,0,204,1470,204,0
hourly_max,M5_v10_morphology_ridge,31.0,33.3,,0.0,,0,0,204,1470,204,0
hourly_max,M5_v10_morphology_ridge,31.0,33.35,,0.0,,0,0,204,1470,204,0
hourly_max,M5_v10_morphology_ridge,31.0,33.4,,0.0,,0,0,204,1470,204,0
hourly_max,M5_v10_morphology_ridge,31.0,33.45,,0.0,,0,0,204,1470,204,0
hourly_max,M5_v10_morphology_ridge,31.0,33.5,,0.0,,0,0,204,1470,204,0
hourly_max,M5_v10_morphology_ridge,31.0,33.55,,0.0,,0,0,204,1470,204,0
hourly_max,M5_v10_morphology_ridge,31.0,33.6,,0.0,,0,0,204,1470,204,0
hourly_max,M5_v10_morphology_ridge,31.0,33.65,,0.0,,0,0,204,1470,204,0
hourly_max,M5_v10_morphology_ridge,31.0,33.7,,0.0,,0,0,204,1470,204,0
hourly_max,M5_v10_morphology_ridge,31.0,33.75,,0.0,,0,0,204,1470,204,0
hourly_max,M5_v10_morphology_ridge,31.0,33.8,,0.0,,0,0,204,1470,204,0
hourly_max,M5_v10_morphology_ridge,31.0,33.85,,0.0,,0,0,204,1470,204,0
hourly_max,M5_v10_morphology_ridge,31.0,33.9,,0.0,,0,0,204,1470,204,0
hourly_max,M5_v10_morphology_ridge,31.0,33.95,,0.0,,0,0,204,1470,204,0
hourly_max,M5_v10_morphology_ridge,31.0,34.0,,0.0,,0,0,204,1470,204,0
hourly_max,M7_compact_weather_ridge,31.0,27.0,0.2802197802197802,1.0,0.43776824034334766,204,524,0,946,204,728
hourly_max,M7_compact_weather_ridge,31.0,27.05,0.2809917355371901,1.0,0.43870967741935485,204,522,0,948,204,726
hourly_max,M7_compact_weather_ridge,31.0,27.1,0.281767955801105,1.0,0.4396551724137931,204,520,0,950,204,724
hourly_max,M7_compact_weather_ridge,31.0,27.15,0.2857142857142857,1.0,0.4444444444444445,204,510,0,960,204,714
hourly_max,M7_compact_weather_ridge,31.0,27.2,0.28895184135977336,1.0,0.44835164835164837,204,502,0,968,204,706
hourly_max,M7_compact_weather_ridge,31.0,27.25,0.2926829268292683,1.0,0.45283018867924524,204,493,0,977,204,697
hourly_max,M7_compact_weather_ridge,31.0,27.3,0.2943722943722944,1.0,0.4548494983277592,204,489,0,981,204,693
hourly_max,M7_compact_weather_ridge,31.0,27.35,0.2982456140350877,1.0,0.45945945945945943,204,480,0,990,204,684
hourly_max,M7_compact_weather_ridge,31.0,27.4,0.3031203566121842,1.0,0.4652223489167616,204,469,0,1001,204,673
hourly_max,M7_compact_weather_ridge,31.0,27.45,0.3072289156626506,1.0,0.4700460829493087,204,460,0,1010,204,664
hourly_max,M7_compact_weather_ridge,31.0,27.5,0.31627906976744186,1.0,0.480565371024735,204,441,0,1029,204,645
hourly_max,M7_compact_weather_ridge,31.0,27.55,0.3238095238095238,1.0,0.4892086330935252,204,426,0,1044,204,630
hourly_max,M7_compact_weather_ridge,31.0,27.6,0.3300970873786408,1.0,0.49635036496350365,204,414,0,1056,204,618
hourly_max,M7_compact_weather_ridge,31.0,27.65,0.3300970873786408,1.0,0.49635036496350365,204,414,0,1056,204,618
hourly_max,M7_compact_weather_ridge,31.0,27.7,0.33063209076175043,1.0,0.4969549330085262,204,413,0,1057,204,617
hourly_max,M7_compact_weather_ridge,31.0,27.75,0.3322475570032573,1.0,0.49877750611246946,204,410,0,1060,204,614
hourly_max,M7_compact_weather_ridge,31.0,27.8,0.33497536945812806,1.0,0.5018450184501845,204,405,0,1065,204,609
hourly_max,M7_compact_weather_ridge,31.0,27.85,0.33774834437086093,1.0,0.504950495049505,204,400,0,1070,204,604
hourly_max,M7_compact_weather_ridge,31.0,27.9,0.3434343434343434,1.0,0.5112781954887218,204,390,0,1080,204,594
hourly_max,M7_compact_weather_ridge,31.0,27.95,0.3440134907251265,1.0,0.5119196988707654,204,389,0,1081,204,593
hourly_max,M7_compact_weather_ridge,31.0,28.0,0.34517766497461927,1.0,0.5132075471698113,204,387,0,1083,204,591
hourly_max,M7_compact_weather_ridge,31.0,28.05,0.34576271186440677,1.0,0.5138539042821159,204,386,0,1084,204,590
hourly_max,M7_compact_weather_ridge,31.0,28.1,0.34576271186440677,1.0,0.5138539042821159,204,386,0,1084,204,590
hourly_max,M7_compact_weather_ridge,31.0,28.15,0.35172413793103446,1.0,0.520408163265306,204,376,0,1094,204,580
hourly_max,M7_compact_weather_ridge,31.0,28.2,0.3591549295774648,1.0,0.5284974093264249,204,364,0,1106,204,568
hourly_max,M7_compact_weather_ridge,31.0,28.25,0.36428571428571427,1.0,0.5340314136125655,204,356,0,1114,204,560
hourly_max,M7_compact_weather_ridge,31.0,28.3,0.3669064748201439,1.0,0.5368421052631579,204,352,0,1118,204,556
hourly_max,M7_compact_weather_ridge,31.0,28.35,0.3722627737226277,1.0,0.5425531914893617,204,344,0,1126,204,548
hourly_max,M7_compact_weather_ridge,31.0,28.4,0.37988826815642457,1.0,0.5506072874493927,204,333,0,1137,204,537
hourly_max,M7_compact_weather_ridge,31.0,28.45,0.3804143126177024,0.9901960784313726,0.5496598639455782,202,329,2,1141,204,531
hourly_max,M7_compact_weather_ridge,31.0,28.5,0.38846153846153847,0.9901960784313726,0.5580110497237569,202,318,2,1152,204,520
hourly_max,M7_compact_weather_ridge,31.0,28.55,0.3937621832358674,0.9901960784313726,0.5634588563458856,202,311,2,1159,204,513
hourly_max,M7_compact_weather_ridge,31.0,28.6,0.3968565815324165,0.9901960784313726,0.5666199158485273,202,307,2,1163,204,509
hourly_max,M7_compact_weather_ridge,31.0,28.65,0.404,0.9901960784313726,0.5738636363636365,202,298,2,1172,204,500
hourly_max,M7_compact_weather_ridge,31.0,28.7,0.40562248995983935,0.9901960784313726,0.5754985754985755,202,296,2,1174,204,498
hourly_max,M7_compact_weather_ridge,31.0,28.75,0.40643863179074446,0.9901960784313726,0.5763195435092724,202,295,2,1175,204,497
hourly_max,M7_compact_weather_ridge,31.0,28.8,0.40853658536585363,0.9852941176470589,0.5775862068965517,201,291,3,1179,204,492
hourly_max,M7_compact_weather_ridge,31.0,28.85,0.4144329896907217,0.9852941176470589,0.5834542815674891,201,284,3,1186,204,485
hourly_max,M7_compact_weather_ridge,31.0,28.9,0.4231578947368421,0.9852941176470589,0.5920471281296024,201,274,3,1196,204,475
hourly_max,M7_compact_weather_ridge,31.0,28.95,0.43383947939262474,0.9803921568627451,0.6015037593984963,200,261,4,1209,204,461
hourly_max,M7_compact_weather_ridge,31.0,29.0,0.45308924485125857,0.9705882352941176,0.6177847113884556,198,239,6,1231,204,437
hourly_max,M7_compact_weather_ridge,31.0,29.05,0.4566744730679157,0.9558823529411765,0.6180665610142632,195,232,9,1238,204,427
hourly_max,M7_compact_weather_ridge,31.0,29.1,0.4584323040380047,0.946078431372549,0.6175999999999999,193,228,11,1242,204,421
hourly_max,M7_compact_weather_ridge,31.0,29.15,0.4729064039408867,0.9411764705882353,0.6295081967213114,192,214,12,1256,204,406
hourly_max,M7_compact_weather_ridge,31.0,29.2,0.4833759590792839,0.9264705882352942,0.6352941176470588,189,202,15,1268,204,391
hourly_max,M7_compact_weather_ridge,31.0,29.25,0.4921052631578947,0.9166666666666666,0.6404109589041096,187,193,17,1277,204,380
hourly_max,M7_compact_weather_ridge,31.0,29.3,0.4904632152588556,0.8823529411764706,0.6304728546409807,180,187,24,1283,204,367
hourly_max,M7_compact_weather_ridge,31.0,29.35,0.4931506849315068,0.8823529411764706,0.632688927943761,180,185,24,1285,204,365
hourly_max,M7_compact_weather_ridge,31.0,29.4,0.4903581267217631,0.8725490196078431,0.6278659611992945,178,185,26,1285,204,363
hourly_max,M7_compact_weather_ridge,31.0,29.45,0.4958217270194986,0.8725490196078431,0.6323268206039075,178,181,26,1289,204,359
hourly_max,M7_compact_weather_ridge,31.0,29.5,0.5014084507042254,0.8725490196078431,0.6368515205724508,178,177,26,1293,204,355
hourly_max,M7_compact_weather_ridge,31.0,29.55,0.5129682997118156,0.8725490196078431,0.646098003629764,178,169,26,1301,204,347
hourly_max,M7_compact_weather_ridge,31.0,29.6,0.5130434782608696,0.8676470588235294,0.644808743169399,177,168,27,1302,204,345
hourly_max,M7_compact_weather_ridge,31.0,29.65,0.5221238938053098,0.8676470588235294,0.6519337016574586,177,162,27,1308,204,339
hourly_max,M7_compact_weather_ridge,31.0,29.7,0.5379939209726444,0.8676470588235294,0.6641651031894934,177,152,27,1318,204,329
hourly_max,M7_compact_weather_ridge,31.0,29.75,0.5429447852760736,0.8676470588235294,0.6679245283018868,177,149,27,1321,204,326
hourly_max,M7_compact_weather_ridge,31.0,29.8,0.5446153846153846,0.8676470588235294,0.6691871455576559,177,148,27,1322,204,325
hourly_max,M7_compact_weather_ridge,31.0,29.85,0.5514018691588785,0.8676470588235294,0.6742857142857143,177,144,27,1326,204,321
hourly_max,M7_compact_weather_ridge,31.0,29.9,0.5583596214511041,0.8676470588235294,0.6794625719769674,177,140,27,1330,204,317
hourly_max,M7_compact_weather_ridge,31.0,29.95,0.5616883116883117,0.8480392156862745,0.67578125,173,135,31,1335,204,308
hourly_max,M7_compact_weather_ridge,31.0,30.0,0.5864406779661017,0.8480392156862745,0.6933867735470942,173,122,31,1348,204,295
hourly_max,M7_compact_weather_ridge,31.0,30.05,0.5972222222222222,0.8431372549019608,0.6991869918699186,172,116,32,1354,204,288
hourly_max,M7_compact_weather_ridge,31.0,30.1,0.602112676056338,0.8382352941176471,0.7008196721311475,171,113,33,1357,204,284
hourly_max,M7_compact_weather_ridge,31.0,30.15,0.6129032258064516,0.8382352941176471,0.7080745341614907,171,108,33,1362,204,279
hourly_max,M7_compact_weather_ridge,31.0,30.2,0.6181818181818182,0.8333333333333334,0.7098121085594988,170,105,34,1365,204,275
hourly_max,M7_compact_weather_ridge,31.0,30.25,0.6204379562043796,0.8333333333333334,0.7112970711297072,170,104,34,1366,204,274
hourly_max,M7_compact_weather_ridge,31.0,30.3,0.6194029850746269,0.8137254901960784,0.7033898305084746,166,102,38,1368,204,268
hourly_max,M7_compact_weather_ridge,31.0,30.35,0.6259541984732825,0.803921568627451,0.703862660944206,164,98,40,1372,204,262
hourly_max,M7_compact_weather_ridge,31.0,30.4,0.624,0.7647058823529411,0.6872246696035241,156,94,48,1376,204,250
hourly_max,M7_compact_weather_ridge,31.0,30.45,0.6329113924050633,0.7352941176470589,0.6802721088435374,150,87,54,1383,204,237
hourly_max,M7_compact_weather_ridge,31.0,30.5,0.6425339366515838,0.696078431372549,0.668235294117647,142,79,62,1391,204,221
hourly_max,M7_compact_weather_ridge,31.0,30.55,0.6618357487922706,0.6715686274509803,0.6666666666666666,137,70,67,1400,204,207
hourly_max,M7_compact_weather_ridge,31.0,30.6,0.6666666666666666,0.6666666666666666,0.6666666666666666,136,68,68,1402,204,204
hourly_max,M7_compact_weather_ridge,31.0,30.65,0.6650246305418719,0.6617647058823529,0.6633906633906634,135,68,69,1402,204,203
hourly_max,M7_compact_weather_ridge,31.0,30.7,0.67,0.6568627450980392,0.6633663366336634,134,66,70,1404,204,200
hourly_max,M7_compact_weather_ridge,31.0,30.75,0.6802030456852792,0.6568627450980392,0.6683291770573566,134,63,70,1407,204,197
hourly_max,M7_compact_weather_ridge,31.0,30.8,0.6914893617021277,0.6372549019607843,0.663265306122449,130,58,74,1412,204,188
hourly_max,M7_compact_weather_ridge,31.0,30.85,0.6966292134831461,0.6078431372549019,0.6492146596858639,124,54,80,1416,204,178
hourly_max,M7_compact_weather_ridge,31.0,30.9,0.7125748502994012,0.5833333333333334,0.6415094339622641,119,48,85,1422,204,167
hourly_max,M7_compact_weather_ridge,31.0,30.95,0.7151515151515152,0.5784313725490197,0.6395663956639567,118,47,86,1423,204,165
hourly_max,M7_compact_weather_ridge,31.0,31.0,0.7222222222222222,0.5735294117647058,0.639344262295082,117,45,87,1425,204,162
hourly_max,M7_compact_weather_ridge,31.0,31.05,0.7290322580645161,0.553921568627451,0.6295264623955431,113,42,91,1428,204,155
hourly_max,M7_compact_weather_ridge,31.0,31.1,0.7333333333333333,0.5392156862745098,0.6214689265536723,110,40,94,1430,204,150
hourly_max,M7_compact_weather_ridge,31.0,31.15,0.7414965986394558,0.5343137254901961,0.6210826210826211,109,38,95,1432,204,147
hourly_max,M7_compact_weather_ridge,31.0,31.2,0.7338129496402878,0.5,0.5947521865889214,102,37,102,1433,204,139
hourly_max,M7_compact_weather_ridge,31.0,31.25,0.7313432835820896,0.4803921568627451,0.5798816568047338,98,36,106,1434,204,134
hourly_max,M7_compact_weather_ridge,31.0,31.3,0.7301587301587301,0.45098039215686275,0.5575757575757576,92,34,112,1436,204,126
hourly_max,M7_compact_weather_ridge,31.0,31.35,0.7142857142857143,0.4166666666666667,0.5263157894736842,85,34,119,1436,204,119
hourly_max,M7_compact_weather_ridge,31.0,31.4,0.7272727272727273,0.39215686274509803,0.5095541401273885,80,30,124,1440,204,110
hourly_max,M7_compact_weather_ridge,31.0,31.45,0.7216494845360825,0.3431372549019608,0.46511627906976744,70,27,134,1443,204,97
hourly_max,M7_compact_weather_ridge,31.0,31.5,0.7065217391304348,0.31862745098039214,0.43918918918918914,65,27,139,1443,204,92
hourly_max,M7_compact_weather_ridge,31.0,31.55,0.675,0.2647058823529412,0.38028169014084506,54,26,150,1444,204,80
hourly_max,M7_compact_weather_ridge,31.0,31.6,0.6615384615384615,0.2107843137254902,0.3197026022304833,43,22,161,1448,204,65
hourly_max,M7_compact_weather_ridge,31.0,31.65,0.639344262295082,0.19117647058823528,0.2943396226415094,39,22,165,1448,204,61
hourly_max,M7_compact_weather_ridge,31.0,31.7,0.6415094339622641,0.16666666666666666,0.26459143968871596,34,19,170,1451,204,53
hourly_max,M7_compact_weather_ridge,31.0,31.75,0.6428571428571429,0.1323529411764706,0.21951219512195122,27,15,177,1455,204,42
hourly_max,M7_compact_weather_ridge,31.0,31.8,0.6774193548387096,0.10294117647058823,0.17872340425531916,21,10,183,1460,204,31
hourly_max,M7_compact_weather_ridge,31.0,31.85,0.6923076923076923,0.08823529411764706,0.1565217391304348,18,8,186,1462,204,26
hourly_max,M7_compact_weather_ridge,31.0,31.9,0.7083333333333334,0.08333333333333333,0.14912280701754385,17,7,187,1463,204,24
hourly_max,M7_compact_weather_ridge,31.0,31.95,0.7058823529411765,0.058823529411764705,0.1085972850678733,12,5,192,1465,204,17
hourly_max,M7_compact_weather_ridge,31.0,32.0,0.6666666666666666,0.049019607843137254,0.09132420091324199,10,5,194,1465,204,15
hourly_max,M7_compact_weather_ridge,31.0,32.05,0.625,0.024509803921568627,0.04716981132075471,5,3,199,1467,204,8
hourly_max,M7_compact_weather_ridge,31.0,32.1,0.25,0.004901960784313725,0.009615384615384616,1,3,203,1467,204,4
hourly_max,M7_compact_weather_ridge,31.0,32.15,0.0,0.0,,0,3,204,1467,204,3
hourly_max,M7_compact_weather_ridge,31.0,32.2,0.0,0.0,,0,3,204,1467,204,3
hourly_max,M7_compact_weather_ridge,31.0,32.25,0.0,0.0,,0,1,204,1469,204,1
hourly_max,M7_compact_weather_ridge,31.0,32.3,,0.0,,0,0,204,1470,204,0
hourly_max,M7_compact_weather_ridge,31.0,32.35,,0.0,,0,0,204,1470,204,0
hourly_max,M7_compact_weather_ridge,31.0,32.4,,0.0,,0,0,204,1470,204,0
hourly_max,M7_compact_weather_ridge,31.0,32.45,,0.0,,0,0,204,1470,204,0
hourly_max,M7_compact_weather_ridge,31.0,32.5,,0.0,,0,0,204,1470,204,0
hourly_max,M7_compact_weather_ridge,31.0,32.55,,0.0,,0,0,204,1470,204,0
hourly_max,M7_compact_weather_ridge,31.0,32.6,,0.0,,0,0,204,1470,204,0
hourly_max,M7_compact_weather_ridge,31.0,32.65,,0.0,,0,0,204,1470,204,0
hourly_max,M7_compact_weather_ridge,31.0,32.7,,0.0,,0,0,204,1470,204,0
hourly_max,M7_compact_weather_ridge,31.0,32.75,,0.0,,0,0,204,1470,204,0
hourly_max,M7_compact_weather_ridge,31.0,32.8,,0.0,,0,0,204,1470,204,0
hourly_max,M7_compact_weather_ridge,31.0,32.85,,0.0,,0,0,204,1470,204,0
hourly_max,M7_compact_weather_ridge,31.0,32.9,,0.0,,0,0,204,1470,204,0
hourly_max,M7_compact_weather_ridge,31.0,32.95,,0.0,,0,0,204,1470,204,0
hourly_max,M7_compact_weather_ridge,31.0,33.0,,0.0,,0,0,204,1470,204,0
hourly_max,M7_compact_weather_ridge,31.0,33.05,,0.0,,0,0,204,1470,204,0
hourly_max,M7_compact_weather_ridge,31.0,33.1,,0.0,,0,0,204,1470,204,0
hourly_max,M7_compact_weather_ridge,31.0,33.15,,0.0,,0,0,204,1470,204,0
hourly_max,M7_compact_weather_ridge,31.0,33.2,,0.0,,0,0,204,1470,204,0
hourly_max,M7_compact_weather_ridge,31.0,33.25,,0.0,,0,0,204,1470,204,0
hourly_max,M7_compact_weather_ridge,31.0,33.3,,0.0,,0,0,204,1470,204,0
hourly_max,M7_compact_weather_ridge,31.0,33.35,,0.0,,0,0,204,1470,204,0
hourly_max,M7_compact_weather_ridge,31.0,33.4,,0.0,,0,0,204,1470,204,0
hourly_max,M7_compact_weather_ridge,31.0,33.45,,0.0,,0,0,204,1470,204,0
hourly_max,M7_compact_weather_ridge,31.0,33.5,,0.0,,0,0,204,1470,204,0
hourly_max,M7_compact_weather_ridge,31.0,33.55,,0.0,,0,0,204,1470,204,0
hourly_max,M7_compact_weather_ridge,31.0,33.6,,0.0,,0,0,204,1470,204,0
hourly_max,M7_compact_weather_ridge,31.0,33.65,,0.0,,0,0,204,1470,204,0
hourly_max,M7_compact_weather_ridge,31.0,33.7,,0.0,,0,0,204,1470,204,0
hourly_max,M7_compact_weather_ridge,31.0,33.75,,0.0,,0,0,204,1470,204,0
hourly_max,M7_compact_weather_ridge,31.0,33.8,,0.0,,0,0,204,1470,204,0
hourly_max,M7_compact_weather_ridge,31.0,33.85,,0.0,,0,0,204,1470,204,0
hourly_max,M7_compact_weather_ridge,31.0,33.9,,0.0,,0,0,204,1470,204,0
hourly_max,M7_compact_weather_ridge,31.0,33.95,,0.0,,0,0,204,1470,204,0
hourly_max,M7_compact_weather_ridge,31.0,34.0,,0.0,,0,0,204,1470,204,0
