cell_id,cell_area_m2,inter_area_m2,overhead_fraction_cell,covered_walkway,elevated_rail,elevated_road,pedestrian_bridge,viaduct,other_overhead,overhead_confounding_flag
TP_0001,9999.999999838656,0.0,0.0,0,0,0,0,0,0,clean_or_minor
TP_0002,10000.000000078944,0.0,0.0,0,0,0,0,0,0,clean_or_minor
TP_0003,10000.000000041473,70.29872248011179,0.007029872247982024,1,0,0,0,0,0,clean_or_minor
TP_0004,10000.0,304.29269615863353,0.030429269615863352,1,0,0,0,0,0,moderate_confounding
TP_0005,10000.000000020373,137.18399839674976,0.013718399839647028,2,0,0,0,0,0,clean_or_minor
TP_0006,9999.999999900137,0.0,0.0,0,0,0,0,0,0,clean_or_minor
TP_0007,10000.0,0.0,0.0,0,0,0,0,0,0,clean_or_minor
TP_0008,10000.00000002492,0.0,0.0,0,0,0,0,0,0,clean_or_minor
TP_0009,9999.99999997708,0.0,0.0,0,0,0,0,0,0,clean_or_minor
TP_0010,10000.000000004366,0.0,0.0,0,0,0,0,0,0,clean_or_minor
TP_0011,10000.00000002583,0.0,0.0,0,0,0,0,0,0,clean_or_minor
TP_0012,9999.999999973443,0.0,0.0,0,0,0,0,0,0,clean_or_minor
TP_0013,9999.999999927786,102.3598725948247,0.010235987259556387,1,0,0,0,0,0,clean_or_minor
TP_0014,10000.000000233194,0.0,0.0,0,0,0,0,0,0,clean_or_minor
TP_0015,9999.999999758438,0.0,0.0,0,0,0,0,0,0,clean_or_minor
TP_0016,10000.000000065484,0.0,0.0,0,0,0,0,0,0,clean_or_minor
TP_0017,10000.000000085493,321.47035994275655,0.032147035994000824,0,0,0,2,1,0,moderate_confounding
TP_0018,9999.999999965803,420.70155108321075,0.04207015510846494,2,0,0,1,0,0,moderate_confounding
TP_0019,9999.999999988358,0.0,0.0,0,0,0,0,0,0,clean_or_minor
TP_0020,9999.999999934153,0.0,0.0,0,0,0,0,0,0,clean_or_minor
TP_0021,10000.000000021464,172.6119656424318,0.017261196564206133,1,0,0,0,0,0,clean_or_minor
TP_0022,9999.99999997508,331.379198085042,0.03313791980858678,1,0,0,0,0,0,moderate_confounding
TP_0023,10000.000000064938,410.14540201856283,0.04101454020158994,3,0,0,0,0,0,moderate_confounding
TP_0024,9999.999999937063,0.0,0.0,0,0,0,0,0,0,clean_or_minor
TP_0025,10000.000000027467,0.0,0.0,0,0,0,0,0,0,clean_or_minor
TP_0026,10000.000000119871,0.0,0.0,0,0,0,0,0,0,clean_or_minor
TP_0027,9999.999999860665,0.0,0.0,0,0,0,0,0,0,clean_or_minor
TP_0028,10000.000000014734,0.0,0.0,0,0,0,0,0,0,clean_or_minor
TP_0029,10000.00000002674,0.0,0.0,0,0,0,0,0,0,clean_or_minor
TP_0030,9999.999999880856,0.0,0.0,0,0,0,0,0,0,clean_or_minor
TP_0031,10000.00000004602,0.0,0.0,0,0,0,0,0,0,clean_or_minor
TP_0032,9999.99999999327,0.0,0.0,0,0,0,0,0,0,clean_or_minor
TP_0033,10000.000000018372,0.0,0.0,0,0,0,0,0,0,clean_or_minor
TP_0034,9999.9999999789,0.0,0.0,0,0,0,0,0,0,clean_or_minor
TP_0035,9999.99999993579,0.0,0.0,0,0,0,0,0,0,clean_or_minor
TP_0036,10000.000000033833,0.0,0.0,0,0,0,0,0,0,clean_or_minor
TP_0037,10000.000000058753,2178.8816348543,0.21788816348414983,2,0,0,0,0,0,major_confounding
TP_0038,10000.000000004366,0.0,0.0,0,0,0,0,0,0,clean_or_minor
TP_0039,9999.999999961074,0.0,0.0,0,0,0,0,0,0,clean_or_minor
TP_0040,9999.999999992178,0.0,0.0,0,0,0,0,0,0,clean_or_minor
TP_0041,10000.000000012005,0.0,0.0,0,0,0,0,0,0,clean_or_minor
TP_0042,10000.000000034925,60.70500904815108,0.006070500904793907,1,0,0,0,0,0,clean_or_minor
TP_0043,9999.999999990905,0.0,0.0,0,0,0,0,0,0,clean_or_minor
TP_0044,9999.999999939791,59.92126093847793,0.005992126093883871,0,0,0,1,0,0,clean_or_minor
TP_0045,10000.000000028194,353.19536303519925,0.03531953630342034,4,0,0,0,0,0,moderate_confounding
TP_0046,10000.00000011878,350.3664762428319,0.035036647623867025,4,0,0,0,0,0,moderate_confounding
TP_0047,9999.999999852298,97.5749421281381,0.009757494212957931,1,0,0,0,0,0,clean_or_minor
TP_0048,10000.00000001346,0.0,0.0,0,0,0,0,0,0,clean_or_minor
TP_0049,10000.000000038744,0.0,0.0,0,0,0,0,0,0,clean_or_minor
TP_0050,9999.999999987813,205.71959393540976,0.02057195939356605,2,0,0,0,0,0,moderate_confounding
TP_0051,10000.00000001055,0.0,0.0,0,0,0,0,0,0,clean_or_minor
TP_0052,9999.999999964348,583.9299510953718,0.05839299510974537,5,0,0,0,0,0,moderate_confounding
TP_0053,9999.999999981446,306.2968601409727,0.030629686014154098,5,0,0,0,0,0,moderate_confounding
TP_0054,10000.00000006712,0.0,0.0,0,0,0,0,0,0,clean_or_minor
TP_0055,10000.000000080763,0.0,0.0,0,0,0,0,0,0,clean_or_minor
TP_0056,9999.99999988322,0.0,0.0,0,0,0,0,0,0,clean_or_minor
TP_0057,10000.00000011496,0.0,0.0,0,0,0,0,0,0,clean_or_minor
TP_0058,9999.999999920328,0.0,0.0,0,0,0,0,0,0,clean_or_minor
TP_0059,9999.999999967986,1098.7556470927238,0.10987556470962415,0,0,3,0,0,0,major_confounding
TP_0060,9999.999999998181,0.0,0.0,0,0,0,0,0,0,clean_or_minor
TP_0061,10000.00000003256,0.0,0.0,0,0,0,0,0,0,clean_or_minor
TP_0062,9999.999999989268,0.0,0.0,0,0,0,0,0,0,clean_or_minor
TP_0063,10000.00000000764,149.80654812379348,0.014980654812367903,2,0,0,0,0,0,clean_or_minor
TP_0064,9999.99999996453,420.45616201153416,0.04204561620130255,3,0,0,0,0,0,moderate_confounding
TP_0065,10000.000000062028,0.0,0.0,0,0,0,0,0,0,clean_or_minor
TP_0066,9999.99999994343,144.6622946066724,0.014466229460749075,1,0,0,0,0,0,clean_or_minor
TP_0067,10000.00000018481,0.0,0.0,0,0,0,0,0,0,clean_or_minor
TP_0068,9999.999999849388,0.0,0.0,0,0,0,0,0,0,clean_or_minor
TP_0069,10000.000000011278,0.0,0.0,0,0,0,0,0,0,clean_or_minor
TP_0070,9999.99999997035,0.0,0.0,0,0,0,0,0,0,clean_or_minor
TP_0071,10000.000000061664,77.58453056068191,0.00775845305602035,0,0,0,2,0,0,clean_or_minor
TP_0072,9999.99999986885,156.66843901340172,0.01566684390154564,2,0,0,0,0,0,clean_or_minor
TP_0073,10000.000000033288,197.33758642300012,0.019733758642234322,5,0,0,0,0,0,clean_or_minor
TP_0074,10000.000000060027,629.324159903386,0.06293241598996084,8,0,0,0,0,0,moderate_confounding
TP_0075,10000.000000010368,233.00175043007448,0.02330017504298329,3,0,0,0,0,0,moderate_confounding
TP_0076,9999.999999886313,123.62825662936461,0.01236282566307701,2,0,0,0,0,0,clean_or_minor
TP_0077,10000.00000005075,0.0,0.0,0,0,0,0,0,0,clean_or_minor
TP_0078,9999.999999997817,0.0,0.0,0,0,0,0,0,0,clean_or_minor
TP_0079,10000.000000088585,0.0,0.0,0,0,0,0,0,0,clean_or_minor
TP_0080,10000.000000037107,0.0,0.0,0,0,0,0,0,0,clean_or_minor
TP_0081,9999.999999911233,126.77320155785307,0.012677320155897839,2,0,0,0,0,0,clean_or_minor
TP_0082,9999.999999929241,868.9689518479482,0.08689689518540969,8,0,0,0,0,0,moderate_confounding
TP_0083,10000.000000095497,355.844812608971,0.03558448126055728,4,0,0,0,0,0,moderate_confounding
TP_0084,9999.999999973443,0.0,0.0,0,0,0,0,0,0,clean_or_minor
TP_0085,9999.999999916145,0.0,0.0,0,0,0,0,0,0,clean_or_minor
TP_0086,10000.000000147156,0.0,0.0,0,0,0,0,0,0,clean_or_minor
TP_0087,9999.999999881584,0.0,0.0,0,0,0,0,0,0,clean_or_minor
TP_0088,10000.00000000764,7324.81831223162,0.7324818312226025,0,0,6,0,1,0,major_confounding
TP_0089,10000.000000034925,3765.952710493418,0.3765952710480266,0,0,5,0,1,0,major_confounding
TP_0090,9999.999999990905,748.4908672022659,0.07484908672029467,0,0,2,0,0,0,moderate_confounding
TP_0091,10000.000000019645,0.0,0.0,0,0,0,0,0,0,clean_or_minor
TP_0092,10000.00000004784,91.83107443078055,0.009183107443034123,0,0,0,1,0,0,clean_or_minor
TP_0093,9999.999999924694,91.56556341489132,0.009156556341558085,1,0,0,1,0,0,clean_or_minor
TP_0094,10000.000000088403,0.0,0.0,0,0,0,0,0,0,clean_or_minor
TP_0095,9999.999999899592,1586.305055586426,0.1586305055602354,0,0,0,0,1,0,major_confounding
TP_0096,10000.000000066939,1013.5919553334851,0.10135919553267002,0,0,0,0,1,0,major_confounding
TP_0097,9999.999999950342,0.0,0.0,0,0,0,0,0,0,clean_or_minor
TP_0098,10000.000000047294,170.08483069679033,0.017008483069598596,1,0,0,2,0,0,clean_or_minor
TP_0099,9999.999999927786,396.360543448092,0.03963605434509543,3,0,0,1,0,0,moderate_confounding
TP_0100,10000.000000023829,17.232444034384308,0.0017232444034343244,1,0,0,0,0,0,clean_or_minor
TP_0101,9999.999999979264,19.48867954318264,0.0019488679543223054,0,0,0,1,0,0,clean_or_minor
TP_0102,9999.99999999909,672.7692002322929,0.0672769200232354,4,0,0,1,0,0,moderate_confounding
TP_0103,10000.000000012733,126.7699439124714,0.012676994391231,2,0,0,0,0,0,clean_or_minor
TP_0104,10000.000000033288,0.0,0.0,0,0,0,0,0,0,clean_or_minor
TP_0105,9999.999999923057,537.1429707848057,0.053714297078893865,1,0,0,1,1,0,moderate_confounding
TP_0106,10000.00000008913,1466.252677695889,0.14662526776828202,0,0,0,1,1,0,major_confounding
TP_0107,9999.999999894499,603.5554675010077,0.06035554675073753,0,0,0,0,1,0,moderate_confounding
TP_0108,10000.000000121145,0.0,0.0,0,0,0,0,0,0,clean_or_minor
TP_0109,10000.00000006512,47.193353117048694,0.004719335311674137,1,0,0,0,0,0,clean_or_minor
TP_0110,9999.999999945794,699.6868148716773,0.069968681487547,6,0,0,0,0,0,moderate_confounding
TP_0111,9999.999999899956,343.3428116909662,0.034334281169440116,6,0,0,0,0,0,moderate_confounding
TP_0112,10000.000000053842,411.3359800467973,0.04113359800445826,5,0,0,0,0,0,moderate_confounding
TP_0113,10000.000000075488,0.0,0.0,0,0,0,0,0,0,clean_or_minor
TP_0114,9999.999999886859,0.0,0.0,0,0,0,0,0,0,clean_or_minor
TP_0115,10000.000000038199,0.0,0.0,0,0,0,0,0,0,clean_or_minor
TP_0116,9999.999999911961,0.0,0.0,0,0,0,0,0,0,clean_or_minor
TP_0117,10000.000000040018,140.91797986241187,0.014091797986184795,0,0,2,0,1,0,clean_or_minor
TP_0118,9999.999999993634,2406.584453458187,0.24065844534597192,0,0,4,0,1,0,major_confounding
TP_0119,10000.00000002201,2397.307459198763,0.23973074591934865,0,0,4,0,0,0,major_confounding
TP_0120,9999.999999976717,0.0,0.0,0,0,0,0,0,0,clean_or_minor
TP_0121,10000.000000142609,334.2092474502625,0.03342092474454964,5,0,0,1,0,0,moderate_confounding
TP_0122,9999.99999988413,1483.4040421915,0.1483404042208688,8,0,2,2,0,0,major_confounding
TP_0123,10000.000000052023,11.9859362427101,0.0011985936242647746,0,0,0,0,1,0,clean_or_minor
TP_0124,9999.999999940155,1391.6902189715724,0.1391690218979901,0,0,0,0,1,0,major_confounding
TP_0125,10000.000000036744,707.7166503231829,0.07077166503205824,0,0,0,0,1,0,moderate_confounding
TP_0126,9999.999999921783,0.0,0.0,0,0,0,0,0,0,clean_or_minor
TP_0127,10000.0000000824,683.0008477662132,0.06830008477605852,3,0,0,3,0,0,moderate_confounding
TP_0128,9999.999999961801,193.828356111451,0.01938283561121914,0,0,0,2,0,0,clean_or_minor
TP_0129,9999.999999985266,0.0,0.0,0,0,0,0,0,0,clean_or_minor
TP_0130,10000.000000005093,0.0,0.0,0,0,0,0,0,0,clean_or_minor
TP_0131,10000.000000099317,185.9129969836247,0.018591299698177827,0,0,0,1,0,0,clean_or_minor
TP_0132,9999.99999984393,0.0,0.0,0,0,0,0,0,0,clean_or_minor
TP_0133,10000.000000080217,0.0,0.0,0,0,0,0,0,0,clean_or_minor
TP_0134,9999.999999954889,1402.4088320507751,0.14024088320571015,0,0,0,3,1,0,major_confounding
TP_0135,10000.000000112777,1.832544555087296,0.00018325445550666292,0,0,0,1,0,0,clean_or_minor
TP_0136,9999.999999993997,0.0,0.0,0,0,0,0,0,0,clean_or_minor
TP_0137,9999.999999948159,0.0,0.0,0,0,0,0,0,0,clean_or_minor
TP_0138,10000.00000003638,99.48930229191163,0.00994893022915497,1,0,0,1,0,0,clean_or_minor
TP_0139,9999.999999983811,784.7788593825734,0.07847788593838438,3,0,0,3,0,0,moderate_confounding
TP_0140,9999.999999930878,99.9178780995927,0.009991787810028335,2,0,0,0,0,0,clean_or_minor
TP_0141,10000.000000017099,140.84018583680697,0.014084018583656615,2,0,0,0,0,0,clean_or_minor
TP_0142,10000.000000175714,534.9083926281033,0.053490839261870426,0,0,1,0,0,0,moderate_confounding
TP_0143,9999.999999911233,0.0,0.0,0,0,0,0,0,0,clean_or_minor
TP_0144,9999.999999931788,0.0,0.0,0,0,0,0,0,0,clean_or_minor
TP_0145,9999.999999951615,0.0,0.0,0,0,0,0,0,0,clean_or_minor
TP_0146,9999.999999928332,0.0,0.0,0,0,0,0,0,0,clean_or_minor
TP_0147,9999.999999959618,0.0,0.0,0,0,0,0,0,0,clean_or_minor
TP_0148,10000.000000043838,0.0,0.0,0,0,0,0,0,0,clean_or_minor
TP_0149,10000.00000006894,0.0,0.0,0,0,0,0,0,0,clean_or_minor
TP_0150,10000.000000100772,0.0,0.0,0,0,0,0,0,0,clean_or_minor
TP_0151,9999.999999920146,314.04297228930386,0.03140429722918116,2,0,0,0,0,0,moderate_confounding
TP_0152,9999.999999946704,5.674841162150209,0.0005674841162180453,0,0,0,0,1,0,clean_or_minor
TP_0153,9999.999999969623,696.4943494022784,0.06964943494043942,3,0,0,0,1,0,moderate_confounding
TP_0154,10000.000000134241,11.538130123414236,0.0011538130123259346,1,0,0,0,0,0,clean_or_minor
TP_0155,9999.999999803731,128.37219446561136,0.01283721944681309,0,0,0,2,0,0,clean_or_minor
TP_0156,10000.000000040927,343.32344377299785,0.03433234437715927,0,0,0,3,0,0,moderate_confounding
TP_0157,9999.999999993088,588.6499017950039,0.058864990179541075,2,0,1,3,0,0,moderate_confounding
TP_0158,9999.999999945794,0.0,0.0,0,0,0,0,0,0,clean_or_minor
TP_0159,10000.000000042746,0.0,0.0,0,0,0,0,0,0,clean_or_minor
TP_0160,10000.000000137334,0.0,0.0,0,0,0,0,0,0,clean_or_minor
TP_0161,9999.999999944885,0.0,0.0,0,0,0,0,0,0,clean_or_minor
TP_0162,9999.99999989468,0.0,0.0,0,0,0,0,0,0,clean_or_minor
TP_0163,10000.000000125874,0.0,0.0,0,0,0,0,0,0,clean_or_minor
TP_0164,9999.999999935608,0.0,0.0,0,0,0,0,0,0,clean_or_minor
TP_0165,10000.000000098771,0.0,0.0,0,0,0,0,0,0,clean_or_minor
TP_0166,9999.999999908505,0.0,0.0,0,0,0,0,0,0,clean_or_minor
TP_0167,9999.999999931242,0.0,0.0,0,0,0,0,0,0,clean_or_minor
TP_0168,10000.000000088949,2208.8104473833973,0.22088104473637502,5,0,6,1,0,0,major_confounding
TP_0169,10000.00000003347,2227.924809348873,0.22279248093414164,4,0,4,1,0,0,major_confounding
TP_0170,9999.999999912507,1043.2704439210052,0.10432704439301331,0,0,2,0,0,0,major_confounding
TP_0171,10000.000000073669,1359.2563138877504,0.1359256313877737,0,0,1,0,0,0,major_confounding
TP_0172,10000.000000017462,0.0,0.0,0,0,0,0,0,0,clean_or_minor
TP_0173,9999.999999895954,0.0,0.0,0,0,0,0,0,0,clean_or_minor
TP_0174,9999.999999987995,0.0,0.0,0,0,0,0,0,0,clean_or_minor
TP_0175,9999.999999954161,0.0,0.0,0,0,0,0,0,0,clean_or_minor
TP_0176,9999.99999990614,0.0,0.0,0,0,0,0,0,0,clean_or_minor
TP_0177,10000.000000015643,0.0,0.0,0,0,0,0,0,0,clean_or_minor
TP_0178,10000.000000116415,0.0,0.0,0,0,0,0,0,0,clean_or_minor
TP_0179,9999.999999997635,0.0,0.0,0,0,0,0,0,0,clean_or_minor
TP_0180,10000.000000091859,280.4519516738883,0.02804519516713121,2,0,0,0,0,0,moderate_confounding
TP_0181,9999.99999983229,160.2738916954143,0.016027389169810228,3,0,0,1,0,0,clean_or_minor
TP_0182,10000.00000007094,88.12682456025766,0.008812682455963249,1,0,0,0,0,0,clean_or_minor
TP_0183,10000.000000021282,466.77505605043893,0.046677505604944554,3,0,0,1,0,0,moderate_confounding
TP_0184,9999.999999907232,63.70524632315575,0.006370524632374673,2,0,0,1,0,0,clean_or_minor
TP_0185,9999.999999937427,18.067637872242113,0.0018067637872355169,1,0,0,0,0,0,clean_or_minor
TP_0186,10000.000000027467,593.7027110441189,0.05937027110424882,1,0,2,3,0,0,moderate_confounding
TP_0187,9999.999999981992,0.0,0.0,0,0,0,0,0,0,clean_or_minor
TP_0188,10000.000000004002,0.0,0.0,0,0,0,0,0,0,clean_or_minor
TP_0189,10000.000000088403,0.0,0.0,0,0,0,0,0,0,clean_or_minor
TP_0190,10000.000000041291,0.0,0.0,0,0,0,0,0,0,clean_or_minor
TP_0191,9999.999999850479,0.0,0.0,0,0,0,0,0,0,clean_or_minor
TP_0192,10000.000000225918,0.0,0.0,0,0,0,0,0,0,clean_or_minor
TP_0193,9999.999999754982,0.0,0.0,0,0,0,0,0,0,clean_or_minor
TP_0194,10000.000000128784,0.0,0.0,0,0,0,0,0,0,clean_or_minor
TP_0195,9999.999999932697,58.49466785776737,0.005849466785816105,0,0,0,1,0,0,clean_or_minor
TP_0196,10000.000000026012,369.2551676919429,0.03692551676909824,6,0,0,0,0,0,moderate_confounding
TP_0197,9999.999999975626,934.159491415436,0.0934159491417713,2,0,1,1,0,0,moderate_confounding
TP_0198,10000.000000070577,1480.566125915406,0.14805661259049566,2,0,2,0,0,0,major_confounding
TP_0199,9999.999999877218,1761.1935525854233,0.17611935526070474,0,0,3,0,0,0,major_confounding
TP_0200,10000.000000037653,454.9624848837577,0.045496248488204466,0,0,2,0,0,0,moderate_confounding
TP_0201,9999.999999988358,0.0,0.0,0,0,0,0,0,0,clean_or_minor
TP_0202,9999.999999998727,0.0,0.0,0,0,0,0,0,0,clean_or_minor
TP_0203,9999.999999941065,0.0,0.0,0,0,0,0,0,0,clean_or_minor
TP_0204,10000.000000142427,0.0,0.0,0,0,0,0,0,0,clean_or_minor
TP_0205,9999.999999959437,0.0,0.0,0,0,0,0,0,0,clean_or_minor
TP_0206,9999.999999908505,0.0,0.0,0,0,0,0,0,0,clean_or_minor
TP_0207,9999.999999997635,0.0,0.0,0,0,0,0,0,0,clean_or_minor
TP_0208,10000.000000027103,0.0,0.0,0,0,0,0,0,0,clean_or_minor
TP_0209,10000.000000055297,0.0,0.0,0,0,0,0,0,0,clean_or_minor
TP_0210,10000.000000005639,127.30031755501504,0.012730031755494326,1,0,0,0,0,0,clean_or_minor
TP_0211,9999.999999963256,548.9673123349382,0.05489673123369553,2,0,0,0,0,0,moderate_confounding
TP_0212,9999.999999989086,205.369606456547,0.020536960645677112,2,0,0,0,0,0,moderate_confounding
TP_0213,10000.000000006003,34.22655255180109,0.0034226552551780546,1,0,0,0,0,0,clean_or_minor
TP_0214,9999.999999955617,169.66064606999504,0.016966064607074807,0,0,0,2,0,0,clean_or_minor
TP_0215,9999.999999988722,53.03079337445536,0.005303079337451516,1,0,0,1,0,0,clean_or_minor
TP_0216,10000.0000000804,0.0,0.0,0,0,0,0,0,0,clean_or_minor
TP_0217,9999.999999887768,0.0,0.0,0,0,0,0,0,0,clean_or_minor
TP_0218,10000.000000059299,0.0,0.0,0,0,0,0,0,0,clean_or_minor
TP_0219,10000.000000082036,0.0,0.0,0,0,0,0,0,0,clean_or_minor
TP_0220,9999.99999989359,0.0,0.0,0,0,0,0,0,0,clean_or_minor
TP_0221,10000.000000056934,0.0,0.0,0,0,0,0,0,0,clean_or_minor
TP_0222,9999.99999992815,0.0,0.0,0,0,0,0,0,0,clean_or_minor
TP_0223,10000.00000009386,0.0,0.0,0,0,0,0,0,0,clean_or_minor
TP_0224,9999.999999905958,0.0,0.0,0,0,0,0,0,0,clean_or_minor
TP_0225,10000.000000064028,431.44664309762004,0.043144664309485756,4,0,0,1,0,0,moderate_confounding
TP_0226,9999.999999941974,668.6851794447335,0.06686851794486136,7,0,0,2,0,0,moderate_confounding
TP_0227,10000.000000031287,1233.253024360551,0.12332530243566926,3,0,2,0,0,0,major_confounding
TP_0228,9999.999999985812,2515.4800226593793,0.2515480022662948,0,0,4,0,0,0,major_confounding
TP_0229,10000.000000003638,951.1448905231277,0.09511448905227818,0,0,1,0,0,0,moderate_confounding
TP_0230,10000.000000010186,0.0,0.0,0,0,0,0,0,0,clean_or_minor
TP_0231,9999.99999996071,0.0,0.0,0,0,0,0,0,0,clean_or_minor
TP_0232,9999.99999998654,0.0,0.0,0,0,0,0,0,0,clean_or_minor
TP_0233,10000.000000027467,0.0,0.0,0,0,0,0,0,0,clean_or_minor
TP_0234,10000.000000049295,0.0,0.0,0,0,0,0,0,0,clean_or_minor
TP_0235,9999.999999933425,0.0,0.0,0,0,0,0,0,0,clean_or_minor
TP_0236,9999.999999967986,0.0,0.0,0,0,0,0,0,0,clean_or_minor
TP_0237,10000.000000063119,0.0,0.0,0,0,0,0,0,0,clean_or_minor
TP_0238,9999.999999942338,0.0,0.0,0,0,0,0,0,0,clean_or_minor
TP_0239,10000.000000112777,0.0,0.0,0,0,0,0,0,0,clean_or_minor
TP_0240,9999.999999853753,351.79498176616835,0.03517949817713133,3,0,0,0,0,0,moderate_confounding
TP_0241,10000.000000023647,236.32572150384783,0.0236325721503289,2,0,0,0,0,0,moderate_confounding
TP_0242,10000.00000005166,0.0,0.0,0,0,0,0,0,0,clean_or_minor
TP_0243,10000.000000002183,116.63994984193567,0.01166399498419102,1,0,0,1,0,0,clean_or_minor
TP_0244,9999.999999948704,0.0,0.0,0,0,0,0,0,0,clean_or_minor
TP_0245,10000.000000183354,0.0,0.0,0,0,0,0,0,0,clean_or_minor
TP_0246,9999.999999925421,0.0,0.0,0,0,0,0,0,0,clean_or_minor
TP_0247,9999.999999879401,0.0,0.0,0,0,0,0,0,0,clean_or_minor
TP_0248,10000.000000186083,0.0,0.0,0,0,0,0,0,0,clean_or_minor
TP_0249,9999.999999848842,0.0,0.0,0,0,0,0,0,0,clean_or_minor
TP_0250,9999.99999994543,0.0,0.0,0,0,0,0,0,0,clean_or_minor
TP_0251,10000.000000115142,125.7733846163051,0.012577338461485692,0,0,0,1,0,0,clean_or_minor
TP_0252,9999.999999919237,0.0,0.0,0,0,0,0,0,0,clean_or_minor
TP_0253,10000.000000007094,497.2293648960389,0.04972293648956861,5,0,0,0,0,0,moderate_confounding
TP_0254,9999.999999955617,966.4876337151652,0.09664876337194547,7,0,0,0,0,0,moderate_confounding
TP_0255,10000.000000045839,773.2993002541286,0.07732993002505839,10,0,0,0,0,0,moderate_confounding
TP_0256,9999.999999998181,419.7070765828958,0.04197070765829722,8,0,0,0,0,0,moderate_confounding
TP_0257,10000.000000017099,627.9071840760101,0.06279071840749365,2,0,1,0,0,0,moderate_confounding
TP_0258,9999.9999999598,832.8528781199631,0.0832852878123311,0,0,1,0,0,0,moderate_confounding
TP_0259,10000.000000054752,0.0,0.0,0,0,0,0,0,0,clean_or_minor
TP_0260,9999.999999933243,0.0,0.0,0,0,0,0,0,0,clean_or_minor
TP_0261,10000.000000015098,0.0,0.0,0,0,0,0,0,0,clean_or_minor
TP_0262,9999.999999978718,0.0,0.0,0,0,0,0,0,0,clean_or_minor
TP_0263,10000.000000013824,1.991788595049,0.00019917885950462464,1,0,0,0,0,0,clean_or_minor
TP_0264,9999.999999973443,0.0,0.0,0,0,0,0,0,0,clean_or_minor
TP_0265,9999.999999994361,56.55985811218746,0.005655985811221936,0,0,0,1,0,0,clean_or_minor
TP_0266,10000.00000002292,44.774831250671085,0.004477483125056847,0,0,0,1,0,0,clean_or_minor
TP_0267,9999.999999982356,0.0,0.0,0,0,0,0,0,0,clean_or_minor
TP_0268,10000.000000007822,0.0,0.0,0,0,0,0,0,0,clean_or_minor
TP_0269,10000.000000031105,0.0,0.0,0,0,0,0,0,0,clean_or_minor
TP_0270,9999.999999987085,148.23701670605578,0.014823701670624722,1,0,0,0,0,0,clean_or_minor
TP_0271,10000.000000011823,0.0,0.0,0,0,0,0,0,0,clean_or_minor
TP_0272,10000.000000104592,0.0,0.0,0,0,0,0,0,0,clean_or_minor
TP_0273,9999.999999913962,9.271814740968178,0.0009271814741047951,1,0,0,0,0,0,clean_or_minor
TP_0274,10000.00000007767,24.422493547023375,0.0024422493546833682,1,0,0,0,0,0,clean_or_minor
TP_0275,10000.000000030013,0.0,0.0,0,0,0,0,0,0,clean_or_minor
TP_0276,9999.999999838474,0.0,0.0,0,0,0,0,0,0,clean_or_minor
TP_0277,10000.000000073123,0.0,0.0,0,0,0,0,0,0,clean_or_minor
TP_0278,9999.999999960528,0.0,0.0,0,0,0,0,0,0,clean_or_minor
TP_0279,10000.000000054933,0.0,0.0,0,0,0,0,0,0,clean_or_minor
TP_0280,10000.000000072941,0.0,0.0,0,0,0,0,0,0,clean_or_minor
TP_0281,9999.999999812098,0.0,0.0,0,0,0,0,0,0,clean_or_minor
TP_0282,10000.00000011787,91.31842787142709,0.009131842787035072,1,0,0,0,0,0,clean_or_minor
TP_0283,9999.999999923966,0.0,0.0,0,0,0,0,0,0,clean_or_minor
TP_0284,10000.000000011096,0.0,0.0,0,0,0,0,0,0,clean_or_minor
TP_0285,9999.999999958163,0.0,0.0,0,0,0,0,0,0,clean_or_minor
TP_0286,10000.00000004602,570.8706423742096,0.057087064237158244,5,0,0,1,0,0,moderate_confounding
TP_0287,9999.999999995998,186.55698954509907,0.018655698954517373,0,0,0,1,0,0,clean_or_minor
TP_0288,10000.000000084401,0.0,0.0,0,0,0,0,0,0,clean_or_minor
TP_0289,9999.999999890315,0.0,0.0,0,0,0,0,0,0,clean_or_minor
TP_0290,9999.999999980173,0.0,0.0,0,0,0,0,0,0,clean_or_minor
TP_0291,10000.000000020918,391.93894494447204,0.039193894494365215,3,0,0,0,0,0,moderate_confounding
TP_0292,10000.000000119144,554.9815176603345,0.05549815176537222,3,0,0,0,0,0,moderate_confounding
TP_0293,9999.999999863212,503.4681248832767,0.05034681248901635,3,0,0,0,0,0,moderate_confounding
TP_0294,10000.000000031287,331.32255061500916,0.033132255061397255,1,0,0,0,0,0,moderate_confounding
TP_0295,9999.999999983447,0.0,0.0,0,0,0,0,0,0,clean_or_minor
TP_0296,9999.9999999367,0.0,0.0,0,0,0,0,0,0,clean_or_minor
TP_0297,10000.000000035106,0.0,0.0,0,0,0,0,0,0,clean_or_minor
TP_0298,10000.00000005839,0.0,0.0,0,0,0,0,0,0,clean_or_minor
TP_0299,10000.000000007822,0.0,0.0,0,0,0,0,0,0,clean_or_minor
TP_0300,9999.999999892316,0.0,0.0,0,0,0,0,0,0,clean_or_minor
TP_0301,10000.000000131877,0.0,0.0,0,0,0,0,0,0,clean_or_minor
TP_0302,9999.999999948159,0.0,0.0,0,0,0,0,0,0,clean_or_minor
TP_0303,9999.999999976899,0.0,0.0,0,0,0,0,0,0,clean_or_minor
TP_0304,10000.000000003456,0.0,0.0,0,0,0,0,0,0,clean_or_minor
TP_0305,10000.000000022192,0.0,0.0,0,0,0,0,0,0,clean_or_minor
TP_0306,9999.999999972533,0.0,0.0,0,0,0,0,0,0,clean_or_minor
TP_0307,10000.000000065666,0.0,0.0,0,0,0,0,0,0,clean_or_minor
TP_0308,10000.000000006912,0.0,0.0,0,0,0,0,0,0,clean_or_minor
TP_0309,9999.999999957618,0.0,0.0,0,0,0,0,0,0,clean_or_minor
TP_0310,9999.999999906868,0.0,0.0,0,0,0,0,0,0,clean_or_minor
TP_0311,10000.000000136606,0.0,0.0,0,0,0,0,0,0,clean_or_minor
TP_0312,9999.999999881584,0.0,0.0,0,0,0,0,0,0,clean_or_minor
TP_0313,10000.000000048749,0.0,0.0,0,0,0,0,0,0,clean_or_minor
TP_0314,9999.999999998909,0.0,0.0,0,0,0,0,0,0,clean_or_minor
TP_0315,9999.999999948886,1080.8475130686606,0.10808475130741853,0,0,1,0,0,0,major_confounding
TP_0316,10000.000000106957,0.0,0.0,0,0,0,0,0,0,clean_or_minor
TP_0317,9999.999999986358,0.0,0.0,0,0,0,0,0,0,clean_or_minor
TP_0318,10000.000000008185,0.0,0.0,0,0,0,0,0,0,clean_or_minor
TP_0319,9999.999999950887,0.0,0.0,0,0,0,0,0,0,clean_or_minor
TP_0320,9999.999999989632,322.41082321410346,0.03224108232144377,2,0,0,0,0,0,moderate_confounding
TP_0321,10000.000000152977,0.0,0.0,0,0,0,0,0,0,clean_or_minor
TP_0322,9999.999999897045,0.0,0.0,0,0,0,0,0,0,clean_or_minor
TP_0323,9999.999999996544,0.0,0.0,0,0,0,0,0,0,clean_or_minor
TP_0324,10000.00000002292,0.0,0.0,0,0,0,0,0,0,clean_or_minor
TP_0325,9999.999999907595,0.0,0.0,0,0,0,0,0,0,clean_or_minor
TP_0326,10000.00000014552,134.99254940061925,0.013499254939865485,1,0,0,0,0,0,clean_or_minor
TP_0327,9999.999999959618,0.0,0.0,0,0,0,0,0,0,clean_or_minor
TP_0328,9999.999999984539,0.0,0.0,0,0,0,0,0,0,clean_or_minor
TP_0329,9999.999999938518,0.0,0.0,0,0,0,0,0,0,clean_or_minor
TP_0330,10000.000000034743,0.0,0.0,0,0,0,0,0,0,clean_or_minor
TP_0331,9999.999999988904,0.0,0.0,0,0,0,0,0,0,clean_or_minor
TP_0332,10000.000000009459,0.0,0.0,0,0,0,0,0,0,clean_or_minor
TP_0333,10000.000000027285,0.0,0.0,0,0,0,0,0,0,clean_or_minor
TP_0334,10000.00000005366,0.0,0.0,0,0,0,0,0,0,clean_or_minor
TP_0335,9999.999999936517,0.0,0.0,0,0,0,0,0,0,clean_or_minor
TP_0336,10000.000000026375,0.0,0.0,0,0,0,0,0,0,clean_or_minor
TP_0337,9999.9999999789,0.0,0.0,0,0,0,0,0,0,clean_or_minor
TP_0338,10000.000000074579,0.0,0.0,0,0,0,0,0,0,clean_or_minor
TP_0339,9999.999999887586,0.0,0.0,0,0,0,0,0,0,clean_or_minor
TP_0340,10000.000000123146,0.0,0.0,0,0,0,0,0,0,clean_or_minor
TP_0341,9999.99999992815,0.0,0.0,0,0,0,0,0,0,clean_or_minor
TP_0342,10000.000000086584,0.0,0.0,0,0,0,0,0,0,clean_or_minor
TP_0343,9999.999999960528,0.0,0.0,0,0,0,0,0,0,clean_or_minor
TP_0344,9999.999999980355,1400.5923419065762,0.14005923419093277,0,0,1,0,0,0,major_confounding
TP_0345,10000.000000148611,0.0,0.0,0,0,0,0,0,0,clean_or_minor
TP_0346,9999.999999809188,0.0,0.0,0,0,0,0,0,0,clean_or_minor
TP_0347,10000.00000010441,0.0,0.0,0,0,0,0,0,0,clean_or_minor
TP_0348,9999.999999984175,0.0,0.0,0,0,0,0,0,0,clean_or_minor
TP_0349,10000.000000016189,347.53674394275123,0.03475367439421886,3,0,0,0,0,0,moderate_confounding
TP_0350,10000.000000039108,0.0,0.0,0,0,0,0,0,0,clean_or_minor
TP_0351,9999.999999997635,0.0,0.0,0,0,0,0,0,0,clean_or_minor
TP_0352,10000.000000025466,0.0,0.0,0,0,0,0,0,0,clean_or_minor
TP_0353,9999.999999979991,114.06138188147526,0.011406138188170349,1,0,0,0,0,0,clean_or_minor
TP_0354,9999.999999940701,0.0,0.0,0,0,0,0,0,0,clean_or_minor
TP_0355,10000.00000011023,0.0,0.0,0,0,0,0,0,0,clean_or_minor
TP_0356,9999.999999920146,0.0,0.0,0,0,0,0,0,0,clean_or_minor
TP_0357,9999.999999945248,0.0,0.0,0,0,0,0,0,0,clean_or_minor
TP_0358,10000.000000041655,8.814182127501303,0.0008814182127464587,1,0,0,0,0,0,clean_or_minor
TP_0359,9999.999999994361,113.95592413162436,0.011395592413168861,3,0,0,0,0,0,clean_or_minor
TP_0360,10000.000000019281,0.0,0.0,0,0,0,0,0,0,clean_or_minor
TP_0361,9999.99999997035,0.0,0.0,0,0,0,0,0,0,clean_or_minor
TP_0362,10000.000000061118,0.0,0.0,0,0,0,0,0,0,clean_or_minor
TP_0363,9999.999999944885,0.0,0.0,0,0,0,0,0,0,clean_or_minor
TP_0364,9999.999999970714,0.0,0.0,0,0,0,0,0,0,clean_or_minor
TP_0365,9999.999999991996,136.76804960349034,0.01367680496035998,0,0,0,1,0,0,clean_or_minor
TP_0366,10000.000000089494,22.52998859955846,0.002252998859935683,0,0,0,1,0,0,clean_or_minor
TP_0367,10000.000000041291,0.0,0.0,0,0,0,0,0,0,clean_or_minor
TP_0368,9999.999999913416,0.0,0.0,0,0,0,0,0,0,clean_or_minor
TP_0369,10000.000000074033,0.0,0.0,0,0,0,0,0,0,clean_or_minor
TP_0370,9999.999999883403,0.0,0.0,0,0,0,0,0,0,clean_or_minor
TP_0371,10000.000000046384,0.0,0.0,0,0,0,0,0,0,clean_or_minor
TP_0372,9999.999999995634,0.0,0.0,0,0,0,0,0,0,clean_or_minor
TP_0373,10000.000000013097,1400.3795757853723,0.14003795757835383,0,0,1,0,0,0,major_confounding
TP_0374,10000.000000032742,0.0,0.0,0,0,0,0,0,0,clean_or_minor
TP_0375,9999.999999914326,0.0,0.0,0,0,0,0,0,0,clean_or_minor
TP_0376,10000.000000004911,0.0,0.0,0,0,0,0,0,0,clean_or_minor
TP_0377,10000.000000020009,0.0,0.0,0,0,0,0,0,0,clean_or_minor
TP_0378,10000.000000050568,376.45420210951556,0.03764542021076119,3,0,0,0,0,0,moderate_confounding
TP_0379,10000.000000011642,474.70359033392117,0.04747035903333685,3,0,0,0,0,0,moderate_confounding
TP_0380,9999.999999967804,79.20593941411171,0.007920593941436672,1,0,0,0,0,0,clean_or_minor
TP_0381,10000.000000064574,0.0,0.0,0,0,0,0,0,0,clean_or_minor
TP_0382,9999.999999953798,303.2653747124368,0.030326537471383797,1,0,0,0,0,0,moderate_confounding
TP_0383,9999.999999978718,0.0,0.0,0,0,0,0,0,0,clean_or_minor
TP_0384,9999.999999994725,0.0,0.0,0,0,0,0,0,0,clean_or_minor
TP_0385,9999.999999946158,0.0,0.0,0,0,0,0,0,0,clean_or_minor
TP_0386,10000.000000048749,0.0,0.0,0,0,0,0,0,0,clean_or_minor
TP_0387,10000.00000007567,0.0,0.0,0,0,0,0,0,0,clean_or_minor
TP_0388,9999.999999882311,0.0,0.0,0,0,0,0,0,0,clean_or_minor
TP_0389,10000.000000045839,0.0,0.0,0,0,0,0,0,0,clean_or_minor
TP_0390,9999.999999929241,0.0,0.0,0,0,0,0,0,0,clean_or_minor
TP_0391,10000.000000100772,0.0,0.0,0,0,0,0,0,0,clean_or_minor
TP_0392,9999.99999998472,0.0,0.0,0,0,0,0,0,0,clean_or_minor
TP_0393,9999.999999928878,0.0,0.0,0,0,0,0,0,0,clean_or_minor
TP_0394,10000.000000023283,129.50422724160643,0.01295042272413049,2,0,0,0,0,0,clean_or_minor
TP_0395,10000.00000004893,184.00905042400015,0.018400905042309977,3,0,0,0,0,0,clean_or_minor
TP_0396,9999.999999925785,0.0,0.0,0,0,0,0,0,0,clean_or_minor
TP_0397,10000.00000002019,0.0,0.0,0,0,0,0,0,0,clean_or_minor
TP_0398,10000.000000045839,0.0,0.0,0,0,0,0,0,0,clean_or_minor
TP_0399,9999.999999926149,0.0,0.0,0,0,0,0,0,0,clean_or_minor
TP_0400,10000.00000008713,0.0,0.0,0,0,0,0,0,0,clean_or_minor
TP_0401,9999.999999965621,0.0,0.0,0,0,0,0,0,0,clean_or_minor
TP_0402,9999.999999982174,941.5950305463141,0.09415950305479925,2,0,1,1,0,0,moderate_confounding
TP_0403,9999.999999996544,27.540619047505707,0.0027540619047515228,0,0,0,1,0,0,clean_or_minor
TP_0404,10000.000000019827,0.0,0.0,0,0,0,0,0,0,clean_or_minor
TP_0405,9999.999999969077,0.0,0.0,0,0,0,0,0,0,clean_or_minor
TP_0406,9999.999999987449,0.0,0.0,0,0,0,0,0,0,clean_or_minor
TP_0407,10000.000000014552,0.0,0.0,0,0,0,0,0,0,clean_or_minor
TP_0408,10000.000000046566,421.78390239851797,0.04217839023965539,5,0,0,0,0,0,moderate_confounding
TP_0409,9999.999999933061,1132.009692278494,0.11320096922860715,11,0,0,0,0,0,major_confounding
TP_0410,10000.00000002965,710.2035767965681,0.07102035767944624,8,0,0,0,0,0,moderate_confounding
TP_0411,9999.999999983447,347.00743440717923,0.03470074344077536,4,0,0,0,0,0,moderate_confounding
TP_0412,10000.000000004002,0.0,0.0,0,0,0,0,0,0,clean_or_minor
TP_0413,9999.99999996453,0.0,0.0,0,0,0,0,0,0,clean_or_minor
TP_0414,9999.999999999818,0.0,0.0,0,0,0,0,0,0,clean_or_minor
TP_0415,10000.000000092768,0.0,0.0,0,0,0,0,0,0,clean_or_minor
TP_0416,10000.000000042382,0.0,0.0,0,0,0,0,0,0,clean_or_minor
TP_0417,9999.999999998363,0.0,0.0,0,0,0,0,0,0,clean_or_minor
TP_0418,9999.999999951797,0.0,0.0,0,0,0,0,0,0,clean_or_minor
TP_0419,9999.999999976717,0.0,0.0,0,0,0,0,0,0,clean_or_minor
TP_0420,10000.000000066757,0.0,0.0,0,0,0,0,0,0,clean_or_minor
TP_0421,10000.000000017099,0.0,0.0,0,0,0,0,0,0,clean_or_minor
TP_0422,9999.999999900501,0.0,0.0,0,0,0,0,0,0,clean_or_minor
TP_0423,10000.000000059481,0.0,0.0,0,0,0,0,0,0,clean_or_minor
TP_0424,9999.999999939973,0.0,0.0,0,0,0,0,0,0,clean_or_minor
TP_0425,10000.000000032742,0.0,0.0,0,0,0,0,0,0,clean_or_minor
TP_0426,9999.999999986903,0.0,0.0,0,0,0,0,0,0,clean_or_minor
TP_0427,10000.000000006912,0.0,0.0,0,0,0,0,0,0,clean_or_minor
TP_0428,10000.000000026012,0.0,0.0,0,0,0,0,0,0,clean_or_minor
TP_0429,9999.999999977808,0.0,0.0,0,0,0,0,0,0,clean_or_minor
TP_0430,9999.99999999909,0.0,0.0,0,0,0,0,0,0,clean_or_minor
TP_0431,10000.000000026921,5740.921388897888,0.5740921388882433,1,0,6,1,0,0,major_confounding
TP_0432,9999.999999977808,541.9799505844782,0.054197995058568094,0,0,1,1,0,0,moderate_confounding
TP_0433,9999.99999998854,0.0,0.0,0,0,0,0,0,0,clean_or_minor
TP_0434,10000.00000000764,0.0,0.0,0,0,0,0,0,0,clean_or_minor
TP_0435,10000.000000101136,0.0,0.0,0,0,0,0,0,0,clean_or_minor
TP_0436,9999.9999999789,0.0,0.0,0,0,0,0,0,0,clean_or_minor
TP_0437,10000.00000007858,204.35063725979742,0.02043506372581916,1,0,0,0,0,0,moderate_confounding
TP_0438,10000.000000033651,592.9096403134618,0.059290964031146656,6,0,0,0,0,0,moderate_confounding
TP_0439,9999.999999986358,568.5911517922426,0.05685911517930183,6,0,0,0,0,0,moderate_confounding
TP_0440,10000.000000017644,618.6893074976292,0.06186893074965376,5,0,0,0,0,0,moderate_confounding
TP_0441,9999.999999975262,0.0,0.0,0,0,0,0,0,0,clean_or_minor
TP_0442,9999.999999998909,0.0,0.0,0,0,0,0,0,0,clean_or_minor
TP_0443,10000.000000022192,0.0,0.0,0,0,0,0,0,0,clean_or_minor
TP_0444,9999.999999973807,0.0,0.0,0,0,0,0,0,0,clean_or_minor
TP_0445,10000.000000070213,0.0,0.0,0,0,0,0,0,0,clean_or_minor
TP_0446,10000.000000028558,0.0,0.0,0,0,0,0,0,0,clean_or_minor
TP_0447,9999.999999839565,0.0,0.0,0,0,0,0,0,0,clean_or_minor
TP_0448,10000.000000005093,0.0,0.0,0,0,0,0,0,0,clean_or_minor
TP_0449,10000.000000035106,0.0,0.0,0,0,0,0,0,0,clean_or_minor
TP_0450,9999.999999983447,0.0,0.0,0,0,0,0,0,0,clean_or_minor
TP_0451,9999.9999999367,0.0,0.0,0,0,0,0,0,0,clean_or_minor
TP_0452,10000.000000110049,0.0,0.0,0,0,0,0,0,0,clean_or_minor
TP_0453,9999.999999913234,17.849297740272583,0.0017849297740427455,1,0,0,0,0,0,clean_or_minor
TP_0454,10000.000000074579,300.0100004252084,0.030001000042297093,1,0,0,0,0,0,moderate_confounding
TP_0455,10000.000000025648,70.64306848785019,0.0070643068487669,1,0,0,0,0,0,clean_or_minor
TP_0456,10000.000000049295,0.0,0.0,0,0,0,0,0,0,clean_or_minor
TP_0457,9999.999999923239,0.0,0.0,0,0,0,0,0,0,clean_or_minor
TP_0458,9999.999999939791,0.0,0.0,0,0,0,0,0,0,clean_or_minor
TP_0459,10000.000000107138,0.0,0.0,0,0,0,0,0,0,clean_or_minor
TP_0460,9999.999999909414,3410.9580489465347,0.3410958048977433,0,0,5,0,0,0,major_confounding
TP_0461,10000.000000070759,0.0,0.0,0,0,0,0,0,0,clean_or_minor
TP_0462,9999.999999882311,0.0,0.0,0,0,0,0,0,0,clean_or_minor
TP_0463,10000.000000047476,0.0,0.0,0,0,0,0,0,0,clean_or_minor
TP_0464,10000.00000006603,0.0,0.0,0,0,0,0,0,0,clean_or_minor
TP_0465,10000.000000018917,0.0,0.0,0,0,0,0,0,0,clean_or_minor
TP_0466,10000.000000044383,0.0,0.0,0,0,0,0,0,0,clean_or_minor
TP_0467,9999.999999997272,0.0,0.0,0,0,0,0,0,0,clean_or_minor
TP_0468,10000.00000002874,266.5219857320287,0.026652198573126274,3,0,0,0,0,0,moderate_confounding
TP_0469,9999.999999981264,438.3212028897396,0.04383212028905608,4,0,0,0,0,0,moderate_confounding
TP_0470,10000.000000006548,160.94344202493346,0.01609434420248281,1,0,0,0,0,0,clean_or_minor
TP_0471,10000.000000034743,0.0,0.0,0,0,0,0,0,0,clean_or_minor
TP_0472,9999.999999986176,448.0496544382561,0.04480496544388755,2,0,0,0,0,0,moderate_confounding
TP_0473,9999.999999940883,0.0,0.0,0,0,0,0,0,0,clean_or_minor
TP_0474,10000.000000108412,0.0,0.0,0,0,0,0,0,0,clean_or_minor
TP_0475,9999.999999923239,173.54363439247643,0.01735436343938086,0,0,0,1,0,0,clean_or_minor
TP_0476,9999.999999881038,0.0,0.0,0,0,0,0,0,0,clean_or_minor
TP_0477,10000.00000004784,0.0,0.0,0,0,0,0,0,0,clean_or_minor
TP_0478,10000.000000068212,0.0,0.0,0,0,0,0,0,0,clean_or_minor
TP_0479,9999.999999945794,97.2789889372598,0.009727898893778711,3,0,0,1,0,0,clean_or_minor
TP_0480,9999.999999965621,164.38487230717374,0.016438487230773888,1,0,0,1,0,0,clean_or_minor
TP_0481,10000.00000013115,0.0,0.0,0,0,0,0,0,0,clean_or_minor
TP_0482,9999.999999874854,0.0,0.0,0,0,0,0,0,0,clean_or_minor
TP_0483,10000.000000037471,0.0,0.0,0,0,0,0,0,0,clean_or_minor
TP_0484,9999.999999988358,0.0,0.0,0,0,0,0,0,0,clean_or_minor
TP_0485,10000.000000078762,0.0,0.0,0,0,0,0,0,0,clean_or_minor
TP_0486,9999.999999889587,0.0,0.0,0,0,0,0,0,0,clean_or_minor
TP_0487,9999.999999984902,0.0,0.0,0,0,0,0,0,0,clean_or_minor
TP_0488,10000.000000071668,0.0,0.0,0,0,0,0,0,0,clean_or_minor
TP_0489,9999.999999954525,0.0,0.0,0,0,0,0,0,0,clean_or_minor
TP_0490,10000.000000116233,0.0,0.0,0,0,0,0,0,0,clean_or_minor
TP_0491,9999.999999850479,0.0,0.0,0,0,0,0,0,0,clean_or_minor
TP_0492,10000.000000082218,0.0,0.0,0,0,0,0,0,0,clean_or_minor
TP_0493,9999.999999956162,0.0,0.0,0,0,0,0,0,0,clean_or_minor
TP_0494,10000.000000123327,0.0,0.0,0,0,0,0,0,0,clean_or_minor
TP_0495,10000.000000011642,0.0,0.0,0,0,0,0,0,0,clean_or_minor
TP_0496,9999.999999895954,0.0,0.0,0,0,0,0,0,0,clean_or_minor
TP_0497,10000.000000062573,0.0,0.0,0,0,0,0,0,0,clean_or_minor
TP_0498,10000.000000021646,0.0,0.0,0,0,0,0,0,0,clean_or_minor
TP_0499,10000.00000004784,0.0,0.0,0,0,0,0,0,0,clean_or_minor
TP_0500,9999.999999933607,0.0,0.0,0,0,0,0,0,0,clean_or_minor
TP_0501,9999.999999960528,72.48616552907069,0.007248616552935681,3,0,0,0,0,0,clean_or_minor
TP_0502,9999.999999983447,64.52210187228161,0.0064522101872388415,2,0,0,0,0,0,clean_or_minor
TP_0503,10000.000000081673,0.0,0.0,0,0,0,0,0,0,clean_or_minor
TP_0504,9999.999999962893,9.945743444848066,0.0009945743444884972,0,0,0,1,0,0,clean_or_minor
TP_0505,10000.00000005457,0.0,0.0,0,0,0,0,0,0,clean_or_minor
TP_0506,10000.000000007094,0.0,0.0,0,0,0,0,0,0,clean_or_minor
TP_0507,9999.999999955617,0.0,0.0,0,0,0,0,0,0,clean_or_minor
TP_0508,9999.999999911597,0.0,0.0,0,0,0,0,0,0,clean_or_minor
TP_0509,10000.00000008331,0.0,0.0,0,0,0,0,0,0,clean_or_minor
TP_0510,10000.000000034015,0.0,0.0,0,0,0,0,0,0,clean_or_minor
TP_0511,9999.999999910688,0.0,0.0,0,0,0,0,0,0,clean_or_minor
TP_0512,10000.000000078035,6.07774335516112,0.0006077743355113693,1,0,0,0,0,0,clean_or_minor
TP_0513,9999.999999961437,116.6321238292761,0.011663212382972587,0,0,0,2,1,0,clean_or_minor
TP_0514,10000.000000054933,0.0,0.0,0,0,0,0,0,0,clean_or_minor
TP_0515,9999.999999931788,0.0,0.0,0,0,0,0,0,0,clean_or_minor
TP_0516,9999.999999952524,0.0,0.0,0,0,0,0,0,0,clean_or_minor
TP_0517,10000.00000005075,1758.700506872428,0.17587005068635025,0,0,2,0,0,0,major_confounding
TP_0518,10000.000000066575,1379.0131956037312,0.13790131955945503,0,0,3,0,0,0,major_confounding
TP_0519,10000.000000014916,0.0,0.0,0,0,0,0,0,0,clean_or_minor
TP_0520,9999.999999896318,0.0,0.0,0,0,0,0,0,0,clean_or_minor
TP_0521,10000.000000053114,0.0,0.0,0,0,0,0,0,0,clean_or_minor
TP_0522,10000.000000002365,0.0,0.0,0,0,0,0,0,0,clean_or_minor
TP_0523,10000.000000086402,0.0,0.0,0,0,0,0,0,0,clean_or_minor
TP_0524,9999.99999996835,0.0,0.0,0,0,0,0,0,0,clean_or_minor
TP_0525,9999.999999998545,0.0,0.0,0,0,0,0,0,0,clean_or_minor
TP_0526,9999.999999958345,0.0,0.0,0,0,0,0,0,0,clean_or_minor
TP_0527,10000.000000056752,0.0,0.0,0,0,0,0,0,0,clean_or_minor
TP_0528,10000.00000001346,0.0,0.0,0,0,0,0,0,0,clean_or_minor
TP_0529,10000.000000036562,0.0,0.0,0,0,0,0,0,0,clean_or_minor
TP_0530,9999.999999849751,65.66021762727034,0.006566021762825688,0,0,0,0,1,0,clean_or_minor
TP_0531,10000.0000000191,217.49413672547533,0.021749413672505994,0,0,0,1,1,0,moderate_confounding
TP_0532,10000.00000004311,264.655373617589,0.02646553736164481,0,0,0,0,1,0,moderate_confounding
TP_0533,9999.999999992906,250.48390582962472,0.02504839058298024,0,0,0,0,1,0,moderate_confounding
TP_0534,10000.000000157888,383.0591285133079,0.03830591285072598,0,0,0,1,1,0,moderate_confounding
TP_0535,9999.999999900137,0.0,0.0,0,0,0,0,0,0,clean_or_minor
TP_0536,9999.999999928332,0.0,0.0,0,0,0,0,0,0,clean_or_minor
TP_0537,9999.999999956162,0.0,0.0,0,0,0,0,0,0,clean_or_minor
TP_0538,10000.000000118234,3488.7433470801343,0.3488743347038885,0,0,1,2,4,0,major_confounding
TP_0539,9999.999999923239,393.4427655838126,0.03934427655868327,3,0,0,1,0,0,moderate_confounding
TP_0540,9999.999999946886,0.0,0.0,0,0,0,0,0,0,clean_or_minor
TP_0541,10000.000000116597,299.7167238200113,0.029971672381651666,2,0,0,1,0,0,moderate_confounding
TP_0542,10000.000000064392,1674.6375549499055,0.1674637554939122,0,0,0,2,3,0,major_confounding
TP_0543,9999.999999870488,53.31661911406288,0.005331661911475339,0,0,0,0,1,0,clean_or_minor
TP_0544,9999.99999996744,0.0,0.0,0,0,0,0,0,0,clean_or_minor
TP_0545,9999.999999985994,0.0,0.0,0,0,0,0,0,0,clean_or_minor
TP_0546,10000.000000072396,3641.34523490426,0.3641345234877898,0,0,3,0,0,0,major_confounding
TP_0547,9999.999999954525,804.5766338495341,0.08045766338531929,0,0,1,0,0,0,moderate_confounding
TP_0548,10000.00000004893,0.0,0.0,0,0,0,0,0,0,clean_or_minor
TP_0549,9999.999999925058,0.0,0.0,0,0,0,0,0,0,clean_or_minor
TP_0550,9999.999999943611,0.0,0.0,0,0,0,0,0,0,clean_or_minor
TP_0551,10000.000000036925,0.0,0.0,0,0,0,0,0,0,clean_or_minor
TP_0552,9999.999999981264,0.0,0.0,0,0,0,0,0,0,clean_or_minor
TP_0553,10000.00000001237,0.0,0.0,0,0,0,0,0,0,clean_or_minor
TP_0554,10000.000000041655,0.0,0.0,0,0,0,0,0,0,clean_or_minor
TP_0555,9999.999999995998,0.0,0.0,0,0,0,0,0,0,clean_or_minor
TP_0556,9999.99999994834,72.09817694761323,0.007209817694798568,0,0,0,1,0,0,clean_or_minor
TP_0557,10000.000000117689,883.842021345882,0.08838420213354801,0,0,0,2,2,0,moderate_confounding
TP_0558,10000.000000000364,0.0,0.0,0,0,0,0,0,0,clean_or_minor
TP_0559,9999.999999951615,43.97137070215091,0.004397137070236366,1,0,0,0,1,0,clean_or_minor
TP_0560,9999.999999981992,84.62855283429214,0.008462855283444454,2,0,0,1,1,0,clean_or_minor
TP_0561,9999.999999937427,44.392942964831796,0.004439294296510958,1,0,0,0,0,0,clean_or_minor
TP_0562,10000.000000102773,69.50605592291151,0.006950605592219718,1,0,0,0,0,0,clean_or_minor
TP_0563,9999.999999988177,177.95511076515777,0.01779551107653682,0,0,0,1,0,0,clean_or_minor
TP_0564,10000.00000001237,557.00564442772,0.0557005644427031,1,0,0,2,0,0,moderate_confounding
TP_0565,9999.999999893771,0.0,0.0,0,0,0,0,0,0,clean_or_minor
TP_0566,10000.000000059845,1036.8512678443492,0.10368512678381442,0,0,1,0,0,0,major_confounding
TP_0567,10000.000000084765,2996.6964574252347,0.29966964573998334,0,0,2,0,2,0,major_confounding
TP_0568,9999.999999899956,1696.944960719391,0.1696944960736368,1,0,1,0,0,0,major_confounding
TP_0569,9999.999999992178,1484.9878083791873,0.1484987808380349,4,0,1,4,0,0,major_confounding
TP_0570,10000.00000007476,777.6032622675804,0.0777603262261767,2,0,0,2,0,0,moderate_confounding
TP_0571,10000.000000026012,2829.959210926179,0.28299592109188176,0,0,3,3,2,0,major_confounding
TP_0572,9999.999999911961,1023.1362037654251,0.10231362037744327,3,0,3,3,1,0,major_confounding
TP_0573,10000.000000006366,101.47633887604403,0.010147633887597943,3,0,0,0,0,0,clean_or_minor
TP_0574,9999.999999958163,165.98283114540928,0.016598283114610368,0,0,2,0,0,0,clean_or_minor
TP_0575,10000.00000004984,4354.587374919209,0.43545873748975056,0,0,5,0,0,0,major_confounding
TP_0576,9999.999999930878,0.0,0.0,0,0,0,0,0,0,clean_or_minor
TP_0577,10000.000000084401,0.0,0.0,0,0,0,0,0,0,clean_or_minor
TP_0578,9999.99999996071,0.0,0.0,0,0,0,0,0,0,clean_or_minor
TP_0579,10000.00000005657,0.0,0.0,0,0,0,0,0,0,clean_or_minor
TP_0580,10000.000000002,0.0,0.0,0,0,0,0,0,0,clean_or_minor
TP_0581,10000.00000002783,2374.7387497666095,0.23747387497600006,0,0,0,0,4,0,major_confounding
TP_0582,10000.000000122964,0.0,0.0,0,0,0,0,0,0,clean_or_minor
TP_0583,9999.99999986303,0.0,0.0,0,0,0,0,0,0,clean_or_minor
TP_0584,10000.00000003165,310.9229967367437,0.031092299673575963,2,0,0,2,0,0,moderate_confounding
TP_0585,9999.999999983083,132.37331052485624,0.013237331052508017,1,0,0,0,0,0,clean_or_minor
TP_0586,10000.000000152613,0.0,0.0,0,0,0,0,0,0,clean_or_minor
TP_0587,9999.999999830288,1407.175786682218,0.14071757867060994,0,0,2,0,0,0,major_confounding
TP_0588,10000.000000143518,2804.4596349058875,0.2804459634865638,0,0,2,0,0,0,major_confounding
TP_0589,9999.999999952524,3013.944766085879,0.3013944766100188,0,0,3,0,1,0,major_confounding
TP_0590,9999.9999998985,4004.746365837706,0.4004746365878354,0,0,2,0,1,0,major_confounding
TP_0591,10000.000000072578,1995.744505493524,0.19957445054790393,0,0,2,0,1,0,major_confounding
TP_0592,9999.99999995689,12.359776068437895,0.001235977606849118,2,0,0,0,0,0,clean_or_minor
TP_0593,10000.00000004984,774.482088110814,0.07744820881069539,4,0,0,1,0,0,moderate_confounding
TP_0594,9999.999999934516,147.799269437242,0.014779926943820985,4,0,0,0,0,0,clean_or_minor
TP_0595,10000.000000098771,501.20636450155257,0.05012063644966021,0,0,1,0,0,0,moderate_confounding
TP_0596,10000.000000050568,143.08706874053487,0.014308706873981131,0,0,1,0,0,0,clean_or_minor
TP_0597,9999.99999992906,276.5691885593137,0.02765691885612757,4,0,1,0,0,0,moderate_confounding
TP_0598,9999.99999995598,201.49841057353754,0.020149841057442452,5,0,0,1,0,0,moderate_confounding
TP_0599,10000.000000057298,0.0,0.0,0,0,0,0,0,0,clean_or_minor
TP_0600,9999.999999936881,1482.5122203200526,0.148251222032941,0,0,0,1,1,0,major_confounding
TP_0601,10000.00000009295,1197.3690286490998,0.11973690286379703,1,0,0,0,1,0,major_confounding
TP_0602,9999.999999969623,0.0,0.0,0,0,0,0,0,0,clean_or_minor
TP_0603,9999.999999921602,3423.806592040154,0.34238065920669963,0,1,3,0,0,0,major_confounding
TP_0604,10000.000000013279,1826.637103797354,0.18266371037949286,0,0,3,0,0,0,major_confounding
TP_0605,9999.999999961074,0.0,0.0,0,0,0,0,0,0,clean_or_minor
TP_0606,10000.000000059299,0.0,0.0,0,0,0,0,0,0,clean_or_minor
TP_0607,10000.000000009459,0.0,0.0,0,0,0,0,0,0,clean_or_minor
TP_0608,10000.000000094951,0.0,0.0,0,0,0,0,0,0,clean_or_minor
TP_0609,9999.999999972897,0.0,0.0,0,0,0,0,0,0,clean_or_minor
TP_0610,10000.00000005657,1010.9083672820351,0.10109083672763164,0,0,0,0,2,0,major_confounding
TP_0611,10000.0000000804,2540.4344941026743,0.25404344940822493,0,0,0,0,2,0,major_confounding
TP_0612,9999.999999825013,2465.527688160986,0.24655276882041297,0,0,0,0,2,0,major_confounding
TP_0613,10000.000000066757,243.88277975521657,0.02438827797535885,1,0,0,1,2,0,moderate_confounding
TP_0614,9999.999999959255,0.0,0.0,0,0,0,0,0,0,clean_or_minor
TP_0615,10000.000000125692,0.0,0.0,0,0,0,0,0,0,clean_or_minor
TP_0616,9999.999999865395,0.0,0.0,0,0,0,0,0,0,clean_or_minor
TP_0617,10000.000000105138,0.0,0.0,0,0,0,0,0,0,clean_or_minor
TP_0618,9999.999999989086,0.0,0.0,0,0,0,0,0,0,clean_or_minor
TP_0619,9999.999999945794,0.0,0.0,0,0,0,0,0,0,clean_or_minor
TP_0620,9999.99999996653,0.0,0.0,0,0,0,0,0,0,clean_or_minor
TP_0621,10000.000000135333,0.0,0.0,0,0,0,0,0,0,clean_or_minor
TP_0622,9999.999999883585,234.63310652170085,0.023463310652443232,6,0,0,0,0,0,moderate_confounding
TP_0623,10000.000000041473,247.90551115155907,0.024790551115053093,6,0,0,0,0,0,moderate_confounding
TP_0624,9999.999999989632,74.67967819629389,0.007467967819637132,3,0,0,0,0,0,clean_or_minor
TP_0625,10000.00000001346,210.58480837801008,0.02105848083777266,4,0,0,0,0,0,moderate_confounding
TP_0626,10000.000000035652,173.75882883085413,0.017375882883023466,2,0,0,0,0,0,clean_or_minor
TP_0627,9999.999999919237,0.0,0.0,0,0,0,0,0,0,clean_or_minor
TP_0628,10000.000000011823,0.0,0.0,0,0,0,0,0,0,clean_or_minor
TP_0629,10000.000000038926,160.0109195230872,0.016001091952246433,0,0,0,1,0,0,clean_or_minor
TP_0630,10000.000000068758,0.0,0.0,0,0,0,0,0,0,clean_or_minor
TP_0631,9999.999999945248,672.8218148239233,0.06728218148276072,0,1,0,0,0,0,moderate_confounding
TP_0632,9999.999999962529,3811.4438557873546,0.38114438558016367,0,1,5,0,0,0,major_confounding
TP_0633,10000.000000053296,0.0,0.0,0,0,0,0,0,0,clean_or_minor
TP_0634,10000.000000006185,0.0,0.0,0,0,0,0,0,0,clean_or_minor
TP_0635,9999.999999955071,0.0,0.0,0,0,0,0,0,0,clean_or_minor
TP_0636,10000.000000046748,0.0,0.0,0,0,0,0,0,0,clean_or_minor
TP_0637,9999.999999932334,0.0,0.0,0,0,0,0,0,0,clean_or_minor
TP_0638,10000.000000020736,0.0,0.0,0,0,0,0,0,0,clean_or_minor
TP_0639,10000.000000016735,0.0,0.0,0,0,0,0,0,0,clean_or_minor
TP_0640,10000.000000052933,0.0,0.0,0,0,0,0,0,0,clean_or_minor
TP_0641,9999.999999939973,0.0,0.0,0,0,0,0,0,0,clean_or_minor
TP_0642,10000.000000173895,0.0,0.0,0,0,0,0,0,0,clean_or_minor
TP_0643,9999.999999848114,0.0,0.0,0,0,0,0,0,0,clean_or_minor
TP_0644,10000.00000001637,0.0,0.0,0,0,0,0,0,0,clean_or_minor
TP_0645,9999.999999969441,191.9507939927032,0.01919507939932898,0,0,0,1,0,0,clean_or_minor
TP_0646,10000.000000064756,0.0,0.0,0,0,0,0,0,0,clean_or_minor
TP_0647,9999.999999948886,113.73803818000418,0.011373803818058553,3,0,0,0,0,0,clean_or_minor
TP_0648,10000.000000046748,234.01489470968392,0.023401489470858995,3,0,0,0,0,0,moderate_confounding
TP_0649,9999.999999933425,639.3527222086728,0.06393527222129293,10,0,0,0,0,0,moderate_confounding
TP_0650,10000.00000010441,575.2095597524784,0.057520955974647264,7,0,0,0,0,0,moderate_confounding
TP_0651,9999.999999907413,333.4936892541929,0.03334936892572806,7,0,0,0,0,0,moderate_confounding
TP_0652,10000.000000001637,85.1887529055367,0.008518875290552275,4,0,0,0,0,0,clean_or_minor
TP_0653,10000.000000030013,58.63479990107094,0.005863479990089496,2,0,0,0,0,0,clean_or_minor
TP_0654,9999.999999913598,106.55814421140754,0.010655814421232822,2,0,0,0,0,0,clean_or_minor
TP_0655,10000.00000000764,0.0,0.0,0,0,0,0,0,0,clean_or_minor
TP_0656,10000.000000026557,29.13575572668172,0.002913575572660434,1,0,0,0,0,0,clean_or_minor
TP_0657,9999.999999983265,198.05204097523534,0.019805204097556678,3,0,0,0,0,0,clean_or_minor
TP_0658,10000.00000007185,0.0,0.0,0,0,0,0,0,0,clean_or_minor
TP_0659,10000.000000016553,0.0,0.0,0,0,0,0,0,0,clean_or_minor
TP_0660,9999.999999907232,1044.7661295842051,0.10447661295938973,0,1,0,0,0,0,major_confounding
TP_0661,10000.000000007822,46.25759603620457,0.004625759603616839,0,0,1,0,0,0,clean_or_minor
TP_0662,10000.000000025648,0.0,0.0,0,0,0,0,0,0,clean_or_minor
TP_0663,10000.00000003838,0.0,0.0,0,0,0,0,0,0,clean_or_minor
TP_0664,9999.99999991851,0.0,0.0,0,0,0,0,0,0,clean_or_minor
TP_0665,10000.000000010368,0.0,0.0,0,0,0,0,0,0,clean_or_minor
TP_0666,9999.99999995398,0.0,0.0,0,0,0,0,0,0,clean_or_minor
TP_0667,9999.999999977263,0.0,0.0,0,0,0,0,0,0,clean_or_minor
TP_0668,9999.999999992178,0.0,0.0,0,0,0,0,0,0,clean_or_minor
TP_0669,10000.000000085856,372.61148485192774,0.037261148484872865,2,0,0,0,1,0,moderate_confounding
TP_0670,9999.999999904321,387.39963437405714,0.03873996343777637,1,0,0,0,1,0,moderate_confounding
TP_0671,10000.000000218824,0.0,0.0,0,0,0,0,0,0,clean_or_minor
TP_0672,9999.999999883585,0.0,0.0,0,0,0,0,0,0,clean_or_minor
TP_0673,9999.999999908869,116.73688323475758,0.011673688323582142,2,0,0,0,0,0,clean_or_minor
TP_0674,10000.00000001237,511.73318663179526,0.05117331866311623,2,0,0,0,0,0,moderate_confounding
TP_0675,10000.00000003838,99.73169271339977,0.009973169271301699,1,0,0,1,0,0,clean_or_minor
TP_0676,9999.999999926149,588.8503926803679,0.05888503926847166,8,0,0,1,0,0,moderate_confounding
TP_0677,10000.000000096043,248.03699483333256,0.024803699483095035,5,0,0,0,0,0,moderate_confounding
TP_0678,9999.999999971624,7.173581988917817,0.0007173581988938173,1,0,0,0,0,0,clean_or_minor
TP_0679,9999.999999991269,367.48588925344563,0.03674858892537665,5,0,0,0,0,0,moderate_confounding
TP_0680,10000.000000021282,237.06556237034715,0.023706556236984262,6,0,0,0,0,0,moderate_confounding
TP_0681,9999.999999981992,508.54036512413984,0.050854036512505564,7,0,0,0,0,0,moderate_confounding
TP_0682,10000.00000007476,0.0,0.0,0,0,0,0,0,0,clean_or_minor
TP_0683,9999.999999886677,81.94341440261961,0.008194341440354821,2,0,0,0,0,0,clean_or_minor
TP_0684,10000.000000052205,437.21995926234496,0.043721995926006244,6,0,0,0,0,0,moderate_confounding
TP_0685,9999.999999998909,203.78824659607866,0.02037882465961009,4,0,0,0,0,0,moderate_confounding
TP_0686,9999.999999943975,163.17076550458967,0.016317076550550383,3,0,0,0,0,0,clean_or_minor
TP_0687,10000.000000043474,0.0,0.0,0,0,0,0,0,0,clean_or_minor
TP_0688,9999.999999999818,1359.365250116986,0.1359365250117011,0,12,0,0,0,0,major_confounding
TP_0689,9999.99999994634,1140.089249326591,0.11400892493327087,0,2,0,0,0,0,major_confounding
TP_0690,10000.000000040018,0.0,0.0,0,0,0,0,0,0,clean_or_minor
TP_0691,9999.99999999327,0.0,0.0,0,0,0,0,0,0,clean_or_minor
TP_0692,10000.000000086766,0.0,0.0,0,0,0,0,0,0,clean_or_minor
TP_0693,9999.999999969623,0.0,0.0,0,0,0,0,0,0,clean_or_minor
TP_0694,9999.99999991669,0.0,0.0,0,0,0,0,0,0,clean_or_minor
TP_0695,10000.00000007658,0.0,0.0,0,0,0,0,0,0,clean_or_minor
TP_0696,9999.999999955071,0.0,0.0,0,0,0,0,0,0,clean_or_minor
TP_0697,10000.0000001015,135.30943600102268,0.013530943599964929,2,0,0,0,0,0,clean_or_minor
TP_0698,9999.999999991269,175.25752186630442,0.017525752186645743,3,0,0,0,0,0,clean_or_minor
TP_0699,9999.999999871943,0.0,0.0,0,0,0,0,0,0,clean_or_minor
TP_0700,10000.00000018299,0.0,0.0,0,0,0,0,0,0,clean_or_minor
TP_0701,9999.999999927422,0.0,0.0,0,0,0,0,0,0,clean_or_minor
TP_0702,9999.999999950705,222.41736672923452,0.022241736673033093,1,0,0,0,0,0,moderate_confounding
TP_0703,10000.000000046566,0.0,0.0,0,0,0,0,0,0,clean_or_minor
TP_0704,9999.999999932152,0.0,0.0,0,0,0,0,0,0,clean_or_minor
TP_0705,9999.99999995598,0.0,0.0,0,0,0,0,0,0,clean_or_minor
TP_0706,10000.00000005275,148.15291023417132,0.01481529102333898,3,0,0,0,0,0,clean_or_minor
TP_0707,10000.000000014188,132.00690969930116,0.013200690969911387,2,0,0,0,0,0,clean_or_minor
TP_0708,9999.999999966894,0.0,0.0,0,0,0,0,0,0,clean_or_minor
TP_0709,10000.00000006039,44.12312069824226,0.00441231206979758,2,0,0,0,0,0,clean_or_minor
TP_0710,9999.99999994452,3.100718432737792,0.00031007184327549943,1,0,0,0,0,0,clean_or_minor
TP_0711,10000.000000111686,38.22353167824113,0.0038223531677814226,1,0,0,0,0,0,clean_or_minor
TP_0712,9999.999999918327,59.5069268047245,0.005950692680521051,1,0,0,0,0,0,clean_or_minor
TP_0713,10000.000000014916,217.0666316815039,0.021706663168118014,3,0,0,0,0,0,moderate_confounding
TP_0714,10000.000000047476,78.79151981174836,0.00787915198113743,1,0,0,0,0,0,clean_or_minor
TP_0715,10000.000000000728,242.8153279792641,0.024281532797924645,3,0,0,0,0,0,moderate_confounding
TP_0716,9999.999999948159,588.9811485113466,0.058898114851439996,0,4,0,0,0,0,moderate_confounding
TP_0717,10000.000000038199,13967.449683954655,1.0,0,21,0,0,0,0,major_confounding
TP_0718,9999.999999914144,776.4616510572744,0.07764616510639408,0,3,0,0,0,0,moderate_confounding
TP_0719,10000.000000002,0.0,0.0,0,0,0,0,0,0,clean_or_minor
TP_0720,10000.000000030559,0.0,0.0,0,0,0,0,0,0,clean_or_minor
TP_0721,10000.000000127147,0.0,0.0,0,0,0,0,0,0,clean_or_minor
TP_0722,10000.000000001637,0.0,0.0,0,0,0,0,0,0,clean_or_minor
TP_0723,9999.999999880856,0.0,0.0,0,0,0,0,0,0,clean_or_minor
TP_0724,10000.00000004602,0.0,0.0,0,0,0,0,0,0,clean_or_minor
TP_0725,9999.999999991996,0.0,0.0,0,0,0,0,0,0,clean_or_minor
TP_0726,10000.00000013315,0.0,0.0,0,0,0,0,0,0,clean_or_minor
TP_0727,9999.999999873398,49.763097037941534,0.004976309703857154,1,0,0,0,0,0,clean_or_minor
TP_0728,10000.00000004602,0.0,0.0,0,0,0,0,0,0,clean_or_minor
TP_0729,10000.00000000764,0.0,0.0,0,0,0,0,0,0,clean_or_minor
TP_0730,9999.999999964348,0.0,0.0,0,0,0,0,0,0,clean_or_minor
TP_0731,9999.99999999418,0.0,0.0,0,0,0,0,0,0,clean_or_minor
TP_0732,10000.000000167893,0.0,0.0,0,0,0,0,0,0,clean_or_minor
TP_0733,9999.999999835745,0.0,0.0,0,0,0,0,0,0,clean_or_minor
TP_0734,10000.000000069667,687.806607840188,0.06878066078353963,0,2,0,0,0,0,moderate_confounding
TP_0735,10000.000000026921,249.31625680910224,0.024931625680843107,0,2,0,0,0,0,moderate_confounding
TP_0736,9999.999999909414,0.0,0.0,0,0,0,0,0,0,clean_or_minor
TP_0737,10000.000000004184,0.0,0.0,0,0,0,0,0,0,clean_or_minor
TP_0738,10000.000000030559,123.79677569465902,0.012379677569428071,4,0,0,0,0,0,clean_or_minor
TP_0739,9999.999999980719,326.268863779759,0.03262688637803881,4,0,0,0,0,0,moderate_confounding
TP_0740,10000.000000073669,0.0,0.0,0,0,0,0,0,0,clean_or_minor
TP_0741,10000.00000003456,67.31687893430787,0.006731687893407522,2,0,0,0,0,0,clean_or_minor
TP_0742,9999.99999991669,123.989031246682,0.012398903124771495,3,0,0,0,0,0,clean_or_minor
TP_0743,10000.000000002365,61.322826001197775,0.006132282600118328,1,0,0,0,0,0,clean_or_minor
TP_0744,10000.000000095133,139.03317777708668,0.013903317777576401,3,0,0,0,0,0,clean_or_minor
TP_0745,9999.999999839383,3210.1364156673317,0.32101364157188916,0,8,0,0,0,0,major_confounding
TP_0746,10000.00000007767,13408.955300003832,1.0,0,25,0,0,0,0,major_confounding
TP_0747,9999.999999961801,0.0,0.0,0,0,0,0,0,0,clean_or_minor
TP_0748,9999.999999982901,0.0,0.0,0,0,0,0,0,0,clean_or_minor
TP_0749,10000.000000069667,0.0,0.0,0,0,0,0,0,0,clean_or_minor
TP_0750,9999.999999947613,0.0,0.0,0,0,0,0,0,0,clean_or_minor
TP_0751,10000.000000039654,0.0,0.0,0,0,0,0,0,0,clean_or_minor
TP_0752,10000.000000065847,0.0,0.0,0,0,0,0,0,0,clean_or_minor
TP_0753,9999.99999994725,0.0,0.0,0,0,0,0,0,0,clean_or_minor
TP_0754,9999.999999969077,0.0,0.0,0,0,0,0,0,0,clean_or_minor
TP_0755,10000.000000039654,93.57862648786245,0.009357862648749138,0,0,0,1,0,0,clean_or_minor
TP_0756,9999.999999930515,27.99321982797946,0.002799321982817397,1,0,0,0,0,0,clean_or_minor
TP_0757,10000.000000170621,0.0,0.0,0,0,0,0,0,0,clean_or_minor
TP_0758,9999.999999902502,0.0,0.0,0,0,0,0,0,0,clean_or_minor
TP_0759,10000.000000000728,0.0,0.0,0,0,0,0,0,0,clean_or_minor
TP_0760,10000.000000030741,0.0,0.0,0,0,0,0,0,0,clean_or_minor
TP_0761,10000.000000049658,0.0,0.0,0,0,0,0,0,0,clean_or_minor
TP_0762,9999.999999938882,10.795086620103913,0.001079508662016989,0,0,0,1,0,0,clean_or_minor
TP_0763,10000.000000037835,199.5483887655669,0.019954838876481192,0,1,0,1,0,0,clean_or_minor
TP_0764,10000.000000060209,2297.7255066833113,0.2297725506669477,2,2,0,1,0,0,major_confounding
TP_0765,9999.999999876673,0.0,0.0,0,0,0,0,0,0,clean_or_minor
TP_0766,10000.000000035288,70.21905319831986,0.007021905319807206,2,0,0,0,0,0,clean_or_minor
TP_0767,9999.999999987813,197.32721774044455,0.019732721774068505,5,0,0,0,0,0,clean_or_minor
TP_0768,9999.999999946886,143.37404663628206,0.014337404663704359,5,0,0,0,0,0,clean_or_minor
TP_0769,10000.000000043474,106.99541307786885,0.01069954130774037,4,0,0,0,0,0,clean_or_minor
TP_0770,9999.999999998727,40.02450210026805,0.004002450210027314,1,0,0,0,0,0,clean_or_minor
TP_0771,10000.000000021646,0.0,0.0,0,0,0,0,0,0,clean_or_minor
TP_0772,9999.999999902684,0.0,0.0,0,0,0,0,0,0,clean_or_minor
TP_0773,10000.000000070759,0.0,0.0,0,0,0,0,0,0,clean_or_minor
TP_0774,9999.99999995016,6911.997811456931,0.691199781149138,0,13,0,0,0,0,major_confounding
TP_0775,9999.999999971624,2350.3065079357266,0.2350306507942396,0,7,0,0,0,0,major_confounding
TP_0776,10000.000000070213,0.0,0.0,0,0,0,0,0,0,clean_or_minor
TP_0777,10000.000000021828,0.0,0.0,0,0,0,0,0,0,clean_or_minor
TP_0778,9999.999999968531,0.0,0.0,0,0,0,0,0,0,clean_or_minor
TP_0779,9999.999999916326,58.05496706745406,0.005805496706793982,0,0,0,0,1,0,clean_or_minor
TP_0780,10000.000000012733,0.0,0.0,0,0,0,0,0,0,clean_or_minor
TP_0781,10000.000000108776,0.0,0.0,0,0,0,0,0,0,clean_or_minor
TP_0782,9999.999999986358,0.0,0.0,0,0,0,0,0,0,clean_or_minor
TP_0783,9999.99999993579,0.0,0.0,0,0,0,0,0,0,clean_or_minor
TP_0784,10000.000000003274,0.0,0.0,0,0,0,0,0,0,clean_or_minor
TP_0785,10000.000000028194,0.0,0.0,0,0,0,0,0,0,clean_or_minor
TP_0786,10000.000000051296,0.0,0.0,0,0,0,0,0,0,clean_or_minor
TP_0787,9999.999999944703,0.0,0.0,0,0,0,0,0,0,clean_or_minor
TP_0788,9999.99999997217,0.0,0.0,0,0,0,0,0,0,clean_or_minor
TP_0789,10000.000000069667,0.0,0.0,0,0,0,0,0,0,clean_or_minor
TP_0790,10000.000000029831,0.0,0.0,0,0,0,0,0,0,clean_or_minor
TP_0791,9999.999999982356,17.419182762286468,0.0017419182762317203,0,0,0,1,0,0,clean_or_minor
TP_0792,9999.999999940883,20.798036055828778,0.002079803605595173,1,0,0,0,0,0,clean_or_minor
TP_0793,10000.000000177715,1607.7278371049206,0.16077278370763487,1,3,0,1,0,0,major_confounding
TP_0794,9999.999999844295,405.0242360785954,0.040502423608490185,0,0,0,0,1,0,moderate_confounding
TP_0795,10000.000000019827,26.128969065162,0.0026128969065110194,3,0,0,0,0,0,clean_or_minor
TP_0796,10000.000000044201,276.43567510991176,0.027643567510868987,5,0,0,0,0,0,moderate_confounding
TP_0797,9999.999999924512,234.47442475440246,0.023447442475617246,7,0,0,0,0,0,moderate_confounding
TP_0798,10000.000000165892,95.06873003556555,0.009506873003398844,2,0,0,0,0,0,clean_or_minor
TP_0799,9999.999999898137,35.709743641380136,0.0035709743641743888,1,0,0,0,0,0,clean_or_minor
TP_0800,9999.999999991815,95.77132618375724,0.009577132618383563,1,0,0,0,0,0,clean_or_minor
TP_0801,10000.000000094042,0.0,0.0,0,0,0,0,0,0,clean_or_minor
TP_0802,9999.99999997035,6187.892591233409,0.6187892591251756,0,16,0,0,0,0,major_confounding
TP_0803,9999.99999992051,10907.04390983453,1.0,0,25,0,0,0,0,major_confounding
TP_0804,10000.00000001728,384.5130552415199,0.038451305524085544,0,1,0,0,0,0,moderate_confounding
TP_0805,9999.999999963802,0.0,0.0,0,0,0,0,0,0,clean_or_minor
TP_0806,10000.000000128784,0.0,0.0,0,0,0,0,0,0,clean_or_minor
TP_0807,9999.99999986885,0.0,0.0,0,0,0,0,0,0,clean_or_minor
TP_0808,10000.000000036562,303.7146356911083,0.030371463568999786,0,0,0,1,2,0,moderate_confounding
TP_0809,10000.000000063665,0.0,0.0,0,0,0,0,0,0,clean_or_minor
TP_0810,9999.999999932152,0.0,0.0,0,0,0,0,0,0,clean_or_minor
TP_0811,10000.000000020918,0.0,0.0,0,0,0,0,0,0,clean_or_minor
TP_0812,9999.999999972897,0.0,0.0,0,0,0,0,0,0,clean_or_minor
TP_0813,9999.999999969441,0.0,0.0,0,0,0,0,0,0,clean_or_minor
TP_0814,10000.000000063847,0.0,0.0,0,0,0,0,0,0,clean_or_minor
TP_0815,10000.00000002492,0.0,0.0,0,0,0,0,0,0,clean_or_minor
TP_0816,9999.999999983993,0.0,0.0,0,0,0,0,0,0,clean_or_minor
TP_0817,9999.999999939428,0.0,0.0,0,0,0,0,0,0,clean_or_minor
TP_0818,10000.000000033651,0.0,0.0,0,0,0,0,0,0,clean_or_minor
TP_0819,10000.000000129148,0.0,0.0,0,0,0,0,0,0,clean_or_minor
TP_0820,9999.999999870124,0.0,0.0,0,0,0,0,0,0,clean_or_minor
TP_0821,9999.999999969441,108.75016650952553,0.010875016650985786,3,0,0,0,0,0,clean_or_minor
TP_0822,10000.000000069122,2331.1768908304175,0.2331176890814304,7,5,0,3,0,0,major_confounding
TP_0823,9999.999999882675,0.0,0.0,0,0,0,0,0,0,clean_or_minor
TP_0824,9999.999999978536,192.23031640588277,0.019223031640629537,2,0,0,0,0,0,clean_or_minor
TP_0825,10000.000000075852,299.738827679412,0.02997388276771384,1,0,0,0,0,0,moderate_confounding
TP_0826,9999.99999995889,0.0,0.0,0,0,0,0,0,0,clean_or_minor
TP_0827,10000.000000050022,0.0,0.0,0,0,0,0,0,0,clean_or_minor
TP_0828,10000.000000008004,0.0,0.0,0,0,0,0,0,0,clean_or_minor
TP_0829,9999.999999963438,0.0,0.0,0,0,0,0,0,0,clean_or_minor
TP_0830,10000.000000124237,4149.245516706012,0.4149245516654463,0,10,0,0,0,0,major_confounding
TP_0831,10000.000000012915,19947.959873132433,1.0,0,42,0,0,0,0,major_confounding
TP_0832,9999.999999893407,5619.276476008408,0.5619276476068306,0,16,0,0,0,0,major_confounding
TP_0833,9999.999999979445,0.0,0.0,0,0,0,0,0,0,clean_or_minor
TP_0834,9999.999999935972,0.0,0.0,0,0,0,0,0,0,clean_or_minor
TP_0835,10000.000000103319,0.0,0.0,0,0,0,0,0,0,clean_or_minor
TP_0836,9999.999999983811,97.8927644465059,0.009789276444666437,1,0,0,0,0,0,clean_or_minor
TP_0837,10000.000000002547,356.2542154735437,0.0356254215473453,1,0,0,0,0,0,moderate_confounding
TP_0838,10000.000000018917,0.0,0.0,0,0,0,0,0,0,clean_or_minor
TP_0839,10000.000000046566,0.0,0.0,0,0,0,0,0,0,clean_or_minor
TP_0840,9999.999999859938,0.0,0.0,0,0,0,0,0,0,clean_or_minor
TP_0841,10000.000000020009,0.0,0.0,0,0,0,0,0,0,clean_or_minor
TP_0842,10000.00000007949,533.015214447825,0.053301521444358804,5,0,0,1,0,0,moderate_confounding
TP_0843,9999.999999898318,0.0,0.0,0,0,0,0,0,0,clean_or_minor
TP_0844,10000.00000006421,0.0,0.0,0,0,0,0,0,0,clean_or_minor
TP_0845,10000.000000016917,0.0,0.0,0,0,0,0,0,0,clean_or_minor
TP_0846,9999.99999990796,0.0,0.0,0,0,0,0,0,0,clean_or_minor
TP_0847,10000.00000000473,0.0,0.0,0,0,0,0,0,0,clean_or_minor
TP_0848,10000.000000101136,0.0,0.0,0,0,0,0,0,0,clean_or_minor
TP_0849,9999.99999991851,0.0,0.0,0,0,0,0,0,0,clean_or_minor
TP_0850,10000.000000013279,0.0,0.0,0,0,0,0,0,0,clean_or_minor
TP_0851,9999.999999970714,3674.48429786039,0.3674484297871151,1,4,0,1,0,0,major_confounding
TP_0852,9999.999999997635,36.25084868674161,0.0036250848686750184,0,1,0,1,0,0,clean_or_minor
TP_0853,10000.000000020736,140.1892941814086,0.01401892941811179,1,0,0,0,0,0,clean_or_minor
TP_0854,10000.000000042746,286.66666349466595,0.028666666349344058,3,0,0,0,0,0,moderate_confounding
TP_0855,9999.999999925058,0.0,0.0,0,0,0,0,0,0,clean_or_minor
TP_0856,10000.00000002583,0.0,0.0,0,0,0,0,0,0,clean_or_minor
TP_0857,9999.999999977445,0.0,0.0,0,0,0,0,0,0,clean_or_minor
TP_0858,10000.000000066939,3285.7511370962384,0.32857511370742437,0,11,0,0,0,0,major_confounding
TP_0859,10000.000000024193,18819.10191026553,1.0,0,22,0,0,0,0,major_confounding
TP_0860,9999.999999976353,9761.302318955935,0.9761302318979018,0,20,0,0,0,0,major_confounding
TP_0861,10000.000000000546,1048.807681993305,0.10488076819932479,0,1,0,0,0,0,major_confounding
TP_0862,9999.999999955071,0.0,0.0,0,0,0,0,0,0,clean_or_minor
TP_0863,10000.000000045475,0.0,0.0,0,0,0,0,0,0,clean_or_minor
TP_0864,9999.999999925603,272.6608473756237,0.02726608473776522,1,0,0,0,0,0,moderate_confounding
TP_0865,10000.000000021646,263.14675386676606,0.026314675386619645,1,0,0,0,0,0,moderate_confounding
TP_0866,10000.000000042928,0.22339597161748098,2.23395971616522e-05,1,0,0,0,0,0,clean_or_minor
TP_0867,9999.999999919783,0.0,0.0,0,0,0,0,0,0,clean_or_minor
TP_0868,10000.000000082946,0.0,0.0,0,0,0,0,0,0,clean_or_minor
TP_0869,9999.99999989086,0.0,0.0,0,0,0,0,0,0,clean_or_minor
TP_0870,10000.000000053296,0.0,0.0,0,0,0,0,0,0,clean_or_minor
TP_0871,10000.000000122236,280.23006876262355,0.028023006875919812,3,0,0,0,0,0,moderate_confounding
TP_0872,9999.999999863758,0.0,0.0,0,0,0,0,0,0,clean_or_minor
TP_0873,10000.000000033288,0.0,0.0,0,0,0,0,0,0,clean_or_minor
TP_0874,9999.999999995453,511.239456912611,0.051123945691284346,0,0,2,0,1,0,moderate_confounding
TP_0875,10000.000000089312,0.0,0.0,0,0,0,0,0,0,clean_or_minor
TP_0876,9999.999999899592,0.0,0.0,0,0,0,0,0,0,clean_or_minor
TP_0877,10000.000000000364,0.0,0.0,0,0,0,0,0,0,clean_or_minor
TP_0878,10000.000000029286,0.0,0.0,0,0,0,0,0,0,clean_or_minor
TP_0879,9999.999999982356,0.0,0.0,0,0,0,0,0,0,clean_or_minor
TP_0880,10000.000000077307,1506.163384516365,0.15061633845047215,1,3,0,0,0,0,major_confounding
TP_0881,9999.999999890497,841.5173710856075,0.08415173710948223,0,3,0,0,0,0,moderate_confounding
TP_0882,10000.000000057662,0.0,0.0,0,0,0,0,0,0,clean_or_minor
TP_0883,10000.000000016553,365.17273205174297,0.03651727320511385,1,0,0,0,0,0,moderate_confounding
TP_0884,9999.999999971988,88.54815490562325,0.00885481549058713,1,0,0,0,0,0,clean_or_minor
TP_0885,9999.999999996544,0.0,0.0,0,0,0,0,0,0,clean_or_minor
TP_0886,10000.00000002019,1054.536863269662,0.10545368632675328,0,7,0,0,0,0,major_confounding
TP_0887,9999.99999997799,18769.76676205571,1.0,0,40,0,0,0,0,major_confounding
TP_0888,10000.000000143518,11617.98587072834,1.0,0,22,0,0,0,0,major_confounding
TP_0889,9999.999999879947,1240.9777266414383,0.12409777266563367,0,3,0,0,0,0,major_confounding
TP_0890,10000.000000044747,33.2952372987188,0.0033295237298569817,0,1,0,0,0,0,clean_or_minor
TP_0891,9999.999999925421,0.0,0.0,0,0,0,0,0,0,clean_or_minor
TP_0892,10000.000000089858,0.0,0.0,0,0,0,0,0,0,clean_or_minor
TP_0893,9999.999999900501,0.5599182143195933,5.599182143251644e-05,1,0,0,0,0,0,clean_or_minor
TP_0894,9999.999999995816,0.0,0.0,0,0,0,0,0,0,clean_or_minor
TP_0895,10000.000000092223,0.0,0.0,0,0,0,0,0,0,clean_or_minor
TP_0896,10000.000000045475,0.0,0.0,0,0,0,0,0,0,clean_or_minor
TP_0897,9999.99999992233,0.0,0.0,0,0,0,0,0,0,clean_or_minor
TP_0898,10000.000000011278,0.0,0.0,0,0,0,0,0,0,clean_or_minor
TP_0899,10000.000000031469,0.0,0.0,0,0,0,0,0,0,clean_or_minor
TP_0900,10000.0000000804,0.0,0.0,0,0,0,0,0,0,clean_or_minor
TP_0901,9999.999999969987,0.0,0.0,0,0,0,0,0,0,clean_or_minor
TP_0902,9999.999999937063,0.0,0.0,0,0,0,0,0,0,clean_or_minor
TP_0903,9999.999999961256,0.0,0.0,0,0,0,0,0,0,clean_or_minor
TP_0904,10000.000000197906,0.0,0.0,0,0,0,0,0,0,clean_or_minor
TP_0905,9999.999999879583,0.0,0.0,0,0,0,0,0,0,clean_or_minor
TP_0906,9999.999999979627,115.48686048716365,0.011548686048739893,1,0,0,0,0,0,clean_or_minor
TP_0907,10000.000000001819,0.0,0.0,0,0,0,0,0,0,clean_or_minor
TP_0908,10000.000000022555,362.39923158641756,0.03623992315856001,1,0,0,0,0,0,moderate_confounding
TP_0909,10000.000000044565,279.26621423623396,0.02792662142349894,3,0,0,0,0,0,moderate_confounding
TP_0910,9999.999999930878,2889.2342979532496,0.28892342979732205,0,3,0,0,0,0,major_confounding
TP_0911,10000.000000029468,0.0,0.0,0,0,0,0,0,0,clean_or_minor
TP_0912,9999.999999984175,130.82331561455123,0.013082331561475827,1,0,0,0,0,0,clean_or_minor
TP_0913,10000.00000001346,0.0,0.0,0,0,0,0,0,0,clean_or_minor
TP_0914,10000.000000032014,5.340814210020035,0.0005340814210002937,0,1,0,0,0,0,clean_or_minor
TP_0915,9999.999999981446,9716.52796461644,0.9716527964634468,0,28,0,0,0,0,major_confounding
TP_0916,9999.99999993397,15431.357682430405,1.0,0,37,0,0,0,0,major_confounding
TP_0917,10000.000000102773,1922.1579905651065,0.1922157990545352,0,13,0,0,0,0,major_confounding
TP_0918,9999.999999919783,1115.7931981268362,0.11157931981357867,0,1,0,0,0,0,major_confounding
TP_0919,10000.000000012005,0.0,0.0,0,0,0,0,0,0,clean_or_minor
TP_0920,9999.999999968895,0.0,0.0,0,0,0,0,0,0,clean_or_minor
TP_0921,10000.000000067303,0.0,0.0,0,0,0,0,0,0,clean_or_minor
TP_0922,9999.99999994634,0.0,0.0,0,0,0,0,0,0,clean_or_minor
TP_0923,9999.999999964712,37.29531244620521,0.0037295312446336817,0,0,0,1,0,0,clean_or_minor
TP_0924,10000.000000056752,0.0,0.0,0,0,0,0,0,0,clean_or_minor
TP_0925,10000.00000007767,0.0,0.0,0,0,0,0,0,0,clean_or_minor
TP_0926,9999.99999995689,0.0,0.0,0,0,0,0,0,0,clean_or_minor
TP_0927,9999.999999981628,0.0,0.0,0,0,0,0,0,0,clean_or_minor
TP_0928,10000.000000077489,0.0,0.0,0,0,0,0,0,0,clean_or_minor
TP_0929,10000.000000203181,31.55165814015505,0.003155165813951398,1,0,0,0,0,0,clean_or_minor
TP_0930,9999.999999872853,1.9869408954919279,0.00019869408955171914,0,0,0,1,0,0,clean_or_minor
TP_0931,10000.000000038017,67.49965397760553,0.006749965397734892,0,0,0,1,0,0,clean_or_minor
TP_0932,9999.999999924148,0.0,0.0,0,0,0,0,0,0,clean_or_minor
TP_0933,10000.000000096406,0.0,0.0,0,0,0,0,0,0,clean_or_minor
TP_0934,9999.999999906868,47.1579895229559,0.0047157989523395095,1,0,0,0,0,0,clean_or_minor
TP_0935,9999.99999999909,0.0,0.0,0,0,0,0,0,0,clean_or_minor
TP_0936,9999.999999891952,300.0493301884895,0.030004933019173147,1,0,0,0,0,0,moderate_confounding
TP_0937,10000.000000068394,338.26054538601664,0.033826054538370315,7,0,0,0,0,0,moderate_confounding
TP_0938,9999.999999956526,195.20274345509526,0.019520274345594387,3,0,0,0,0,0,clean_or_minor
TP_0939,10000.00000004893,3056.0429183381557,0.30560429183232024,1,8,0,0,0,0,major_confounding
TP_0940,9999.999999999454,841.1222050502505,0.08411222050502964,0,5,0,0,0,0,moderate_confounding
TP_0941,9999.99999996071,494.35897769327573,0.04943589776952181,4,0,0,0,0,0,moderate_confounding
TP_0942,10000.000000054206,1.8788212382232798,0.00018788212382130954,1,0,0,0,0,0,clean_or_minor
TP_0943,10000.000000076216,5416.588659993623,0.541658865995234,0,10,0,0,0,0,major_confounding
TP_0944,9999.999999962529,11349.115635284548,1.0,0,21,0,0,0,0,major_confounding
TP_0945,9999.999999988177,7384.182697196407,0.7384182697205138,0,14,0,0,0,0,major_confounding
TP_0946,10000.00000001237,5687.036342133706,0.5687036342126671,0,8,0,0,0,0,major_confounding
TP_0947,9999.999999961074,43.71342706601639,0.004371342706618655,0,1,0,0,0,0,clean_or_minor
TP_0948,10000.000000052569,1355.371846208307,0.1355371846201182,0,0,2,0,0,0,major_confounding
TP_0949,10000.000000008367,0.0,0.0,0,0,0,0,0,0,clean_or_minor
TP_0950,10000.000000031832,0.0,0.0,0,0,0,0,0,0,clean_or_minor
TP_0951,9999.999999908505,0.0,0.0,0,0,0,0,0,0,clean_or_minor
TP_0952,10000.000000073123,108.20645494966556,0.010820645494887432,0,0,0,1,0,0,clean_or_minor
TP_0953,9999.999999952888,0.0,0.0,0,0,0,0,0,0,clean_or_minor
TP_0954,9999.999999973988,0.0,0.0,0,0,0,0,0,0,clean_or_minor
TP_0955,10000.000000073487,0.0,0.0,0,0,0,0,0,0,clean_or_minor
TP_0956,10000.000000023283,0.0,0.0,0,0,0,0,0,0,clean_or_minor
TP_0957,9999.999999969805,0.0,0.0,0,0,0,0,0,0,clean_or_minor
TP_0958,10000.000000101863,85.82978237539885,0.008582978237452455,1,0,0,0,0,0,clean_or_minor
TP_0959,9999.999999920692,82.35995954594429,0.008235995954659747,0,0,0,1,0,0,clean_or_minor
TP_0960,10000.000000083855,16.324024485665674,0.001632402448552879,0,0,0,1,0,0,clean_or_minor
TP_0961,9999.999999971078,5.308844109410329,0.0005308844109425684,1,0,0,0,0,0,clean_or_minor
TP_0962,9999.999999999636,0.0,0.0,0,0,0,0,0,0,clean_or_minor
TP_0963,9999.999999956162,102.80321748832115,0.010280321748877181,2,0,0,0,0,0,clean_or_minor
TP_0964,10000.00000005366,145.27526675378346,0.014527526675300391,3,0,0,0,0,0,clean_or_minor
TP_0965,9999.999999865031,313.13015763698763,0.03131301576412139,4,0,0,0,0,0,moderate_confounding
TP_0966,10000.000000035288,55.941172350341375,0.005594117235014397,2,0,0,0,0,0,clean_or_minor
TP_0967,9999.999999986176,223.56731261302644,0.02235673126133355,3,0,0,0,0,0,moderate_confounding
TP_0968,10000.00000001237,647.1373006127733,0.06471373006119728,11,0,0,1,0,0,moderate_confounding
TP_0969,9999.999999971806,3547.6471741896644,0.3547647174199667,1,3,0,1,0,0,major_confounding
TP_0970,10000.000000061664,1054.8327101476257,0.10548327101411212,1,1,0,0,0,0,major_confounding
TP_0971,10000.000000016917,1576.3471421104045,0.1576347142107738,0,5,0,0,0,0,major_confounding
TP_0972,9999.999999973625,8379.613800330575,0.8379613800352677,0,14,0,0,0,0,major_confounding
TP_0973,9999.999999999454,8638.805627633921,0.8638805627634393,0,29,0,0,0,0,major_confounding
TP_0974,10000.000000027285,7421.723541071515,0.7421723541051265,0,11,0,0,0,0,major_confounding
TP_0975,10000.000000045293,520.2141895635873,0.05202141895612311,0,2,0,0,0,0,moderate_confounding
TP_0976,9999.99999993197,0.0,0.0,0,0,0,0,0,0,clean_or_minor
TP_0977,10000.000000105138,1624.964873086928,0.16249648730698435,0,0,2,0,0,0,major_confounding
TP_0978,9999.99999991087,0.0,0.0,0,0,0,0,0,0,clean_or_minor
TP_0979,10000.000000001819,0.0,0.0,0,0,0,0,0,0,clean_or_minor
TP_0980,9999.99999995398,0.0,0.0,0,0,0,0,0,0,clean_or_minor
TP_0981,10000.00000012078,0.0,0.0,0,0,0,0,0,0,clean_or_minor
TP_0982,9999.999999935426,0.0,0.0,0,0,0,0,0,0,clean_or_minor
TP_0983,10000.000000027467,0.0,0.0,0,0,0,0,0,0,clean_or_minor
TP_0984,9999.999999975807,0.0,0.0,0,0,0,0,0,0,clean_or_minor
TP_0985,10000.000000068394,0.0,0.0,0,0,0,0,0,0,clean_or_minor
TP_0986,9999.999999880856,0.0,0.0,0,0,0,0,0,0,clean_or_minor
